channel,spend,mean,lower_5,upper_95
channel_1,0.0,0.0,0.0,0.0
channel_1,255407.901010101,833.2275166995719,686.5623992600886,975.5297593933085
channel_1,510815.802020202,835.1797173682339,690.2616031849246,976.0143550445861
channel_1,766223.703030303,836.0501758508653,690.2819739001715,976.880655909779
channel_1,1.021631604040404e6,836.5819069180569,692.750293755352,976.8957220362485
channel_1,1.277039505050505e6,836.9558654371756,692.8192162165828,976.8988728042455
channel_1,1.532447406060606e6,837.2402588878786,692.8192162165828,976.899535617197
channel_1,1.787855307070707e6,837.4674251375804,693.0158749042228,976.8996755848184
channel_1,2.043263208080808e6,837.6550538702193,694.6120556154833,976.8997052338775
channel_1,2.298671109090909e6,837.813824012167,694.6873339855658,976.8997115320127
channel_1,2.55407901010101e6,837.950659628923,695.6325672347732,976.8997128734077
channel_1,2.809486911111111e6,838.070296442895,696.6046801175835,976.8997131598155
channel_1,3.064894812121212e6,838.1761094554168,697.414216781453,976.8997132211125
channel_1,3.320302713131313e6,838.2705839944648,698.091705483887,976.8997132342605
channel_1,3.575710614141414e6,838.3556001810903,698.5633342958561,976.8997132370866
channel_1,3.831118515151515e6,838.4326129980941,698.6076999668342,976.8997132376952
channel_1,4.086526416161616e6,838.5027706595537,698.6502340442859,976.8997132378265
channel_1,4.341934317171717e6,838.5669948671788,698.6911174639365,976.8997132378549
channel_1,4.597342218181818e6,838.6260366627196,698.7305060201089,976.8997132378611
channel_1,4.852750119191919e6,838.6805161839214,698.77091264622,976.8997132378624
channel_1,5.10815802020202e6,838.7309515328888,698.77091264622,976.8997132378627
channel_1,5.363565921212121e6,838.7777801168863,698.77091264622,976.8997132378628
channel_1,5.618973822222222e6,838.8213746821312,698.77091264622,976.8997132378628
channel_1,5.874381723232323e6,838.8620555395806,698.77091264622,976.8997132378628
channel_1,6.129789624242424e6,838.9001000140711,698.77091264622,976.8997132378628
channel_1,6.385197525252525e6,838.9357498388191,698.77091264622,976.8997132378628
channel_1,6.640605426262626e6,838.9692170088281,698.77091264622,976.8997132378628
channel_1,6.896013327272727e6,839.0006884638699,698.77091264622,976.8997132378628
channel_1,7.151421228282828e6,839.0303298722273,698.77091264622,976.8997132378628
channel_1,7.406829129292929e6,839.058288716086,698.77091264622,976.8997132378628
channel_1,7.66223703030303e6,839.0846968291287,698.77091264622,976.9737457311847
channel_1,7.917644931313131e6,839.1096725003638,698.77091264622,977.40448047452
channel_1,8.173052832323232e6,839.133322231433,698.77091264622,977.8071923716786
channel_1,8.428460733333332e6,839.1557422147611,698.77091264622,977.8312340721645
channel_1,8.683868634343434e6,839.1770195850306,698.77091264622,977.8497959357461
channel_1,8.939276535353536e6,839.1972334851989,698.77091264622,977.8671808551558
channel_1,9.194684436363636e6,839.216455979695,698.77091264622,977.8726481092525
channel_1,9.450092337373737e6,839.2347528408309,698.77091264622,977.8726481092525
channel_1,9.705500238383839e6,839.2521842293426,698.77091264622,977.8726481092525
channel_1,9.960908139393939e6,839.2688052859968,698.77091264622,978.3280026249267
channel_1,1.021631604040404e7,839.2846666480456,698.77091264622,978.8760093783376
channel_1,1.0471723941414142e7,839.2998149018407,698.77091264622,979.0515711573242
channel_1,1.0727131842424242e7,839.3142929809386,698.77091264622,979.2620110914465
channel_1,1.0982539743434343e7,839.3281405174349,698.77091264622,979.739556762054
channel_1,1.1237947644444443e7,839.3413941529996,698.77091264622,980.2003864332597
channel_1,1.1493355545454545e7,839.3540878150343,698.77091264622,980.640874224867
channel_1,1.1748763446464647e7,839.3662529625324,698.77091264622,981.0551169354626
channel_1,1.2004171347474746e7,839.3779188055224,698.77091264622,981.454894658353
channel_1,1.2259579248484848e7,839.389112501402,698.77091264622,981.8408297870494
channel_1,1.251498714949495e7,839.3998593309931,698.77091264622,982.052630916627
channel_1,1.277039505050505e7,839.4101828567425,698.77091264622,982.1999909186736
channel_1,1.3025802951515151e7,839.4201050651726,698.77091264622,982.3390906650344
channel_1,1.3281210852525253e7,839.4296464953879,698.77091264622,982.4704220106456
channel_1,1.3536618753535353e7,839.4388263552154,698.77091264622,982.5944452719189
channel_1,1.3792026654545454e7,839.4476626263532,698.77091264622,982.7115915081328
channel_1,1.4047434555555556e7,839.4561721597222,698.77091264622,982.8222646044073
channel_1,1.4302842456565656e7,839.4643707620728,698.77091264622,982.9268431775431
channel_1,1.4558250357575757e7,839.4722732747699,698.77091264622,983.0256823233248
channel_1,1.4813658258585857e7,839.4798936455675,698.77091264622,983.1191152215713
channel_1,1.5069066159595959e7,839.4872449940898,698.77091264622,983.2074546132164
channel_1,1.532447406060606e7,839.494339671655,698.77091264622,983.2909941619739
channel_1,1.557988196161616e7,839.5011893159987,698.77091264622,983.3700097116546
channel_1,1.5835289862626262e7,839.507804901403,698.77091264622,983.4447604489026
channel_1,1.6090697763636364e7,839.5141967846698,698.77091264622,983.5154899800012
channel_1,1.6346105664646463e7,839.5203747473348,698.77091264622,983.5824273294251
channel_1,1.6601513565656565e7,839.5263480344796,698.77091264622,983.6457878669663
channel_1,1.6856921466666665e7,839.532125390451,698.77091264622,983.7057741695297
channel_1,1.711232936767677e7,839.5377150917765,698.77091264622,983.7625768230465
channel_1,1.736773726868687e7,839.5431249775266,698.77091264622,983.8163751693926
channel_1,1.7623145169696968e7,839.5483624773509,698.77091264622,983.8673380027088
channel_1,1.787855307070707e7,839.5534346373967,698.77091264622,983.9156242190822
channel_1,1.813396097171717e7,839.5583481442907,698.77091264622,983.9613834231743
channel_1,1.838936887272727e7,839.5631093473519,698.77091264622,984.0047564950382
channel_1,1.8644776773737375e7,839.5677242791869,698.77091264622,984.045876120077
channel_1,1.8900184674747474e7,839.5721986748027,698.77091264622,984.0848672848249
channel_1,1.9155592575757574e7,839.5765379893585,698.77091264622,984.1136438630828
channel_1,1.9411000476767678e7,839.5807474146712,698.77091264622,984.1404914912258
channel_1,1.9666408377777778e7,839.5848318945727,698.77091264622,984.1657817993298
channel_1,1.9921816278787877e7,839.5887961392139,698.77091264622,984.1896056803542
channel_1,2.017722417979798e7,839.5926446383946,698.77091264622,984.2120486695142
channel_1,2.043263208080808e7,839.5963816740018,698.77091264622,984.2331912655529
channel_1,2.068803998181818e7,839.6000113316184,698.77091264622,984.2531092321218
channel_1,2.0943447882828284e7,839.6035375113717,698.77091264622,984.2718738805786
channel_1,2.1198855783838384e7,839.6069639380755,698.77091264622,984.2895523354214
channel_1,2.1454263684848484e7,839.6102941707218,698.77091264622,984.3062077834796
channel_1,2.1709671585858583e7,839.6135316113666,698.77091264622,984.3218997079103
channel_1,2.1965079486868687e7,839.6166795134586,698.77091264622,984.3366841079695
channel_1,2.2220487387878787e7,839.6197409896466,698.77091264622,984.3506137054584
channel_1,2.2475895288888887e7,839.6227190191073,698.77091264622,984.3637381386906
channel_1,2.273130318989899e7,839.6256164544246,698.77091264622,984.3761041447589
channel_1,2.298671109090909e7,839.6284360280539,698.77091264622,984.3877557308338
channel_1,2.324211899191919e7,839.6311803583972,698.77091264622,984.3987343351754
channel_1,2.3497526892929293e7,839.6338519555222,698.77091264622,984.4090789784968
channel_1,2.3752934793939393e7,839.6364532265404,698.77091264622,984.4188264062702
channel_1,2.4008342694949493e7,839.6389864806766,698.77091264622,984.4280112225356
channel_1,2.4263750595959596e7,839.6414539340437,698.77091264622,984.4366660157314
channel_1,2.4519158496969696e7,839.6438577141457,698.77091264622,984.4448214770325
channel_1,2.4774566397979796e7,839.646199864126,698.77091264622,984.4525065116547
channel_1,2.50299742989899e7,839.648482346777,698.77091264622,984.4597483435487
channel_1,2.52853822e7,839.6507070483274,698.77091264622,984.4665726138873
channel_2,0.0,0.0,0.0,0.0
channel_2,206868.67070707073,810.3881429359832,648.8762754227981,961.0930803675593
channel_2,413737.34141414147,812.6872342596769,651.4459117889309,965.2465282703413
channel_2,620606.0121212122,813.6929471307323,653.387140432483,965.3715245957845
channel_2,827474.6828282829,814.2765638298912,653.3883046498615,968.245494242039
channel_2,1.0343433535353537e6,814.666434290537,653.3884454817294,968.3783296808914
channel_2,1.2412120242424244e6,814.9493008204789,653.3884627485302,968.4097703153475
channel_2,1.4480806949494951e6,815.1658559812437,653.3884648750397,971.2028014476568
channel_2,1.6549493656565659e6,815.3380595552479,653.3884651373044,972.8540264686458
channel_2,1.8618180363636366e6,815.4789489226844,653.3884651696641,973.1946183977678
channel_2,2.0686867070707073e6,815.5968088752514,653.3884651736573,973.2428214230723
channel_2,2.275555377777778e6,815.6971807955856,653.3884651741502,973.2517903144087
channel_2,2.482424048484849e6,815.7839240863782,653.388465174211,973.2565865604403
channel_2,2.6892927191919195e6,815.8598168295088,653.3884651742185,973.2565865604403
channel_2,2.8961613898989903e6,815.9269144007079,653.3884651742194,973.2565865604403
channel_2,3.103030060606061e6,815.9867731172458,653.3995447505017,973.2565865604403
channel_2,3.3098987313131317e6,816.0405949311647,653.439158257053,973.2565865604403
channel_2,3.5167674020202025e6,816.0893240478615,653.4734459990618,973.2565865604403
channel_2,3.723636072727273e6,816.1337132463448,654.0323506608354,973.2565865604403
channel_2,3.930504743434344e6,816.1743705187226,654.5269031207699,973.2565865604403
channel_2,4.1373734141414147e6,816.2117925785714,654.9606117157147,973.2565865604403
channel_2,4.344242084848485e6,816.2463893960876,655.3425476273696,973.2565865604403
channel_2,4.551110755555556e6,816.278502468515,655.6802268512735,973.2565865604403
channel_2,4.757979426262626e6,816.3084186317732,655.9798944039397,973.2565865604403
channel_2,4.964848096969698e6,816.336380643134,656.2467570693633,973.2565865604403
channel_2,5.171716767676768e6,816.3625953887229,656.4411679694987,973.2565865604403
channel_2,5.378585438383839e6,816.3872403190072,656.4411679694987,973.2565865604403
channel_2,5.585454109090909e6,816.4104685452226,656.4411679694987,973.2565865604403
channel_2,5.792322779797981e6,816.4324129120569,656.4411679694987,973.2565865604403
channel_2,5.999191450505051e6,816.4531892793162,656.4411679694987,973.2565865604403
channel_2,6.206060121212122e6,816.4728991864257,656.4411679694987,973.2565865604403
channel_2,6.412928791919192e6,816.4916320310952,656.4411679694987,973.2565865604403
channel_2,6.6197974626262635e6,816.5094668623817,656.4411679694987,973.2565865604403
channel_2,6.826666133333334e6,816.5264738653615,656.4411679694987,973.2565865604403
channel_2,7.033534804040405e6,816.5427155974222,656.4411679694987,973.2565865604403
channel_2,7.240403474747475e6,816.5582480231878,656.4411679694987,973.2565865604403
channel_2,7.447272145454546e6,816.5731213851889,656.4411679694987,973.2565865604403
channel_2,7.654140816161617e6,816.58738093978,656.4411679694987,973.2565865604403
channel_2,7.861009486868688e6,816.6010675819103,656.4411679694987,973.2565865604403
channel_2,8.067878157575758e6,816.6142183777546,656.4411679694987,973.2565865604403
channel_2,8.274746828282829e6,816.6268670205981,656.4411679694987,973.2565865604403
channel_2,8.4816154989899e6,816.6390442225094,656.4411679694987,973.2565865604403
channel_2,8.68848416969697e6,816.650778052057,656.4411679694987,973.2565865604403
channel_2,8.895352840404041e6,816.6620942265125,656.4411679694987,973.2565865604403
channel_2,9.102221511111112e6,816.6730163655074,656.4411679694987,973.2565865604403
channel_2,9.309090181818184e6,816.6835662119308,656.4411679694987,973.2565865604403
channel_2,9.515958852525253e6,816.6937638248934,656.4411679694987,973.2565865604403
channel_2,9.722827523232324e6,816.7036277487823,656.4411679694987,973.2565865604403
channel_2,9.929696193939395e6,816.7131751618025,656.4411679694987,973.2565865604403
channel_2,1.0136564864646466e7,816.722422006855,656.4411679694987,973.2565865604403
channel_2,1.0343433535353536e7,816.731383107161,656.4411679694987,973.2565865604403
channel_2,1.0550302206060607e7,816.7400722686865,656.4411679694987,973.2565865604403
channel_2,1.0757170876767678e7,816.7485023710982,656.4411679694987,973.2565865604403
channel_2,1.096403954747475e7,816.7566854487454,656.4411679694987,973.2565865604403
channel_2,1.1170908218181819e7,816.7646327629326,656.4411679694987,973.2565865604403
channel_2,1.137777688888889e7,816.7723548665734,656.4411679694987,973.2565865604403
channel_2,1.1584645559595961e7,816.7798616621676,656.4411679694987,973.2565865604403
channel_2,1.1791514230303032e7,816.7871624539029,656.4411679694987,973.2565865604403
channel_2,1.1998382901010102e7,816.7942659945863,656.4411679694987,973.2565865604403
channel_2,1.2205251571717173e7,816.8011805280067,656.4411679694987,973.2565865604403
channel_2,1.2412120242424244e7,816.8079138272535,656.4411679694987,973.2565865604403
channel_2,1.2618988913131315e7,816.8144732294514,656.4411679694987,973.2565865604403
channel_2,1.2825857583838385e7,816.8208656673072,656.4411679694987,973.2565865604403
channel_2,1.3032726254545456e7,816.827097697817,656.4411679694987,973.2565865604403
channel_2,1.3239594925252527e7,816.8331755284414,656.4411679694987,973.2565865604403
channel_2,1.3446463595959598e7,816.8391050410127,656.4495989493005,973.2565865604403
channel_2,1.3653332266666668e7,816.8448918136108,656.4584731470211,973.2565865604403
channel_2,1.3860200937373739e7,816.8505411406164,656.4670393960358,973.2565865604403
channel_2,1.406706960808081e7,816.8560580511217,656.4753106036401,973.2565865604403
channel_2,1.4273938278787881e7,816.8614473258623,656.4832990810514,973.2565865604403
channel_2,1.448080694949495e7,816.8667135128115,656.4910165704359,973.2565865604403
channel_2,1.4687675620202022e7,816.8718609415677,656.4984742709377,973.2565865604403
channel_2,1.4894544290909093e7,816.876893736643,656.5056828637194,973.2565865604403
channel_2,1.5101412961616164e7,816.8818158297582,656.5126525360245,973.2565865604403
channel_2,1.5308281632323233e7,816.8866309712319,656.5193930042772,973.2565865604403
channel_2,1.5515150303030305e7,816.8913427405442,656.5259135362353,973.2565865604403
channel_2,1.5722018973737376e7,816.8959545561472,656.5322229722186,973.2565865604403
channel_2,1.5928887644444447e7,816.9004696845874,656.5383297454315,973.2565865604403
channel_2,1.6135756315151516e7,816.9048912489977,656.5442419014071,973.2565865604403
channel_2,1.6342624985858588e7,816.9092222370111,656.5499671165933,973.2565865604403
channel_2,1.6549493656565659e7,816.9134655081444,656.5555127161114,973.2565865604403
channel_2,1.675636232727273e7,816.9176238006922,656.5608856907089,973.2565865604403
channel_2,1.69632309979798e7,816.9216997381725,656.5660927129377,973.2565865604403
channel_2,1.717009966868687e7,816.9256958353576,656.5711401525823,973.2565865604403
channel_2,1.737696833939394e7,816.9296145039225,656.5760340913664,973.2565865604403
channel_2,1.7583837010101013e7,816.933458057738,656.5807803369661,973.2565865604403
channel_2,1.7790705680808082e7,816.9372287178383,656.5853844363544,973.2565865604403
channel_2,1.7997574351515155e7,816.9409286170835,656.5898516885067,973.2565865604403
channel_2,1.8204443022222225e7,816.9445598045415,656.5941871564918,973.2565865604403
channel_2,1.8411311692929294e7,816.9481242496074,656.6173611450631,973.2565865604403
channel_2,1.8618180363636367e7,816.9516238458814,656.6949989865337,973.2565865604403
channel_2,1.8825049034343436e7,816.9550604148192,656.7703967629774,973.2565865604403
channel_2,1.9031917705050506e7,816.9584357091713,656.8436348247926,973.2565865604403
channel_2,1.923878637575758e7,816.9617514162284,656.914790030653,973.2565865604403
channel_2,1.9445655046464648e7,816.9650091608798,656.9736954690062,973.2565865604403
channel_2,1.965252371717172e7,816.9682105085044,656.9736954690062,973.2565865604403
channel_2,1.985939238787879e7,816.9713569676984,656.9736954690062,973.2565865604403
channel_2,2.006626105858586e7,816.9744499928563,656.9736954690062,973.2565865604403
channel_2,2.0273129729292933e7,816.9774909866088,656.9736954690062,973.2565865604403
channel_2,2.0479998400000002e7,816.9804813021323,656.9736954690062,973.2565865604403
channel_3,0.0,0.0,0.0,0.0
channel_3,137373.75084161616,783.5045287195273,625.0350497386252,939.4097627052612
channel_3,274747.5016832323,785.9287729067079,630.2869038412199,939.4098149611842
channel_3,412121.25252484845,787.0265984851872,631.9916567439502,941.6027754229243
channel_3,549495.0033664646,787.7183543905427,632.5254011214847,949.712106332347
channel_3,686868.7542080808,788.2144035048324,632.5254013146473,949.9267774781105
channel_3,824242.5050496969,788.5937401374505,632.5254013166184,951.1167732266592
channel_3,961616.2558913131,788.894987652222,632.5254013166389,951.1167732266592
channel_3,1.0989900067329293e6,789.140300123708,632.5288510887889,951.1167732266592
channel_3,1.2363637575745455e6,789.3437730849183,632.9233230178519,952.9045552440577
channel_3,1.3737375084161616e6,789.5150173714296,633.2784767134292,954.1786527858765
channel_3,1.5111112592577776e6,789.6609010441699,633.3785674920789,954.2352409501161
channel_3,1.6484850100993938e6,789.7864951843377,633.3785674920789,954.2352409501161
channel_3,1.78585876094101e6,789.8956336233246,633.3785674920789,954.2352409501161
channel_3,1.9232325117826262e6,789.9912672978749,633.3785674920789,954.2352409501161
channel_3,2.0606062626242423e6,790.0757004201351,633.3785674920789,954.2352409501161
channel_3,2.1979800134658585e6,790.1507540645442,633.3785674920789,954.2352409501161
channel_3,2.3353537643074747e6,790.2178827920482,633.3785674920789,954.2352409501161
channel_3,2.472727515149091e6,790.2782596266544,633.3785674920789,954.2352409501161
channel_3,2.610101265990707e6,790.33283902637,633.3785674920789,954.2352409501161
channel_3,2.7474750168323233e6,790.3824041795947,633.3785674920789,954.2352409501161
channel_3,2.8848487676739395e6,790.4276029250988,633.3785674920789,954.2352409501161
channel_3,3.022222518515555e6,790.4689752912802,633.3785674920789,954.2352409501161
channel_3,3.1595962693571714e6,790.5069747864127,633.3785674920789,954.2352409501161
channel_3,3.2969700201987876e6,790.5419849821294,633.3785674920789,954.2352409501161
channel_3,3.4343437710404037e6,790.574332521018,633.3785674920789,954.2352409501161
channel_3,3.57171752188202e6,790.6042973868078,633.3785674920789,954.2352409501161
channel_3,3.709091272723636e6,790.6321210646797,633.3785674920789,954.2352409501161
channel_3,3.8464650235652523e6,790.6580130651444,633.3785674920789,954.2352409501161
channel_3,3.9838387744068685e6,790.6821561712082,633.3785674920789,954.2352409501161
channel_3,4.1212125252484847e6,790.7047106838802,633.3785674920789,954.2352409501161
channel_3,4.2585862760901e6,790.7258178775417,633.3785674920789,954.2352409501161
channel_3,4.395960026931717e6,790.7456028287279,633.3785674920789,954.2352409501161
channel_3,4.533333777773333e6,790.7641767454169,633.3785674920789,954.2352409501161
channel_3,4.670707528614949e6,790.7816388960716,633.3785674920789,954.2352409501161
channel_3,4.808081279456565e6,790.7980782163118,633.3785674920789,954.2352409501161
channel_3,4.945455030298182e6,790.8135746545905,633.3785674920789,954.2352409501161
channel_3,5.0828287811397975e6,790.8282003054879,633.3785674920789,954.2520749158333
channel_3,5.220202531981414e6,790.8420203692814,633.3785674920789,954.3915847702774
channel_3,5.35757628282303e6,790.8550939686932,633.3785674920789,954.5193514952206
channel_3,5.494950033664647e6,790.8674748476143,633.3785674920789,954.6363791066256
channel_3,5.632323784506262e6,790.8792119718047,633.3785674920789,954.7435824450989
channel_3,5.769697535347879e6,790.8903500477718,633.3785674920789,954.8417958870772
channel_3,5.907071286189495e6,790.9009299730105,633.3785674920789,954.9317810215691
channel_3,6.04444503703111e6,790.9109892283803,633.3785674920789,955.0142334532018
channel_3,6.181818787872727e6,790.9205622214758,633.3785674920789,955.0897888611281
channel_3,6.319192538714343e6,790.9296805882858,633.3785674920789,955.1590284189591
channel_3,6.456566289555959e6,790.9383734591977,633.3785674920789,955.2224836617166
channel_3,6.593940040397575e6,790.9466676943828,633.3785674920789,955.2806408707117
channel_3,6.731313791239192e6,790.9545880927744,633.3785674920789,955.3339450352998
channel_3,6.8686875420808075e6,790.9621575781791,633.3785674920789,955.3828034409472
channel_3,7.006061292922424e6,790.9693973655044,633.3785674920789,955.4275889254408
channel_3,7.14343504376404e6,790.9763271096323,633.3785674920789,955.4686428389346
channel_3,7.2808087946056565e6,790.9829650390916,633.3785674920789,955.5062777385444
channel_3,7.418182545447272e6,790.9893280763665,633.3785674920789,955.5407798441457
channel_3,7.555556296288889e6,790.9954319464176,633.3785674920789,955.5724112786529
channel_3,7.692930047130505e6,791.0012912747767,633.3785674920789,955.6014121132796
channel_3,7.83030379797212e6,791.0069196763845,633.3785674920789,955.6280022359184
channel_3,7.967677548813737e6,791.0123298361965,633.3785674920789,955.6523830588012
channel_3,8.105051299655353e6,791.0175335824374,633.3785674920789,955.6747390798844
channel_3,8.242425050496969e6,791.0225419532845,633.3785674920789,955.6952393109506
channel_3,8.379798801338585e6,791.0273652576562,633.3785674920789,955.7140385841269
channel_3,8.5171725521802e6,791.032013130707,633.3785674920789,955.7312787474092
channel_3,8.654546303021818e6,791.0364945845502,633.3785674920789,955.7470897587863
channel_3,8.791920053863434e6,791.0408180546818,633.3785674920789,955.7615906876862
channel_3,8.92929380470505e6,791.0449914425142,633.3785674920789,955.7748906316772
channel_3,9.066667555546666e6,791.0490221543878,633.3785674920789,955.7870895556538
channel_3,9.204041306388283e6,791.0529171373922,633.3785674920789,955.7982790601052
channel_3,9.341415057229899e6,791.0566829122862,633.3785674920789,955.8085430844912
channel_3,9.478788808071515e6,791.0603256037801,633.3785674920789,955.8179585512263
channel_3,9.61616255891313e6,791.063850968417,633.3785674920789,955.8265959553075
channel_3,9.753536309754746e6,791.0672644202649,633.3785674920789,955.8345199041851
channel_3,9.890910060596364e6,791.0705710546056,633.3785674920789,955.8417896120887
channel_3,1.002828381143798e7,791.0737756698022,633.3785674920789,955.8484593526618
channel_3,1.0165657562279595e7,791.07688278749,633.3785674920789,955.8545788734286
channel_3,1.030303131312121e7,791.0798966712395,633.3785674920789,955.8601937753241
channel_3,1.0440405063962828e7,791.0828213438149,633.3785674920789,955.8653458602381
channel_3,1.0577778814804444e7,791.085660603146,633.3785674920789,955.8700734492817
channel_3,1.071515256564606e7,791.0884180371185,633.3785674920789,955.8744116742478
channel_3,1.0852526316487676e7,791.0910970372769,633.3785674920789,955.8783927445352
channel_3,1.0989900067329293e7,791.09370081153,633.3785674920789,955.8820461916071
channel_3,1.1127273818170909e7,791.0962323959372,633.3785674920789,955.8853990928878
channel_3,1.1264647569012525e7,791.0986946656468,633.3785674920789,955.8884762768298
channel_3,1.140202131985414e7,791.1010903450563,633.3785674920789,955.8913005107469
channel_3,1.1539395070695758e7,791.1034220172522,633.3785674920789,955.8938926728669
channel_3,1.1676768821537374e7,791.1056921327863,633.3785674920789,955.8962719099376
channel_3,1.181414257237899e7,791.1079030178392,633.3785674920789,955.8984557816053
channel_3,1.1951516323220605e7,791.1100568818188,633.3785674920789,955.9004603926834
channel_3,1.208889007406222e7,791.1121558244331,633.3785674920789,955.9023005143306
channel_3,1.2226263824903838e7,791.1142018422827,633.3785674920789,955.9039896950775
channel_3,1.2363637575745454e7,791.1161968350017,633.3785674920789,955.9055403625537
channel_3,1.250101132658707e7,791.1181426109877,633.3785674920789,955.9069639167014
channel_3,1.2638385077428686e7,791.1200408927449,633.3785674920789,955.9082708151924
channel_3,1.2775758828270303e7,791.1218933218743,633.3785674920789,955.9094706517025
channel_3,1.2913132579111919e7,791.1237014637311,633.3785674920789,955.9105722276482
channel_3,1.3050506329953535e7,791.1254668117782,633.3785674920789,955.9115836179313
channel_3,1.318788008079515e7,791.1271907916552,633.3785674920789,955.9125122311976
channel_3,1.3325253831636768e7,791.1288747649833,633.3785674920789,955.9133648650694
channel_3,1.3462627582478384e7,791.1305200329263,633.3785674920789,955.9141477567738
channel_3,1.360000133332e7,791.132127839522,633.3785674920789,955.9148666295533
channel_4,0.0,0.0,0.0,0.0
channel_4,273132.0046111111,857.5770697313365,697.1766272775395,1023.6923610101302
channel_4,546264.0092222221,859.2052357475425,700.4455421483151,1025.8599519474642
channel_4,819396.0138333333,859.9211590116223,700.4455421483151,1025.8599519496934
channel_4,1.0925280184444443e6,860.3556871401518,700.5956761950965,1025.8599519496934
channel_4,1.3656600230555555e6,860.6558997873391,701.0479880658022,1025.8599519496934
channel_4,1.6387920276666665e6,860.8781659859018,701.0479880658022,1028.0111345501723
channel_4,1.9119240322777776e6,861.0502990896747,701.0479880658022,1028.189404676628
channel_4,2.1850560368888886e6,861.187997463565,701.0479880658022,1029.2210770029092
channel_4,2.4581880415e6,861.3009018689303,701.0479880658022,1032.3188034136272
channel_4,2.731320046111111e6,861.395307239934,701.0479880658022,1034.9650348714686
channel_4,3.004452050722222e6,861.4755246136195,701.0479880658022,1036.2783057005079
channel_4,3.277584055333333e6,861.5446201042339,701.0479880658022,1036.312310004655
channel_4,3.5507160599444443e6,861.6048408405018,701.0479880658022,1036.312310004655
channel_4,3.823848064555555e6,861.6578735142233,701.0479880658022,1036.312310004655
channel_4,4.0969800691666664e6,861.7050086563934,701.0479880658022,1036.312310004655
channel_4,4.370112073777777e6,861.7472492771158,701.0479880658022,1036.312310004655
channel_4,4.643244078388888e6,861.7853852208523,701.0479880658022,1036.312310004655
channel_4,4.916376083e6,861.8200455414416,701.0479880658022,1036.312310004655
channel_4,5.189508087611111e6,861.8517362783115,701.0479880658022,1036.312310004655
channel_4,5.462640092222222e6,861.8808682345958,701.0479880658022,1036.312310004655
channel_4,5.735772096833332e6,861.9077777283077,701.0479880658022,1036.312310004655
channel_4,6.008904101444444e6,861.9327422975288,701.0479880658022,1036.312310004655
channel_4,6.282036106055555e6,861.9559927175577,701.0479880658022,1036.312310004655
channel_4,6.555168110666666e6,861.9777222830377,701.0479880658022,1036.312310004655
channel_4,6.828300115277777e6,861.9980940371619,701.0479880658022,1036.312310004655
channel_4,7.101432119888889e6,862.017246444117,701.0479880658022,1036.312310004655
channel_4,7.374564124499999e6,862.0352978705575,701.0479880658022,1036.312310004655
channel_4,7.64769612911111e6,862.0523501488418,701.0479880658022,1036.312310004655
channel_4,7.9208281337222215e6,862.0684914273205,701.0479880658022,1036.312310004655
channel_4,8.193960138333333e6,862.0837984635034,701.0479880658022,1036.312310004655
channel_4,8.467092142944444e6,862.0983384792493,701.0479880658022,1036.312310004655
channel_4,8.740224147555554e6,862.1121706696896,701.0479880658022,1036.312310004655
channel_4,9.013356152166666e6,862.1253474369071,701.0479880658022,1036.312310004655
channel_4,9.286488156777777e6,862.137915403693,701.0479880658022,1036.312310004655
channel_4,9.559620161388887e6,862.1499162506977,701.0479880658022,1036.312310004655
channel_4,9.832752166e6,862.1613874110805,701.0479880658022,1036.312310004655
channel_4,1.010588417061111e7,862.1723626496228,701.0479880658022,1036.312310004655
channel_4,1.0379016175222222e7,862.1828725477495,701.0479880658022,1036.312310004655
channel_4,1.0652148179833332e7,862.192944911571,701.0479880658022,1036.312310004655
channel_4,1.0925280184444444e7,862.202605116675,701.0479880658022,1036.312310004655
channel_4,1.1198412189055555e7,862.2118764007287,701.0479880658022,1036.312310004655
channel_4,1.1471544193666665e7,862.2207801128353,701.0479880658022,1036.312310004655
channel_4,1.1744676198277777e7,862.2293359269128,701.0479880658022,1036.312310004655
channel_4,1.2017808202888887e7,862.2375620250231,701.0479880658022,1036.312310004655
channel_4,1.22909402075e7,862.2454752555043,701.0479880658022,1036.312310004655
channel_4,1.256407221211111e7,862.2530912698961,701.0479880658022,1036.312310004655
channel_4,1.283720421672222e7,862.2604246419509,701.0479880658022,1036.312310004655
channel_4,1.3110336221333332e7,862.2674889714565,701.0479880658022,1036.312310004655
channel_4,1.3383468225944443e7,862.2742969751382,701.0479880658022,1036.312310004655
channel_4,1.3656600230555555e7,862.2808605665291,701.0479880658022,1036.312310004655
channel_4,1.3929732235166665e7,862.2871909263912,701.0479880658022,1036.312310004655
channel_4,1.4202864239777777e7,862.2932985650168,701.0479880658022,1036.312310004655
channel_4,1.4475996244388888e7,862.2991933775303,701.0479880658022,1036.312310004655
channel_4,1.4749128248999998e7,862.3048846931326,701.0479880658022,1036.312310004655
channel_4,1.502226025361111e7,862.3103813190955,701.0479880658022,1036.312310004655
channel_4,1.529539225822222e7,862.3156915801854,701.0479880658022,1036.312310004655
channel_4,1.5568524262833333e7,862.3208233540978,701.0479880658022,1036.312310004655
channel_4,1.5841656267444443e7,862.3257841034007,701.0479880658022,1036.312310004655
channel_4,1.6114788272055553e7,862.3305809044138,701.0479880658022,1036.312310004655
channel_4,1.6387920276666665e7,862.3352204733902,701.0479880658022,1036.312310004655
channel_4,1.6661052281277776e7,862.339709190317,701.0479880658022,1036.312310004655
channel_4,1.6934184285888888e7,862.3440531206064,701.0479880658022,1036.312310004655
channel_4,1.72073162905e7,862.3482580349192,701.0479880658022,1036.312310004655
channel_4,1.748044829511111e7,862.352329427319,701.0479880658022,1036.312310004655
channel_4,1.775358029972222e7,862.3562725319442,701.0479880658022,1036.312310004655
channel_4,1.8026712304333333e7,862.3600923383495,701.0479880658022,1036.312310004655
channel_4,1.829984430894444e7,862.3637936056538,701.0479880658022,1036.312310004655
channel_4,1.8572976313555554e7,862.3673808756181,701.0479880658022,1036.312310004655
channel_4,1.8846108318166666e7,862.3708584847546,701.0479880658022,1036.312310004655
channel_4,1.9119240322777774e7,862.374230575564,701.0479880658022,1036.312310004655
channel_4,1.9392372327388886e7,862.3775011069795,701.0479880658022,1036.312310004655
channel_4,1.9665504332e7,862.3806738640935,701.0479880658022,1036.312310004655
channel_4,1.993863633661111e7,862.38375246723,701.0479880658022,1036.312310004655
channel_4,2.021176834122222e7,862.3867403804188,701.0479880658022,1036.312310004655
channel_4,2.048490034583333e7,862.3896409193254,701.0479880658022,1036.312310004655
channel_4,2.0758032350444444e7,862.3924572586807,701.0479880658022,1036.312310004655
channel_4,2.1031164355055552e7,862.3951924392506,701.0479880658022,1036.312310004655
channel_4,2.1304296359666664e7,862.3978493743841,701.0479880658022,1036.312310004655
channel_4,2.1577428364277776e7,862.4004308561714,701.0479880658022,1036.312310004655
channel_4,2.185056036888889e7,862.4029395612424,701.0479880658022,1036.312310004655
channel_4,2.2123692373499997e7,862.4053780562327,701.0479880658022,1036.312310004655
channel_4,2.239682437811111e7,862.4077488029396,701.0479880658022,1036.312310004655
channel_4,2.266995638272222e7,862.4100541631934,701.0479880658022,1036.312310004655
channel_4,2.294308838733333e7,862.4122964034607,701.0479880658022,1036.312310004655
channel_4,2.3216220391944442e7,862.4144776991993,701.0479880658022,1036.312310004655
channel_4,2.3489352396555554e7,862.4166001389826,701.0479880658022,1036.312310004655
channel_4,2.3762484401166666e7,862.4186657284073,701.0479880658022,1036.312310004655
channel_4,2.4035616405777775e7,862.4206763937964,701.0479880658022,1036.312310004655
channel_4,2.4308748410388887e7,862.422633985716,701.0479880658022,1036.312310004655
channel_4,2.4581880415e7,862.4245402823109,701.0479880658022,1036.312310004655
channel_4,2.4855012419611108e7,862.4263969924758,701.0479880658022,1036.312310004655
channel_4,2.512814442422222e7,862.4282057588673,701.0479880658022,1036.312310004655
channel_4,2.5401276428833332e7,862.4299681607694,701.0479880658022,1036.312310004655
channel_4,2.567440843344444e7,862.4316857168186,701.0479880658022,1036.312310004655
channel_4,2.5947540438055553e7,862.4333598875994,701.0479880658022,1036.312310004655
channel_4,2.6220672442666665e7,862.4349920781142,701.0479880658022,1036.312310004655
channel_4,2.6493804447277777e7,862.4365836401371,701.0479880658022,1036.312310004655
channel_4,2.6766936451888885e7,862.4381358744571,701.0479880658022,1036.312310004655
channel_4,2.7040068456499998e7,862.4396500330158,701.0479880658022,1036.312310004655
channel_5,0.0,0.0,0.0,0.0
channel_5,157044.09815196972,960.1399648004243,796.5232513956489,1146.7341137786555
channel_5,314088.19630393945,961.1494885003312,797.4405681084862,1146.7341137786555
channel_5,471132.29445590917,961.5656539877256,797.8482337782173,1146.7341137786555
channel_5,628176.3926078789,961.8041400717772,797.8482337828989,1146.7341137786555
channel_5,785220.4907598486,961.9624680211462,797.8482337829074,1146.7341137786555
channel_5,942264.5889118183,962.0769008226356,797.8482337829075,1146.7341137786555
channel_5,1.099308687063788e6,962.1643292433696,797.8482337829075,1146.7341137786555
channel_5,1.2563527852157578e6,962.2337356390298,797.8482337829075,1146.7341137786555
channel_5,1.4133968833677275e6,962.2903751254036,797.8482337829075,1146.7341137786555
channel_5,1.5704409815196972e6,962.3375663185736,797.8482337829075,1146.7341137786555
channel_5,1.727485079671667e6,962.3775381620945,797.8482337829075,1146.7341137786555
channel_5,1.8845291778236367e6,962.4118614371315,797.8482337829075,1146.7341137786555
channel_5,2.0415732759756066e6,962.4416838930848,797.8482337829075,1146.7341137786555
channel_5,2.198617374127576e6,962.4678669150102,797.8482337829075,1146.7341137786555
channel_5,2.355661472279546e6,962.4910699664209,797.8482337829075,1146.7341137786555
channel_5,2.5127055704315156e6,962.5118056867697,797.8482337829075,1146.7341137786555
channel_5,2.6697496685834853e6,962.5304775080272,797.8482337829075,1146.7341137786555
channel_5,2.826793766735455e6,962.5474062617998,797.8482337829075,1146.7341137786555
channel_5,2.9838378648874247e6,962.5628495034381,797.8482337829075,1146.7341137786555
channel_5,3.1408819630393945e6,962.5770158204058,797.8482337829075,1146.7341137786555
channel_5,3.297926061191364e6,962.5900755776674,797.8482337829075,1146.7341137786555
channel_5,3.454970159343334e6,962.6021690735705,797.8482337829075,1146.7341137786555
channel_5,3.6120142574953036e6,962.613412782427,797.8482337829075,1146.7341137786555
channel_5,3.7690583556472734e6,962.6239041664295,797.8482337829075,1146.7341137786555
channel_5,3.9261024537992436e6,962.6337254082707,797.8482337829075,1146.7341137786555
channel_5,4.0831465519512133e6,962.6429463238707,797.8482337829075,1146.7341137786555
channel_5,4.2401906501031825e6,962.6516266486775,797.8482337829075,1146.7341137786555
channel_5,4.397234748255152e6,962.6598178428815,797.8482337829075,1146.7341137786555
channel_5,4.554278846407122e6,962.6675645253565,797.8482337829075,1146.7341137786555
channel_5,4.711322944559092e6,962.6749056196987,797.8482337829075,1146.7341137786555
channel_5,4.868367042711061e6,962.6818752759065,797.8482337829075,1146.7341137786555
channel_5,5.025411140863031e6,962.6885036163409,797.8482337829075,1146.7341137786555
channel_5,5.182455239015001e6,962.6948173433402,797.8482337829075,1146.7341137786555
channel_5,5.339499337166971e6,962.7008402373136,797.8482337829075,1146.7341137786555
channel_5,5.49654343531894e6,962.7065935676593,797.8482337829075,1146.7341137786555
channel_5,5.65358753347091e6,962.712096433885,797.8482337829075,1146.7341137786555
channel_5,5.81063163162288e6,962.7173660505258,797.8482337829075,1146.7341137786555
channel_5,5.9676757297748495e6,962.7224179865326,797.8482337829075,1146.7341137786555
channel_5,6.124719827926819e6,962.727266367568,797.8482337829075,1146.7341137786555
channel_5,6.281763926078789e6,962.731924047897,797.8482337829075,1146.7341137786555
channel_5,6.438808024230759e6,962.7364027572174,797.8482337829075,1146.7341137786555
channel_5,6.595852122382728e6,962.7407132267117,797.8482337829075,1146.7341137786555
channel_5,6.752896220534698e6,962.744865297779,797.8482337829075,1146.7341137786555
channel_5,6.909940318686668e6,962.7488680162512,797.8482337829075,1146.7341137786555
channel_5,7.066984416838638e6,962.7527297143815,797.8482337829075,1146.7341137786555
channel_5,7.224028514990607e6,962.756458082478,797.8482337829075,1146.7341137786555
channel_5,7.381072613142577e6,962.760060231733,797.8482337829075,1146.7341137786555
channel_5,7.538116711294547e6,962.7635427495253,797.8482337829075,1146.7341137786555
channel_5,7.695160809446516e6,962.7669117482676,797.8482337829075,1146.7341137786555
channel_5,7.852204907598487e6,962.7701729086873,797.8482337829075,1146.7341137786555
channel_5,8.009249005750457e6,962.7733315182944,797.8482337829075,1146.7341137786555
channel_5,8.166293103902427e6,962.7763925056728,797.8482337829075,1146.7341137786555
channel_5,8.323337202054396e6,962.7793604711275,797.8482337829075,1146.7341137786555
channel_5,8.480381300206365e6,962.7822397141531,797.8482337829075,1146.7341137786555
channel_5,8.637425398358336e6,962.7850342581088,797.8482337829075,1146.7341137786555
channel_5,8.794469496510305e6,962.7877478724412,797.8482337829075,1146.7341137786555
channel_5,8.951513594662275e6,962.7903840927415,797.8482337829075,1146.7341137786555
channel_5,9.108557692814244e6,962.7929462388882,797.8482337829075,1146.7341137786555
channel_5,9.265601790966215e6,962.7954374314926,797.8482337829075,1146.7341137786555
channel_5,9.422645889118183e6,962.7978606068349,797.8482337829075,1146.7341137786555
channel_5,9.579689987270154e6,962.8002185304553,797.8482337829075,1146.7341137786555
channel_5,9.736734085422123e6,962.8025138095438,797.8482337829075,1146.7341137786555
channel_5,9.893778183574094e6,962.804748904256,797.8482337829075,1146.7341137786555
channel_5,1.0050822281726062e7,962.8069261380617,797.8482337829075,1146.7341137786555
channel_5,1.0207866379878033e7,962.8090477072285,797.8482337829075,1146.7341137786555
channel_5,1.0364910478030002e7,962.8111156895225,797.8482337829075,1146.7341137786555
channel_5,1.0521954576181972e7,962.813132052206,797.8482337829075,1146.7341137786555
channel_5,1.0678998674333941e7,962.815098659394,797.8482337829075,1146.7341137786555
channel_5,1.0836042772485912e7,962.8170172788369,797.8482337829075,1146.7341137786555
channel_5,1.099308687063788e7,962.818889588175,797.8482337829075,1146.7341137786555
channel_5,1.1150130968789851e7,962.8207171807192,797.8482337829075,1146.7341137786555
channel_5,1.130717506694182e7,962.8225015707953,797.8482337829075,1146.7341137786555
channel_5,1.146421916509379e7,962.8242441986941,797.8482337829075,1146.7341137786555
channel_5,1.162126326324576e7,962.8259464352581,797.8482337829075,1146.7341137786555
channel_5,1.177830736139773e7,962.827609586137,797.8482337829075,1146.7341137786555
channel_5,1.1935351459549699e7,962.8292348957416,797.8482337829075,1146.7341137786555
channel_5,1.209239555770167e7,962.8308235509168,797.8482337829075,1146.7341137786555
channel_5,1.2249439655853638e7,962.8323766843602,797.8482337829075,1146.7341137786555
channel_5,1.240648375400561e7,962.8338953778053,797.8482337829075,1146.7341137786555
channel_5,1.2563527852157578e7,962.8353806649875,797.8482337829075,1146.7341137786555
channel_5,1.2720571950309549e7,962.8368335344093,797.8482337829075,1146.7341137786555
channel_5,1.2877616048461517e7,962.8382549319224,797.8482337829075,1146.7341137786555
channel_5,1.3034660146613488e7,962.8396457631378,797.8482337829075,1146.7341137786555
channel_5,1.3191704244765457e7,962.8410068956786,797.8482337829075,1146.7341137786555
channel_5,1.3348748342917427e7,962.8423391612855,797.8482337829075,1146.7341137786555
channel_5,1.3505792441069396e7,962.8436433577888,797.8482337829075,1146.7341137786555
channel_5,1.3662836539221367e7,962.8449202509512,797.8482337829075,1146.7341137786555
channel_5,1.3819880637373336e7,962.8461705761971,797.8482337829075,1146.7341137786555
channel_5,1.3976924735525306e7,962.8473950402305,797.8482337829075,1146.7341137786555
channel_5,1.4133968833677275e7,962.8485943225534,797.8482337829075,1146.7341137786555
channel_5,1.4291012931829246e7,962.8497690768899,797.8482337829075,1146.7341137786555
channel_5,1.4448057029981215e7,962.8509199325216,797.8482337829075,1146.7341137786555
channel_5,1.4605101128133185e7,962.8520474955433,797.8482337829075,1146.7341137786555
channel_5,1.4762145226285154e7,962.8531523500394,797.8482337829075,1146.7341137786555
channel_5,1.4919189324437125e7,962.8542350591929,797.8482337829075,1146.7341137786555
channel_5,1.5076233422589093e7,962.8552961663252,797.8482337829075,1146.7341137786555
channel_5,1.5233277520741064e7,962.8563361958745,797.8482337829075,1146.7341137786555
channel_5,1.5390321618893033e7,962.8573556543176,797.8482337829075,1146.7341137786555
channel_5,1.5547365717045004e7,962.8583550310358,797.8482337829075,1146.7341137786555
channel_6,0.0,0.0,0.0,0.0
channel_6,110359.59595959596,964.3200126529606,811.3528578594669,1143.1096801626072
channel_6,220719.19191919192,965.3284983888606,812.7151139685462,1143.1096802600139
channel_6,331078.7878787879,965.741851138638,812.7151139685462,1143.1096802600139
channel_6,441438.38383838383,965.9763798691091,812.7151139685462,1143.1096802600139
channel_6,551797.9797979798,966.1309532546634,812.7151139685462,1143.1096802600139
channel_6,662157.5757575758,966.2422300950556,812.7151139685462,1143.1096802600139
channel_6,772517.1717171717,966.3272099885849,812.7151139685462,1143.1096802600139
channel_6,882876.7676767677,966.3949428406557,812.7151139685462,1143.1096802600139
channel_6,993236.3636363636,966.4507137873773,812.7151139685462,1143.1096802600139
channel_6,1.1035959595959596e6,966.4978204783633,812.7151139685462,1143.1096802600139
channel_6,1.2139555555555555e6,966.5384269822837,812.7151139685462,1143.1096802600139
channel_6,1.3243151515151516e6,966.5740123919086,812.7151139685462,1143.1096802600139
channel_6,1.4346747474747475e6,966.60562250289,812.7151139685462,1143.1096802600139
channel_6,1.5450343434343433e6,966.6340183469202,812.7151139685462,1143.1096802600139
channel_6,1.6553939393939395e6,966.6597675769628,812.7151139685462,1143.1096802600139
channel_6,1.7657535353535353e6,966.6833027514921,812.7151139685462,1143.1096802600139
channel_6,1.8761131313131314e6,966.7049597091908,812.7151139685462,1143.1096802600139
channel_6,1.9864727272727273e6,966.7250035571893,812.7151139685462,1143.1096802600139
channel_6,2.0968323232323232e6,966.7436467115632,812.7151139685462,1143.1096802600139
channel_6,2.2071919191919193e6,966.7610616927207,812.7151139685462,1143.1096802600139
channel_6,2.317551515151515e6,966.7773903709813,812.7151139685462,1143.1096802600139
channel_6,2.427911111111111e6,966.7927507559189,812.7151139685462,1143.1096802600139
channel_6,2.538270707070707e6,966.8072420532341,812.7151139685462,1143.1096802600139
channel_6,2.648630303030303e6,966.8209484793277,812.7151139685462,1143.1096802600139
channel_6,2.758989898989899e6,966.8339421722795,812.7151139685462,1143.1096802600139
channel_6,2.869349494949495e6,966.8462854373591,812.7151139685462,1143.1096802600139
channel_6,2.979709090909091e6,966.8580324969913,812.7151139685462,1143.1096802600139
channel_6,3.0900686868686867e6,966.8692308679649,812.7151139685462,1143.1096802600139
channel_6,3.200428282828283e6,966.8799224555954,812.7151139685462,1143.1096802600139
channel_6,3.310787878787879e6,966.8901444310305,812.7151139685462,1143.1096802600139
channel_6,3.421147474747475e6,966.8999299409571,812.7151139685462,1143.1096802600139
channel_6,3.5315070707070706e6,966.9093086866744,812.7151139685462,1143.1096802600139
channel_6,3.6418666666666665e6,966.9183074004843,812.7151139685462,1143.1096802600139
channel_6,3.752226262626263e6,966.9269502406999,812.7151139685462,1143.1096802600139
channel_6,3.8625858585858587e6,966.9352591216251,812.7151139685462,1143.1096802600139
channel_6,3.9729454545454546e6,966.9432539911508,812.7151139685462,1143.1096802600139
channel_6,4.0833050505050505e6,966.950953065823,812.7151139685462,1143.1096802600139
channel_6,4.1936646464646463e6,966.9583730311209,812.7151139685462,1143.1096802600139
channel_6,4.304024242424242e6,966.9655292130669,812.7151139685462,1143.1096802600139
channel_6,4.414383838383839e6,966.9724357260451,812.7151139685462,1143.1096802600139
channel_6,4.524743434343434e6,966.9791056007456,812.7151139685462,1143.1096802600139
channel_6,4.63510303030303e6,966.9855508954064,812.7151139685462,1143.1096802600139
channel_6,4.745462626262627e6,966.9917827929302,812.7151139685462,1143.1096802600139
channel_6,4.855822222222222e6,966.997811685996,812.7151139685462,1143.1096802600139
channel_6,4.966181818181818e6,967.0036472519173,812.7151139685462,1143.1096802600139
channel_6,5.076541414141414e6,967.009298518694,812.7151139685462,1143.1096802600139
channel_6,5.18690101010101e6,967.0147739234808,812.7151139685462,1143.1096802600139
channel_6,5.297260606060606e6,967.0200813644894,812.7151139685462,1143.1096802600139
channel_6,5.407620202020202e6,967.0252282471907,812.7151139685462,1143.1096802600139
channel_6,5.517979797979798e6,967.0302215255495,812.7151139685462,1143.1096802600139
channel_6,5.628339393939394e6,967.0350677389189,812.7151139685462,1143.1096802600139
channel_6,5.73869898989899e6,967.0397730451307,812.7151139685462,1143.1096802600139
channel_6,5.849058585858586e6,967.0443432502417,812.7151139685462,1143.1096802600139
channel_6,5.959418181818182e6,967.0487838353364,812.7151139685462,1143.1096802600139
channel_6,6.069777777777778e6,967.0530999807286,812.7151139685462,1143.1096802600139
channel_6,6.180137373737373e6,967.0572965878616,812.7151139685462,1143.1096802600139
channel_6,6.29049696969697e6,967.0613782991693,812.7151139685462,1143.1096802600139
channel_6,6.400856565656566e6,967.0653495161208,812.7151139685462,1143.1096802600139
channel_6,6.511216161616161e6,967.0692144156545,812.7151139685462,1143.1096802600139
channel_6,6.621575757575758e6,967.072976965167,812.7151139685462,1143.1096802600139
channel_6,6.731935353535353e6,967.0766409362178,812.7151139685462,1143.1096802600139
channel_6,6.84229494949495e6,967.0802099170807,812.7151139685462,1143.1096802600139
channel_6,6.952654545454546e6,967.0836873242581,812.7151139685462,1143.1096802600139
channel_6,7.063014141414141e6,967.0870764130685,812.7151139685462,1143.1096802600139
channel_6,7.173373737373738e6,967.0903802873954,812.7151139685462,1143.1096802600139
channel_6,7.283733333333333e6,967.0936019086804,812.7151139685462,1143.1096802600139
channel_6,7.394092929292929e6,967.0967441042346,812.7151139685462,1143.1096802600139
channel_6,7.504452525252526e6,967.0998095749322,812.7151139685462,1143.1096802600139
channel_6,7.614812121212121e6,967.1028009023414,812.7151139685462,1143.1096802600139
channel_6,7.725171717171717e6,967.1057205553485,812.7151139685462,1143.1096802600139
channel_6,7.835531313131313e6,967.1085708963166,812.7151139685462,1143.1096802600139
channel_6,7.945890909090909e6,967.1113541868206,812.7238003898847,1143.1096802600139
channel_6,8.0562505050505055e6,967.1140725929982,812.7372565783027,1143.1096802600139
channel_6,8.166610101010101e6,967.116728190545,812.7506185478695,1143.1096802600139
channel_6,8.276969696969697e6,967.1193229693849,812.7638862113677,1143.1096802600139
channel_6,8.387329292929293e6,967.121858838045,812.7770595082613,1143.1096802600139
channel_6,8.497688888888888e6,967.1243376277537,812.7901384040867,1143.1096802600139
channel_6,8.608048484848484e6,967.1267610962877,812.8031228898383,1143.1096802600139
channel_6,8.71840808080808e6,967.1291309315857,812.8160129813516,1143.1096802600139
channel_6,8.828767676767677e6,967.1314487551457,812.8288087186844,1143.1096802600139
channel_6,8.939127272727273e6,967.1337161252229,812.8415101654954,1143.1096802600139
channel_6,9.049486868686868e6,967.1359345398434,812.8541174084223,1143.1096802600139
channel_6,9.159846464646464e6,967.1381054396443,812.8666305564612,1143.1096802600139
channel_6,9.27020606060606e6,967.1402302105545,812.8790497403448,1143.1096802600139
channel_6,9.380565656565657e6,967.1423101863269,812.8913751119236,1143.1096802600139
channel_6,9.490925252525253e6,967.1443466509313,812.9036068435485,1143.1096802600139
channel_6,9.601284848484848e6,967.1463408408171,812.9157451274565,1143.1096802600139
channel_6,9.711644444444444e6,967.1482939470555,812.9277901751603,1143.1096802600139
channel_6,9.82200404040404e6,967.1502071173671,812.9397422168407,1143.1096802600139
channel_6,9.932363636363637e6,967.1520814580447,812.9516015007446,1143.1096802600139
channel_6,1.0042723232323233e7,967.1539180357739,812.963368292588,1143.1096802600139
channel_6,1.0153082828282828e7,967.155717879363,812.9750428749641,1143.1096802600139
channel_6,1.0263442424242424e7,967.1574819813819,812.986625546758,1143.1096802600139
channel_6,1.037380202020202e7,967.1592112997207,812.9981166225675,1143.1096802600139
channel_6,1.0484161616161617e7,967.1609067590684,813.0095164321311,1143.1096802600139
channel_6,1.0594521212121213e7,967.1625692523197,813.0208253197633,1143.1096802600139
channel_6,1.0704880808080807e7,967.1641996419111,813.0320436437967,1143.1096802600139
channel_6,1.0815240404040404e7,967.1657987610924,813.0431717760334,1143.1096802600139
channel_6,1.09256e7,967.1673674151378,813.054210101204,1143.1096802600139
