curve_family,channel,spend,spend_share,observed_total_spend,mean,lower,upper
adstock,channel_1,0.0,0.0,2.52853822e7,0.0,0.0,0.0
adstock,channel_1,255407.901010101,0.0101010101010101,2.52853822e7,304699.6467737105,259386.61505115285,389241.37609771255
adstock,channel_1,510815.802020202,0.0202020202020202,2.52853822e7,609399.293547421,518773.2301023057,778482.7521954251
adstock,channel_1,766223.703030303,0.030303030303030304,2.52853822e7,914098.9403211314,778159.845153459,1.1677241282931378e6
adstock,channel_1,1.021631604040404e6,0.0404040404040404,2.52853822e7,1.218798587094842e6,1.0375464602046114e6,1.5569655043908502e6
adstock,channel_1,1.277039505050505e6,0.050505050505050504,2.52853822e7,1.523498233868552e6,1.2969330752557646e6,1.9462068804885633e6
adstock,channel_1,1.532447406060606e6,0.06060606060606061,2.52853822e7,1.8281978806422628e6,1.556319690306918e6,2.3354482565862755e6
adstock,channel_1,1.787855307070707e6,0.0707070707070707,2.52853822e7,2.132897527415973e6,1.8157063053580693e6,2.7246896326839877e6
adstock,channel_1,2.043263208080808e6,0.0808080808080808,2.52853822e7,2.437597174189684e6,2.0750929204092228e6,3.1139310087817004e6
adstock,channel_1,2.298671109090909e6,0.0909090909090909,2.52853822e7,2.742296820963394e6,2.3344795354603757e6,3.5031723848794126e6
adstock,channel_1,2.55407901010101e6,0.10101010101010101,2.52853822e7,3.046996467737104e6,2.5938661505115293e6,3.8924137609771267e6
adstock,channel_1,2.809486911111111e6,0.1111111111111111,2.52853822e7,3.351696114510814e6,2.853252765562683e6,4.281655137074838e6
adstock,channel_1,3.064894812121212e6,0.12121212121212122,2.52853822e7,3.6563957612845255e6,3.112639380613836e6,4.670896513172551e6
adstock,channel_1,3.320302713131313e6,0.13131313131313133,2.52853822e7,3.9610954080582354e6,3.3720259956649886e6,5.060137889270264e6
adstock,channel_1,3.575710614141414e6,0.1414141414141414,2.52853822e7,4.265795054831946e6,3.6314126107161385e6,5.449379265367975e6
adstock,channel_1,3.831118515151515e6,0.15151515151515152,2.52853822e7,4.570494701605656e6,3.890799225767292e6,5.838620641465687e6
adstock,channel_1,4.086526416161616e6,0.1616161616161616,2.52853822e7,4.875194348379368e6,4.1501858408184457e6,6.227862017563401e6
adstock,channel_1,4.341934317171717e6,0.1717171717171717,2.52853822e7,5.179893995153078e6,4.4095724558696e6,6.617103393661113e6
adstock,channel_1,4.597342218181818e6,0.1818181818181818,2.52853822e7,5.484593641926788e6,4.668959070920751e6,7.006344769758825e6
adstock,channel_1,4.852750119191919e6,0.19191919191919193,2.52853822e7,5.789293288700499e6,4.9283456859719055e6,7.3955861458565425e6
adstock,channel_1,5.10815802020202e6,0.20202020202020202,2.52853822e7,6.093992935474208e6,5.187732301023059e6,7.784827521954253e6
adstock,channel_1,5.363565921212121e6,0.21212121212121213,2.52853822e7,6.398692582247919e6,5.447118916074214e6,8.174068898051963e6
adstock,channel_1,5.618973822222222e6,0.2222222222222222,2.52853822e7,6.703392229021628e6,5.706505531125366e6,8.563310274149677e6
adstock,channel_1,5.874381723232323e6,0.23232323232323232,2.52853822e7,7.008091875795338e6,5.965892146176516e6,8.95255165024739e6
adstock,channel_1,6.129789624242424e6,0.24242424242424243,2.52853822e7,7.312791522569051e6,6.225278761227672e6,9.341793026345102e6
adstock,channel_1,6.385197525252525e6,0.2525252525252525,2.52853822e7,7.617491169342759e6,6.484665376278821e6,9.731034402442813e6
adstock,channel_1,6.640605426262626e6,0.26262626262626265,2.52853822e7,7.922190816116471e6,6.744051991329977e6,1.0120275778540527e7
adstock,channel_1,6.896013327272727e6,0.2727272727272727,2.52853822e7,8.226890462890182e6,7.003438606381128e6,1.0509517154638238e7
adstock,channel_1,7.151421228282828e6,0.2828282828282828,2.52853822e7,8.531590109663893e6,7.262825221432277e6,1.089875853073595e7
adstock,channel_1,7.406829129292929e6,0.29292929292929293,2.52853822e7,8.836289756437603e6,7.522211836483432e6,1.1287999906833664e7
adstock,channel_1,7.66223703030303e6,0.30303030303030304,2.52853822e7,9.140989403211312e6,7.781598451534584e6,1.1677241282931374e7
adstock,channel_1,7.917644931313131e6,0.31313131313131315,2.52853822e7,9.445689049985023e6,8.040985066585738e6,1.206648265902909e7
adstock,channel_1,8.173052832323232e6,0.3232323232323232,2.52853822e7,9.750388696758736e6,8.300371681636891e6,1.2455724035126802e7
adstock,channel_1,8.428460733333332e6,0.3333333333333333,2.52853822e7,1.0055088343532445e7,8.559758296688046e6,1.2844965411224514e7
adstock,channel_1,8.683868634343434e6,0.3434343434343434,2.52853822e7,1.0359787990306156e7,8.8191449117392e6,1.3234206787322227e7
adstock,channel_1,8.939276535353536e6,0.35353535353535354,2.52853822e7,1.0664487637079867e7,9.07853152679035e6,1.3623448163419943e7
adstock,channel_1,9.194684436363636e6,0.3636363636363636,2.52853822e7,1.0969187283853576e7,9.337918141841503e6,1.401268953951765e7
adstock,channel_1,9.450092337373737e6,0.37373737373737376,2.52853822e7,1.1273886930627286e7,9.59730475689266e6,1.4401930915615372e7
adstock,channel_1,9.705500238383839e6,0.38383838383838387,2.52853822e7,1.1578586577400997e7,9.856691371943811e6,1.4791172291713085e7
adstock,channel_1,9.960908139393939e6,0.3939393939393939,2.52853822e7,1.1883286224174706e7,1.0116077986994963e7,1.518041366781079e7
adstock,channel_1,1.021631604040404e7,0.40404040404040403,2.52853822e7,1.2187985870948415e7,1.0375464602046117e7,1.5569655043908507e7
adstock,channel_1,1.0471723941414142e7,0.4141414141414142,2.52853822e7,1.2492685517722128e7,1.0634851217097273e7,1.5958896420006221e7
adstock,channel_1,1.0727131842424242e7,0.42424242424242425,2.52853822e7,1.2797385164495839e7,1.0894237832148427e7,1.6348137796103926e7
adstock,channel_1,1.0982539743434343e7,0.43434343434343436,2.52853822e7,1.3102084811269548e7,1.1153624447199574e7,1.6737379172201639e7
adstock,channel_1,1.1237947644444443e7,0.4444444444444444,2.52853822e7,1.3406784458043257e7,1.1413011062250732e7,1.7126620548299354e7
adstock,channel_1,1.1493355545454545e7,0.45454545454545453,2.52853822e7,1.371148410481697e7,1.1672397677301882e7,1.7515861924397066e7
adstock,channel_1,1.1748763446464647e7,0.46464646464646464,2.52853822e7,1.4016183751590677e7,1.1931784292353032e7,1.790510330049478e7
adstock,channel_1,1.2004171347474746e7,0.4747474747474747,2.52853822e7,1.4320883398364387e7,1.219117090740419e7,1.8294344676592495e7
adstock,channel_1,1.2259579248484848e7,0.48484848484848486,2.52853822e7,1.4625583045138102e7,1.2450557522455344e7,1.8683586052690204e7
adstock,channel_1,1.251498714949495e7,0.494949494949495,2.52853822e7,1.493028269191181e7,1.2709944137506492e7,1.907282742878791e7
adstock,channel_1,1.277039505050505e7,0.505050505050505,2.52853822e7,1.5234982338685518e7,1.2969330752557643e7,1.9462068804885626e7
adstock,channel_1,1.3025802951515151e7,0.5151515151515151,2.52853822e7,1.5539681985459233e7,1.32287173676088e7,1.9851310180983342e7
adstock,channel_1,1.3281210852525253e7,0.5252525252525253,2.52853822e7,1.5844381632232942e7,1.3488103982659955e7,2.0240551557081055e7
adstock,channel_1,1.3536618753535353e7,0.5353535353535354,2.52853822e7,1.6149081279006653e7,1.3747490597711109e7,2.062979293317877e7
adstock,channel_1,1.3792026654545454e7,0.5454545454545454,2.52853822e7,1.6453780925780363e7,1.4006877212762255e7,2.1019034309276477e7
adstock,channel_1,1.4047434555555556e7,0.5555555555555556,2.52853822e7,1.6758480572554076e7,1.4266263827813411e7,2.14082756853742e7
adstock,channel_1,1.4302842456565656e7,0.5656565656565656,2.52853822e7,1.7063180219327785e7,1.4525650442864554e7,2.17975170614719e7
adstock,channel_1,1.4558250357575757e7,0.5757575757575758,2.52853822e7,1.7367879866101496e7,1.4785037057915716e7,2.2186758437569622e7
adstock,channel_1,1.4813658258585857e7,0.5858585858585859,2.52853822e7,1.7672579512875207e7,1.5044423672966864e7,2.2575999813667327e7
adstock,channel_1,1.5069066159595959e7,0.5959595959595959,2.52853822e7,1.7977279159648914e7,1.5303810288018022e7,2.2965241189765036e7
adstock,channel_1,1.532447406060606e7,0.6060606060606061,2.52853822e7,1.8281978806422625e7,1.5563196903069168e7,2.335448256586275e7
adstock,channel_1,1.557988196161616e7,0.6161616161616161,2.52853822e7,1.8586678453196336e7,1.5822583518120326e7,2.3743723941960458e7
adstock,channel_1,1.5835289862626262e7,0.6262626262626263,2.52853822e7,1.8891378099970046e7,1.6081970133171476e7,2.413296531805818e7
adstock,channel_1,1.6090697763636364e7,0.6363636363636364,2.52853822e7,1.919607774674375e7,1.634135674822263e7,2.4522206694155894e7
adstock,channel_1,1.6346105664646463e7,0.6464646464646464,2.52853822e7,1.950077739351747e7,1.6600743363273783e7,2.4911448070253603e7
adstock,channel_1,1.6601513565656565e7,0.6565656565656566,2.52853822e7,1.980547704029118e7,1.6860129978324942e7,2.530068944635132e7
adstock,channel_1,1.6856921466666665e7,0.6666666666666666,2.52853822e7,2.011017668706489e7,1.7119516593376093e7,2.568993082244903e7
adstock,channel_1,1.711232936767677e7,0.6767676767676768,2.52853822e7,2.0414876333838604e7,1.737890320842726e7,2.6079172198546737e7
adstock,channel_1,1.736773726868687e7,0.6868686868686869,2.52853822e7,2.071957598061231e7,1.76382898234784e7,2.6468413574644454e7
adstock,channel_1,1.7623145169696968e7,0.6969696969696969,2.52853822e7,2.1024275627386022e7,1.7897676438529555e7,2.6857654950742155e7
adstock,channel_1,1.787855307070707e7,0.7070707070707071,2.52853822e7,2.1328975274159733e7,1.81570630535807e7,2.7246896326839887e7
adstock,channel_1,1.813396097171717e7,0.7171717171717171,2.52853822e7,2.1633674920933433e7,1.8416449668631855e7,2.763613770293759e7
adstock,channel_1,1.838936887272727e7,0.7272727272727272,2.52853822e7,2.193837456770715e7,1.8675836283683006e7,2.80253790790353e7
adstock,channel_1,1.8644776773737375e7,0.7373737373737375,2.52853822e7,2.2243074214480862e7,1.8935222898734167e7,2.841462045513302e7
adstock,channel_1,1.8900184674747474e7,0.7474747474747475,2.52853822e7,2.2547773861254573e7,1.919460951378532e7,2.8803861831230745e7
adstock,channel_1,1.9155592575757574e7,0.7575757575757576,2.52853822e7,2.2852473508028284e7,1.9453996128836468e7,2.9193103207328428e7
adstock,channel_1,1.9411000476767678e7,0.7676767676767677,2.52853822e7,2.3157173154801995e7,1.9713382743887622e7,2.958234458342617e7
adstock,channel_1,1.9666408377777778e7,0.7777777777777778,2.52853822e7,2.3461872801575705e7,1.9972769358938772e7,2.997158595952385e7
adstock,channel_1,1.9921816278787877e7,0.7878787878787878,2.52853822e7,2.3766572448349413e7,2.0232155973989926e7,3.036082733562158e7
adstock,channel_1,2.017722417979798e7,0.797979797979798,2.52853822e7,2.4071272095123123e7,2.0491542589041084e7,3.0750068711719293e7
adstock,channel_1,2.043263208080808e7,0.8080808080808081,2.52853822e7,2.437597174189683e7,2.0750929204092234e7,3.1139310087817013e7
adstock,channel_1,2.068803998181818e7,0.8181818181818181,2.52853822e7,2.4680671388670545e7,2.101031581914339e7,3.152855146391471e7
adstock,channel_1,2.0943447882828284e7,0.8282828282828284,2.52853822e7,2.4985371035444256e7,2.1269702434194546e7,3.1917792840012442e7
adstock,channel_1,2.1198855783838384e7,0.8383838383838385,2.52853822e7,2.5290070682217963e7,2.15290890492457e7,3.2307034216110144e7
adstock,channel_1,2.1454263684848484e7,0.8484848484848485,2.52853822e7,2.5594770328991678e7,2.1788475664296854e7,3.2696275592207853e7
adstock,channel_1,2.1709671585858583e7,0.8585858585858586,2.52853822e7,2.5899469975765385e7,2.2047862279348005e7,3.3085516968305565e7
adstock,channel_1,2.1965079486868687e7,0.8686868686868687,2.52853822e7,2.6204169622539096e7,2.2307248894399147e7,3.3474758344403278e7
adstock,channel_1,2.2220487387878787e7,0.8787878787878788,2.52853822e7,2.6508869269312806e7,2.25666355094503e7,3.386399972050099e7
adstock,channel_1,2.2475895288888887e7,0.8888888888888888,2.52853822e7,2.6813568916086514e7,2.2826022124501463e7,3.425324109659871e7
adstock,channel_1,2.273130318989899e7,0.898989898989899,2.52853822e7,2.711826856286023e7,2.308540873955261e7,3.464248247269643e7
adstock,channel_1,2.298671109090909e7,0.9090909090909091,2.52853822e7,2.742296820963394e7,2.3344795354603764e7,3.503172384879413e7
adstock,channel_1,2.324211899191919e7,0.9191919191919191,2.52853822e7,2.7727667856407646e7,2.3604181969654918e7,3.5420965224891834e7
adstock,channel_1,2.3497526892929293e7,0.9292929292929293,2.52853822e7,2.8032367503181353e7,2.3863568584706064e7,3.581020660098956e7
adstock,channel_1,2.3752934793939393e7,0.9393939393939393,2.52853822e7,2.833706714995507e7,2.4122955199757226e7,3.6199447977087274e7
adstock,channel_1,2.4008342694949493e7,0.9494949494949494,2.52853822e7,2.8641766796728775e7,2.438234181480838e7,3.658868935318499e7
adstock,channel_1,2.4263750595959596e7,0.9595959595959597,2.52853822e7,2.8946466443502486e7,2.4641728429859538e7,3.697793072928269e7
adstock,channel_1,2.4519158496969696e7,0.9696969696969697,2.52853822e7,2.9251166090276204e7,2.4901115044910688e7,3.736717210538041e7
adstock,channel_1,2.4774566397979796e7,0.9797979797979798,2.52853822e7,2.955586573704991e7,2.5160501659961827e7,3.7756413481478125e7
adstock,channel_1,2.50299742989899e7,0.98989898989899,2.52853822e7,2.986056538382362e7,2.5419888275012985e7,3.814565485757582e7
adstock,channel_1,2.52853822e7,1.0,2.52853822e7,3.0165265030597337e7,2.567927489006415e7,3.853489623367356e7
adstock,channel_2,0.0,0.0,2.0479998400000002e7,0.0,0.0,0.0
adstock,channel_2,206868.67070707073,0.010101010101010102,2.0479998400000002e7,327258.0929476018,213217.7138206431,497093.0416823411
adstock,channel_2,413737.34141414147,0.020202020202020204,2.0479998400000002e7,654516.1858952036,426435.4276412862,994186.0833646822
adstock,channel_2,620606.0121212122,0.030303030303030304,2.0479998400000002e7,981774.2788428053,639653.1414619299,1.4912791250470225e6
adstock,channel_2,827474.6828282829,0.04040404040404041,2.0479998400000002e7,1.3090323717904072e6,852870.8552825724,1.9883721667293643e6
adstock,channel_2,1.0343433535353537e6,0.050505050505050504,2.0479998400000002e7,1.6362904647380086e6,1.0660885691032163e6,2.4854652084117043e6
adstock,channel_2,1.2412120242424244e6,0.06060606060606061,2.0479998400000002e7,1.9635485576856106e6,1.2793062829238598e6,2.982558250094045e6
adstock,channel_2,1.4480806949494951e6,0.0707070707070707,2.0479998400000002e7,2.2908066506332126e6,1.4925239967445023e6,3.4796512917763866e6
adstock,channel_2,1.6549493656565659e6,0.08080808080808081,2.0479998400000002e7,2.6180647435808145e6,1.705741710565145e6,3.9767443334587286e6
adstock,channel_2,1.8618180363636366e6,0.09090909090909091,2.0479998400000002e7,2.945322836528416e6,1.9189594243857882e6,4.473837375141068e6
adstock,channel_2,2.0686867070707073e6,0.10101010101010101,2.0479998400000002e7,3.272580929476017e6,2.1321771382064326e6,4.970930416823409e6
adstock,channel_2,2.275555377777778e6,0.11111111111111112,2.0479998400000002e7,3.5998390224236194e6,2.345394852027076e6,5.468023458505746e6
adstock,channel_2,2.482424048484849e6,0.12121212121212122,2.0479998400000002e7,3.927097115371221e6,2.5586125658477196e6,5.96511650018809e6
adstock,channel_2,2.6892927191919195e6,0.13131313131313133,2.0479998400000002e7,4.254355208318823e6,2.771830279668362e6,6.462209541870431e6
adstock,channel_2,2.8961613898989903e6,0.1414141414141414,2.0479998400000002e7,4.581613301266425e6,2.9850479934890047e6,6.959302583552773e6
adstock,channel_2,3.103030060606061e6,0.15151515151515152,2.0479998400000002e7,4.908871394214027e6,3.1982657073096465e6,7.456395625235115e6
adstock,channel_2,3.3098987313131317e6,0.16161616161616163,2.0479998400000002e7,5.236129487161629e6,3.41148342113029e6,7.953488666917457e6
adstock,channel_2,3.5167674020202025e6,0.1717171717171717,2.0479998400000002e7,5.563387580109229e6,3.624701134950936e6,8.450581708599795e6
adstock,channel_2,3.723636072727273e6,0.18181818181818182,2.0479998400000002e7,5.890645673056832e6,3.8379188487715763e6,8.947674750282137e6
adstock,channel_2,3.930504743434344e6,0.19191919191919193,2.0479998400000002e7,6.217903766004435e6,4.051136562592223e6,9.444767791964477e6
adstock,channel_2,4.1373734141414147e6,0.20202020202020202,2.0479998400000002e7,6.545161858952034e6,4.264354276412865e6,9.941860833646817e6
adstock,channel_2,4.344242084848485e6,0.2121212121212121,2.0479998400000002e7,6.872419951899636e6,4.477571990233505e6,1.0438953875329157e7
adstock,channel_2,4.551110755555556e6,0.22222222222222224,2.0479998400000002e7,7.199678044847239e6,4.690789704054152e6,1.0936046917011492e7
adstock,channel_2,4.757979426262626e6,0.2323232323232323,2.0479998400000002e7,7.526936137794839e6,4.904007417874792e6,1.143313995869384e7
adstock,channel_2,4.964848096969698e6,0.24242424242424243,2.0479998400000002e7,7.854194230742442e6,5.117225131695439e6,1.193023300037618e7
adstock,channel_2,5.171716767676768e6,0.2525252525252525,2.0479998400000002e7,8.181452323690043e6,5.330442845516079e6,1.2427326042058522e7
adstock,channel_2,5.378585438383839e6,0.26262626262626265,2.0479998400000002e7,8.508710416637646e6,5.543660559336724e6,1.2924419083740862e7
adstock,channel_2,5.585454109090909e6,0.2727272727272727,2.0479998400000002e7,8.835968509585246e6,5.756878273157362e6,1.3421512125423208e7
adstock,channel_2,5.792322779797981e6,0.2828282828282828,2.0479998400000002e7,9.16322660253285e6,5.970095986978009e6,1.3918605167105546e7
adstock,channel_2,5.999191450505051e6,0.29292929292929293,2.0479998400000002e7,9.490484695480451e6,6.183313700798651e6,1.441569820878788e7
adstock,channel_2,6.206060121212122e6,0.30303030303030304,2.0479998400000002e7,9.817742788428053e6,6.396531414619293e6,1.491279125047023e7
adstock,channel_2,6.412928791919192e6,0.3131313131313131,2.0479998400000002e7,1.0145000881375652e7,6.60974912843994e6,1.5409884292152567e7
adstock,channel_2,6.6197974626262635e6,0.32323232323232326,2.0479998400000002e7,1.0472258974323258e7,6.82296684226058e6,1.5906977333834914e7
adstock,channel_2,6.826666133333334e6,0.3333333333333333,2.0479998400000002e7,1.0799517067270858e7,7.036184556081225e6,1.6404070375517245e7
adstock,channel_2,7.033534804040405e6,0.3434343434343434,2.0479998400000002e7,1.1126775160218459e7,7.249402269901872e6,1.690116341719959e7
adstock,channel_2,7.240403474747475e6,0.35353535353535354,2.0479998400000002e7,1.1454033253166063e7,7.4626199837225145e6,1.739825645888194e7
adstock,channel_2,7.447272145454546e6,0.36363636363636365,2.0479998400000002e7,1.1781291346113663e7,7.675837697543153e6,1.7895349500564273e7
adstock,channel_2,7.654140816161617e6,0.3737373737373737,2.0479998400000002e7,1.2108549439061264e7,7.8890554113637945e6,1.8392442542246614e7
adstock,channel_2,7.861009486868688e6,0.38383838383838387,2.0479998400000002e7,1.243580753200887e7,8.102273125184446e6,1.8889535583928954e7
adstock,channel_2,8.067878157575758e6,0.3939393939393939,2.0479998400000002e7,1.2763065624956468e7,8.315490839005085e6,1.9386628625611298e7
adstock,channel_2,8.274746828282829e6,0.40404040404040403,2.0479998400000002e7,1.3090323717904069e7,8.52870855282573e6,1.9883721667293634e7
adstock,channel_2,8.4816154989899e6,0.4141414141414142,2.0479998400000002e7,1.341758181085167e7,8.741926266646372e6,2.038081470897599e7
adstock,channel_2,8.68848416969697e6,0.4242424242424242,2.0479998400000002e7,1.3744839903799271e7,8.95514398046701e6,2.0877907750658315e7
adstock,channel_2,8.895352840404041e6,0.4343434343434343,2.0479998400000002e7,1.4072097996746875e7,9.168361694287654e6,2.1375000792340655e7
adstock,channel_2,9.102221511111112e6,0.4444444444444445,2.0479998400000002e7,1.4399356089694478e7,9.381579408108303e6,2.1872093834022984e7
adstock,channel_2,9.309090181818184e6,0.4545454545454546,2.0479998400000002e7,1.472661418264208e7,9.594797121928943e6,2.2369186875705346e7
adstock,channel_2,9.515958852525253e6,0.4646464646464646,2.0479998400000002e7,1.5053872275589678e7,9.808014835749583e6,2.286627991738768e7
adstock,channel_2,9.722827523232324e6,0.47474747474747475,2.0479998400000002e7,1.5381130368537279e7,1.0021232549570234e7,2.336337295907002e7
adstock,channel_2,9.929696193939395e6,0.48484848484848486,2.0479998400000002e7,1.5708388461484885e7,1.0234450263390878e7,2.386046600075236e7
adstock,channel_2,1.0136564864646466e7,0.494949494949495,2.0479998400000002e7,1.6035646554432487e7,1.0447667977211518e7,2.4357559042434715e7
adstock,channel_2,1.0343433535353536e7,0.505050505050505,2.0479998400000002e7,1.6362904647380086e7,1.0660885691032158e7,2.4854652084117044e7
adstock,channel_2,1.0550302206060607e7,0.5151515151515151,2.0479998400000002e7,1.6690162740327688e7,1.08741034048528e7,2.5351745125799388e7
adstock,channel_2,1.0757170876767678e7,0.5252525252525253,2.0479998400000002e7,1.7017420833275292e7,1.1087321118673448e7,2.5848838167481724e7
adstock,channel_2,1.096403954747475e7,0.5353535353535354,2.0479998400000002e7,1.734467892622289e7,1.130053883249409e7,2.6345931209164076e7
adstock,channel_2,1.1170908218181819e7,0.5454545454545454,2.0479998400000002e7,1.7671937019170493e7,1.1513756546314724e7,2.6843024250846416e7
adstock,channel_2,1.137777688888889e7,0.5555555555555556,2.0479998400000002e7,1.799919511211809e7,1.1726974260135379e7,2.734011729252875e7
adstock,channel_2,1.1584645559595961e7,0.5656565656565656,2.0479998400000002e7,1.83264532050657e7,1.1940191973956019e7,2.7837210334211092e7
adstock,channel_2,1.1791514230303032e7,0.5757575757575758,2.0479998400000002e7,1.8653711298013303e7,1.215340968777666e7,2.833430337589342e7
adstock,channel_2,1.1998382901010102e7,0.5858585858585859,2.0479998400000002e7,1.8980969390960902e7,1.2366627401597302e7,2.883139641757576e7
adstock,channel_2,1.2205251571717173e7,0.5959595959595959,2.0479998400000002e7,1.93082274839085e7,1.257984511541795e7,2.9328489459258106e7
adstock,channel_2,1.2412120242424244e7,0.6060606060606061,2.0479998400000002e7,1.9635485576856107e7,1.2793062829238586e7,2.982558250094046e7
adstock,channel_2,1.2618988913131315e7,0.6161616161616162,2.0479998400000002e7,1.996274366980371e7,1.3006280543059237e7,3.0322675542622816e7
adstock,channel_2,1.2825857583838385e7,0.6262626262626262,2.0479998400000002e7,2.0290001762751304e7,1.321949825687988e7,3.0819768584305134e7
adstock,channel_2,1.3032726254545456e7,0.6363636363636364,2.0479998400000002e7,2.061725985569891e7,1.3432715970700517e7,3.131686162598748e7
adstock,channel_2,1.3239594925252527e7,0.6464646464646465,2.0479998400000002e7,2.0944517948646516e7,1.364593368452116e7,3.181395466766983e7
adstock,channel_2,1.3446463595959598e7,0.6565656565656566,2.0479998400000002e7,2.1271776041594114e7,1.3859151398341812e7,3.231104770935215e7
adstock,channel_2,1.3653332266666668e7,0.6666666666666666,2.0479998400000002e7,2.1599034134541716e7,1.407236911216245e7,3.280814075103449e7
adstock,channel_2,1.3860200937373739e7,0.6767676767676768,2.0479998400000002e7,2.192629222748932e7,1.4285586825983096e7,3.330523379271682e7
adstock,channel_2,1.406706960808081e7,0.6868686868686869,2.0479998400000002e7,2.2253550320436917e7,1.4498804539803743e7,3.380232683439918e7
adstock,channel_2,1.4273938278787881e7,0.696969696969697,2.0479998400000002e7,2.2580808413384523e7,1.4712022253624381e7,3.429941987608151e7
adstock,channel_2,1.448080694949495e7,0.7070707070707071,2.0479998400000002e7,2.2908066506332126e7,1.4925239967445029e7,3.479651291776388e7
adstock,channel_2,1.4687675620202022e7,0.7171717171717171,2.0479998400000002e7,2.323532459927972e7,1.513845768126567e7,3.529360595944619e7
adstock,channel_2,1.4894544290909093e7,0.7272727272727273,2.0479998400000002e7,2.3562582692227326e7,1.5351675395086305e7,3.579069900112855e7
adstock,channel_2,1.5101412961616164e7,0.7373737373737375,2.0479998400000002e7,2.3889840785174932e7,1.5564893108906958e7,3.628779204281089e7
adstock,channel_2,1.5308281632323233e7,0.7474747474747474,2.0479998400000002e7,2.4217098878122527e7,1.5778110822727589e7,3.678488508449323e7
adstock,channel_2,1.5515150303030305e7,0.7575757575757576,2.0479998400000002e7,2.4544356971070126e7,1.5991328536548236e7,3.728197812617559e7
adstock,channel_2,1.5722018973737376e7,0.7676767676767677,2.0479998400000002e7,2.487161506401774e7,1.6204546250368891e7,3.777907116785791e7
adstock,channel_2,1.5928887644444447e7,0.7777777777777778,2.0479998400000002e7,2.519887315696534e7,1.6417763964189531e7,3.827616420954025e7
adstock,channel_2,1.6135756315151516e7,0.7878787878787878,2.0479998400000002e7,2.5526131249912936e7,1.663098167801017e7,3.8773257251222596e7
adstock,channel_2,1.6342624985858588e7,0.797979797979798,2.0479998400000002e7,2.585338934286054e7,1.6844199391830813e7,3.927035029290491e7
adstock,channel_2,1.6549493656565659e7,0.8080808080808081,2.0479998400000002e7,2.6180647435808137e7,1.705741710565146e7,3.976744333458727e7
adstock,channel_2,1.675636232727273e7,0.8181818181818182,2.0479998400000002e7,2.650790552875574e7,1.72706348194721e7,4.026453637626963e7
adstock,channel_2,1.69632309979798e7,0.8282828282828284,2.0479998400000002e7,2.683516362170334e7,1.7483852533292744e7,4.076162941795198e7
adstock,channel_2,1.717009966868687e7,0.8383838383838383,2.0479998400000002e7,2.7162421714650944e7,1.7697070247113384e7,4.125872245963429e7
adstock,channel_2,1.737696833939394e7,0.8484848484848484,2.0479998400000002e7,2.7489679807598542e7,1.791028796093402e7,4.175581550131663e7
adstock,channel_2,1.7583837010101013e7,0.8585858585858587,2.0479998400000002e7,2.781693790054615e7,1.812350567475468e7,4.225290854299897e7
adstock,channel_2,1.7790705680808082e7,0.8686868686868686,2.0479998400000002e7,2.814419599349375e7,1.8336723388575308e7,4.275000158468131e7
adstock,channel_2,1.7997574351515155e7,0.8787878787878789,2.0479998400000002e7,2.847145408644136e7,1.8549941102395967e7,4.3247094626363665e7
adstock,channel_2,1.8204443022222225e7,0.888888888888889,2.0479998400000002e7,2.8798712179388955e7,1.8763158816216607e7,4.374418766804597e7
adstock,channel_2,1.8411311692929294e7,0.8989898989898989,2.0479998400000002e7,2.9125970272336554e7,1.8976376530037247e7,4.424128070972834e7
adstock,channel_2,1.8618180363636367e7,0.9090909090909092,2.0479998400000002e7,2.945322836528416e7,1.9189594243857887e7,4.473837375141069e7
adstock,channel_2,1.8825049034343436e7,0.9191919191919192,2.0479998400000002e7,2.978048645823176e7,1.9402811957678534e7,4.5235466793093026e7
adstock,channel_2,1.9031917705050506e7,0.9292929292929292,2.0479998400000002e7,3.0107744551179357e7,1.9616029671499167e7,4.573255983477536e7
adstock,channel_2,1.923878637575758e7,0.9393939393939394,2.0479998400000002e7,3.043500264412696e7,1.982924738531982e7,4.622965287645772e7
adstock,channel_2,1.9445655046464648e7,0.9494949494949495,2.0479998400000002e7,3.0762260737074558e7,2.004246509914047e7,4.672674591814004e7
adstock,channel_2,1.965252371717172e7,0.9595959595959597,2.0479998400000002e7,3.1089518830022167e7,2.025568281296111e7,4.7223838959822394e7
adstock,channel_2,1.985939238787879e7,0.9696969696969697,2.0479998400000002e7,3.141677692296977e7,2.0468900526781756e7,4.772093200150472e7
adstock,channel_2,2.006626105858586e7,0.9797979797979798,2.0479998400000002e7,3.1744035015917372e7,2.0682118240602393e7,4.821802504318707e7
adstock,channel_2,2.0273129729292933e7,0.98989898989899,2.0479998400000002e7,3.2071293108864974e7,2.0895335954423036e7,4.871511808486943e7
adstock,channel_2,2.0479998400000002e7,1.0,2.0479998400000002e7,3.2398551201812573e7,2.1108553668243673e7,4.921221112655176e7
adstock,channel_3,0.0,0.0,1.360000133332e7,0.0,0.0,0.0
adstock,channel_3,137373.75084161616,0.010101010101010102,1.360000133332e7,170735.93487269012,138564.59304510886,248696.26658270453
adstock,channel_3,274747.5016832323,0.020202020202020204,1.360000133332e7,341471.86974538025,277129.1860902177,497392.53316540906
adstock,channel_3,412121.25252484845,0.0303030303030303,1.360000133332e7,512207.8046180703,415693.7791353265,746088.7997481137
adstock,channel_3,549495.0033664646,0.04040404040404041,1.360000133332e7,682943.7394907605,554258.3721804355,994785.0663308181
adstock,channel_3,686868.7542080808,0.05050505050505051,1.360000133332e7,853679.6743634506,692822.9652255444,1.2434813329135233e6
adstock,channel_3,824242.5050496969,0.0606060606060606,1.360000133332e7,1.0244156092361406e6,831387.558270653,1.4921775994962275e6
adstock,channel_3,961616.2558913131,0.0707070707070707,1.360000133332e7,1.1951515441088304e6,969952.1513157623,1.740873866078932e6
adstock,channel_3,1.0989900067329293e6,0.08080808080808081,1.360000133332e7,1.365887478981521e6,1.108516744360871e6,1.9895701326616362e6
adstock,channel_3,1.2363637575745455e6,0.09090909090909091,1.360000133332e7,1.5366234138542104e6,1.24708133740598e6,2.238266399244342e6
adstock,channel_3,1.3737375084161616e6,0.10101010101010102,1.360000133332e7,1.7073593487269012e6,1.3856459304510888e6,2.4869626658270466e6
adstock,channel_3,1.5111112592577776e6,0.1111111111111111,1.360000133332e7,1.8780952835995909e6,1.524210523496198e6,2.7356589324097508e6
adstock,channel_3,1.6484850100993938e6,0.1212121212121212,1.360000133332e7,2.0488312184722812e6,1.662775116541306e6,2.984355198992455e6
adstock,channel_3,1.78585876094101e6,0.1313131313131313,1.360000133332e7,2.219567153344971e6,1.8013397095864157e6,3.2330514655751595e6
adstock,channel_3,1.9232325117826262e6,0.1414141414141414,1.360000133332e7,2.390303088217661e6,1.9399043026315246e6,3.481747732157864e6
adstock,channel_3,2.0606062626242423e6,0.15151515151515152,1.360000133332e7,2.561039023090351e6,2.0784688956766326e6,3.7304439987405683e6
adstock,channel_3,2.1979800134658585e6,0.16161616161616163,1.360000133332e7,2.731774957963042e6,2.217033488721742e6,3.9791402653232724e6
adstock,channel_3,2.3353537643074747e6,0.1717171717171717,1.360000133332e7,2.902510892835732e6,2.3555980817668517e6,4.227836531905977e6
adstock,channel_3,2.472727515149091e6,0.18181818181818182,1.360000133332e7,3.073246827708421e6,2.49416267481196e6,4.476532798488684e6
adstock,channel_3,2.610101265990707e6,0.19191919191919193,1.360000133332e7,3.2439827625811123e6,2.6327272678570696e6,4.725229065071388e6
adstock,channel_3,2.7474750168323233e6,0.20202020202020204,1.360000133332e7,3.4147186974538025e6,2.7712918609021776e6,4.973925331654093e6
adstock,channel_3,2.8848487676739395e6,0.21212121212121213,1.360000133332e7,3.585454632326491e6,2.9098564539472875e6,5.222621598236798e6
adstock,channel_3,3.022222518515555e6,0.2222222222222222,1.360000133332e7,3.7561905671991818e6,3.048421046992396e6,5.4713178648195015e6
adstock,channel_3,3.1595962693571714e6,0.23232323232323232,1.360000133332e7,3.926926502071872e6,3.1869856400375036e6,5.720014131402206e6
adstock,channel_3,3.2969700201987876e6,0.2424242424242424,1.360000133332e7,4.0976624369445625e6,3.325550233082612e6,5.96871039798491e6
adstock,channel_3,3.4343437710404037e6,0.25252525252525254,1.360000133332e7,4.2683983718172535e6,3.464114826127723e6,6.217406664567616e6
adstock,channel_3,3.57171752188202e6,0.2626262626262626,1.360000133332e7,4.439134306689942e6,3.6026794191728313e6,6.466102931150319e6
adstock,channel_3,3.709091272723636e6,0.2727272727272727,1.360000133332e7,4.609870241562631e6,3.74124401221794e6,6.714799197733023e6
adstock,channel_3,3.8464650235652523e6,0.2828282828282828,1.360000133332e7,4.780606176435322e6,3.8798086052630492e6,6.963495464315728e6
adstock,channel_3,3.9838387744068685e6,0.29292929292929293,1.360000133332e7,4.951342111308013e6,4.018373198308158e6,7.212191730898432e6
adstock,channel_3,4.1212125252484847e6,0.30303030303030304,1.360000133332e7,5.122078046180702e6,4.1569377913532653e6,7.460887997481137e6
adstock,channel_3,4.2585862760901e6,0.3131313131313131,1.360000133332e7,5.292813981053393e6,4.2955023843983775e6,7.7095842640638435e6
adstock,channel_3,4.395960026931717e6,0.32323232323232326,1.360000133332e7,5.463549915926084e6,4.434066977443484e6,7.958280530646545e6
adstock,channel_3,4.533333777773333e6,0.3333333333333333,1.360000133332e7,5.634285850798773e6,4.572631570488594e6,8.20697679722925e6
adstock,channel_3,4.670707528614949e6,0.3434343434343434,1.360000133332e7,5.805021785671464e6,4.711196163533703e6,8.455673063811954e6
adstock,channel_3,4.808081279456565e6,0.35353535353535354,1.360000133332e7,5.975757720544153e6,4.8497607565788105e6,8.70436933039466e6
adstock,channel_3,4.945455030298182e6,0.36363636363636365,1.360000133332e7,6.146493655416842e6,4.98832534962392e6,8.953065596977368e6
adstock,channel_3,5.0828287811397975e6,0.3737373737373737,1.360000133332e7,6.317229590289532e6,5.126889942669031e6,9.20176186356007e6
adstock,channel_3,5.220202531981414e6,0.38383838383838387,1.360000133332e7,6.487965525162225e6,5.265454535714139e6,9.450458130142776e6
adstock,channel_3,5.35757628282303e6,0.3939393939393939,1.360000133332e7,6.658701460034914e6,5.404019128759248e6,9.699154396725483e6
adstock,channel_3,5.494950033664647e6,0.4040404040404041,1.360000133332e7,6.829437394907605e6,5.542583721804355e6,9.947850663308186e6
adstock,channel_3,5.632323784506262e6,0.41414141414141414,1.360000133332e7,7.000173329780294e6,5.681148314849466e6,1.0196546929890888e7
adstock,channel_3,5.769697535347879e6,0.42424242424242425,1.360000133332e7,7.170909264652982e6,5.819712907894575e6,1.0445243196473597e7
adstock,channel_3,5.907071286189495e6,0.43434343434343436,1.360000133332e7,7.341645199525675e6,5.958277500939682e6,1.0693939463056298e7
adstock,channel_3,6.04444503703111e6,0.4444444444444444,1.360000133332e7,7.5123811343983635e6,6.096842093984792e6,1.0942635729639003e7
adstock,channel_3,6.181818787872727e6,0.45454545454545453,1.360000133332e7,7.683117069271054e6,6.2354066870299e6,1.1191331996221704e7
adstock,channel_3,6.319192538714343e6,0.46464646464646464,1.360000133332e7,7.853853004143744e6,6.373971280075007e6,1.1440028262804411e7
adstock,channel_3,6.456566289555959e6,0.47474747474747475,1.360000133332e7,8.0245889390164325e6,6.512535873120117e6,1.1688724529387118e7
adstock,channel_3,6.593940040397575e6,0.4848484848484848,1.360000133332e7,8.195324873889125e6,6.651100466165224e6,1.193742079596982e7
adstock,channel_3,6.731313791239192e6,0.494949494949495,1.360000133332e7,8.366060808761815e6,6.789665059210339e6,1.2186117062552528e7
adstock,channel_3,6.8686875420808075e6,0.5050505050505051,1.360000133332e7,8.536796743634507e6,6.928229652255446e6,1.2434813329135232e7
adstock,channel_3,7.006061292922424e6,0.5151515151515151,1.360000133332e7,8.707532678507192e6,7.066794245300555e6,1.2683509595717935e7
adstock,channel_3,7.14343504376404e6,0.5252525252525252,1.360000133332e7,8.878268613379885e6,7.205358838345663e6,1.2932205862300638e7
adstock,channel_3,7.2808087946056565e6,0.5353535353535354,1.360000133332e7,9.049004548252575e6,7.343923431390771e6,1.3180902128883345e7
adstock,channel_3,7.418182545447272e6,0.5454545454545454,1.360000133332e7,9.219740483125262e6,7.48248802443588e6,1.3429598395466046e7
adstock,channel_3,7.555556296288889e6,0.5555555555555556,1.360000133332e7,9.390476417997953e6,7.6210526174809905e6,1.367829466204875e7
adstock,channel_3,7.692930047130505e6,0.5656565656565656,1.360000133332e7,9.561212352870643e6,7.7596172105260985e6,1.3926990928631457e7
adstock,channel_3,7.83030379797212e6,0.5757575757575757,1.360000133332e7,9.731948287743332e6,7.898181803571205e6,1.4175687195214156e7
adstock,channel_3,7.967677548813737e6,0.5858585858585859,1.360000133332e7,9.902684222616026e6,8.036746396616316e6,1.4424383461796865e7
adstock,channel_3,8.105051299655353e6,0.5959595959595959,1.360000133332e7,1.0073420157488715e7,8.175310989661424e6,1.4673079728379574e7
adstock,channel_3,8.242425050496969e6,0.6060606060606061,1.360000133332e7,1.0244156092361404e7,8.313875582706531e6,1.4921775994962273e7
adstock,channel_3,8.379798801338585e6,0.6161616161616161,1.360000133332e7,1.0414892027234094e7,8.452440175751641e6,1.5170472261544975e7
adstock,channel_3,8.5171725521802e6,0.6262626262626262,1.360000133332e7,1.0585627962106787e7,8.591004768796755e6,1.5419168528127687e7
adstock,channel_3,8.654546303021818e6,0.6363636363636365,1.360000133332e7,1.075636389697948e7,8.729569361841861e6,1.5667864794710387e7
adstock,channel_3,8.791920053863434e6,0.6464646464646465,1.360000133332e7,1.0927099831852168e7,8.868133954886967e6,1.591656106129309e7
adstock,channel_3,8.92929380470505e6,0.6565656565656566,1.360000133332e7,1.1097835766724857e7,9.006698547932079e6,1.6165257327875791e7
adstock,channel_3,9.066667555546666e6,0.6666666666666666,1.360000133332e7,1.1268571701597545e7,9.145263140977187e6,1.64139535944585e7
adstock,channel_3,9.204041306388283e6,0.6767676767676768,1.360000133332e7,1.143930763647024e7,9.283827734022293e6,1.6662649861041205e7
adstock,channel_3,9.341415057229899e6,0.6868686868686869,1.360000133332e7,1.1610043571342928e7,9.422392327067407e6,1.691134612762391e7
adstock,channel_3,9.478788808071515e6,0.696969696969697,1.360000133332e7,1.1780779506215617e7,9.560956920112511e6,1.7160042394206617e7
adstock,channel_3,9.61616255891313e6,0.7070707070707071,1.360000133332e7,1.1951515441088306e7,9.699521513157621e6,1.740873866078932e7
adstock,channel_3,9.753536309754746e6,0.7171717171717171,1.360000133332e7,1.2122251375960995e7,9.838086106202733e6,1.765743492737202e7
adstock,channel_3,9.890910060596364e6,0.7272727272727273,1.360000133332e7,1.2292987310833683e7,9.97665069924784e6,1.7906131193954736e7
adstock,channel_3,1.002828381143798e7,0.7373737373737373,1.360000133332e7,1.2463723245706376e7,1.011521529229295e7,1.8154827460537445e7
adstock,channel_3,1.0165657562279595e7,0.7474747474747474,1.360000133332e7,1.2634459180579064e7,1.0253779885338062e7,1.840352372712014e7
adstock,channel_3,1.030303131312121e7,0.7575757575757576,1.360000133332e7,1.2805195115451757e7,1.0392344478383165e7,1.865221999370285e7
adstock,channel_3,1.0440405063962828e7,0.7676767676767677,1.360000133332e7,1.297593105032445e7,1.0530909071428278e7,1.8900916260285553e7
adstock,channel_3,1.0577778814804444e7,0.7777777777777778,1.360000133332e7,1.3146666985197138e7,1.066947366447339e7,1.914961252686825e7
adstock,channel_3,1.071515256564606e7,0.7878787878787878,1.360000133332e7,1.3317402920069829e7,1.0808038257518496e7,1.9398308793450966e7
adstock,channel_3,1.0852526316487676e7,0.7979797979797979,1.360000133332e7,1.3488138854942514e7,1.0946602850563604e7,1.9647005060033657e7
adstock,channel_3,1.0989900067329293e7,0.8080808080808082,1.360000133332e7,1.365887478981521e7,1.108516744360871e7,1.9895701326616373e7
adstock,channel_3,1.1127273818170909e7,0.8181818181818182,1.360000133332e7,1.3829610724687899e7,1.1223732036653822e7,2.0144397593199067e7
adstock,channel_3,1.1264647569012525e7,0.8282828282828283,1.360000133332e7,1.4000346659560587e7,1.1362296629698932e7,2.0393093859781776e7
adstock,channel_3,1.140202131985414e7,0.8383838383838383,1.360000133332e7,1.4171082594433278e7,1.1500861222744036e7,2.0641790126364484e7
adstock,channel_3,1.1539395070695758e7,0.8484848484848485,1.360000133332e7,1.4341818529305965e7,1.163942581578915e7,2.0890486392947193e7
adstock,channel_3,1.1676768821537374e7,0.8585858585858587,1.360000133332e7,1.4512554464178663e7,1.177799040883426e7,2.1139182659529883e7
adstock,channel_3,1.181414257237899e7,0.8686868686868687,1.360000133332e7,1.468329039905135e7,1.1916555001879364e7,2.1387878926112596e7
adstock,channel_3,1.1951516323220605e7,0.8787878787878788,1.360000133332e7,1.4854026333924036e7,1.2055119594924472e7,2.1636575192695294e7
adstock,channel_3,1.208889007406222e7,0.8888888888888888,1.360000133332e7,1.5024762268796727e7,1.2193684187969584e7,2.1885271459278006e7
adstock,channel_3,1.2226263824903838e7,0.898989898989899,1.360000133332e7,1.5195498203669418e7,1.2332248781014685e7,2.2133967725860707e7
adstock,channel_3,1.2363637575745454e7,0.9090909090909091,1.360000133332e7,1.5366234138542108e7,1.24708133740598e7,2.238266399244341e7
adstock,channel_3,1.250101132658707e7,0.9191919191919192,1.360000133332e7,1.55369700734148e7,1.2609377967104917e7,2.2631360259026125e7
adstock,channel_3,1.2638385077428686e7,0.9292929292929293,1.360000133332e7,1.5707706008287488e7,1.2747942560150014e7,2.2880056525608823e7
adstock,channel_3,1.2775758828270303e7,0.9393939393939394,1.360000133332e7,1.587844194316018e7,1.2886507153195128e7,2.3128752792191524e7
adstock,channel_3,1.2913132579111919e7,0.9494949494949495,1.360000133332e7,1.6049177878032865e7,1.3025071746240234e7,2.3377449058774237e7
adstock,channel_3,1.3050506329953535e7,0.9595959595959596,1.360000133332e7,1.621991381290556e7,1.3163636339285344e7,2.3626145325356934e7
adstock,channel_3,1.318788008079515e7,0.9696969696969696,1.360000133332e7,1.639064974777825e7,1.3302200932330448e7,2.387484159193964e7
adstock,channel_3,1.3325253831636768e7,0.9797979797979799,1.360000133332e7,1.656138568265094e7,1.3440765525375567e7,2.4123537858522348e7
adstock,channel_3,1.3462627582478384e7,0.98989898989899,1.360000133332e7,1.673212161752363e7,1.3579330118420677e7,2.4372234125105057e7
adstock,channel_3,1.360000133332e7,1.0,1.360000133332e7,1.690285755239632e7,1.3717894711465783e7,2.4620930391687743e7
adstock,channel_4,0.0,0.0,2.7040068456499998e7,0.0,0.0,0.0
adstock,channel_4,273132.0046111111,0.0101010101010101,2.7040068456499998e7,332848.26337824296,276488.07183341734,448443.16062659724
adstock,channel_4,546264.0092222221,0.0202020202020202,2.7040068456499998e7,665696.5267564859,552976.1436668347,896886.3212531945
adstock,channel_4,819396.0138333333,0.030303030303030304,2.7040068456499998e7,998544.7901347291,829464.2155002516,1.3453294818797926e6
adstock,channel_4,1.0925280184444443e6,0.0404040404040404,2.7040068456499998e7,1.3313930535129718e6,1.1059522873336694e6,1.793772642506389e6
adstock,channel_4,1.3656600230555555e6,0.05050505050505051,2.7040068456499998e7,1.664241316891215e6,1.3824403591670864e6,2.2422158031329853e6
adstock,channel_4,1.6387920276666665e6,0.06060606060606061,2.7040068456499998e7,1.9970895802694582e6,1.6589284310005032e6,2.6906589637595853e6
adstock,channel_4,1.9119240322777776e6,0.0707070707070707,2.7040068456499998e7,2.3299378436477007e6,1.9354165028339212e6,3.13910212438618e6
adstock,channel_4,2.1850560368888886e6,0.0808080808080808,2.7040068456499998e7,2.6627861070259437e6,2.2119045746673387e6,3.587545285012778e6
adstock,channel_4,2.4581880415e6,0.09090909090909091,2.7040068456499998e7,2.995634370404187e6,2.4883926465007556e6,4.0359884456393747e6
adstock,channel_4,2.731320046111111e6,0.10101010101010102,2.7040068456499998e7,3.32848263378243e6,2.764880718334173e6,4.4844316062659705e6
adstock,channel_4,3.004452050722222e6,0.1111111111111111,2.7040068456499998e7,3.6613308971606726e6,3.0413687901675906e6,4.932874766892569e6
adstock,channel_4,3.277584055333333e6,0.12121212121212122,2.7040068456499998e7,3.9941791605389165e6,3.3178568620010065e6,5.381317927519171e6
adstock,channel_4,3.5507160599444443e6,0.13131313131313133,2.7040068456499998e7,4.32702742391716e6,3.594344933834427e6,5.829761088145767e6
adstock,channel_4,3.823848064555555e6,0.1414141414141414,2.7040068456499998e7,4.6598756872954015e6,3.8708330056678425e6,6.27820424877236e6
adstock,channel_4,4.0969800691666664e6,0.15151515151515152,2.7040068456499998e7,4.992723950673645e6,4.14732107750126e6,6.726647409398958e6
adstock,channel_4,4.370112073777777e6,0.1616161616161616,2.7040068456499998e7,5.325572214051887e6,4.4238091493346775e6,7.175090570025556e6
adstock,channel_4,4.643244078388888e6,0.1717171717171717,2.7040068456499998e7,5.658420477430132e6,4.700297221168094e6,7.623533730652157e6
adstock,channel_4,4.916376083e6,0.18181818181818182,2.7040068456499998e7,5.991268740808374e6,4.976785293001511e6,8.071976891278749e6
adstock,channel_4,5.189508087611111e6,0.19191919191919193,2.7040068456499998e7,6.324117004186618e6,5.253273364834928e6,8.52042005190535e6
adstock,channel_4,5.462640092222222e6,0.20202020202020204,2.7040068456499998e7,6.65696526756486e6,5.529761436668346e6,8.968863212531941e6
adstock,channel_4,5.735772096833332e6,0.2121212121212121,2.7040068456499998e7,6.989813530943104e6,5.806249508501764e6,9.41730637315854e6
adstock,channel_4,6.008904101444444e6,0.2222222222222222,2.7040068456499998e7,7.322661794321345e6,6.082737580335181e6,9.865749533785138e6
adstock,channel_4,6.282036106055555e6,0.23232323232323232,2.7040068456499998e7,7.65551005769959e6,6.359225652168596e6,1.0314192694411736e7
adstock,channel_4,6.555168110666666e6,0.24242424242424243,2.7040068456499998e7,7.988358321077833e6,6.635713724002013e6,1.0762635855038341e7
adstock,channel_4,6.828300115277777e6,0.25252525252525254,2.7040068456499998e7,8.321206584456074e6,6.912201795835433e6,1.1211079015664931e7
adstock,channel_4,7.101432119888889e6,0.26262626262626265,2.7040068456499998e7,8.65405484783432e6,7.188689867668854e6,1.1659522176291535e7
adstock,channel_4,7.374564124499999e6,0.2727272727272727,2.7040068456499998e7,8.98690311121256e6,7.465177939502265e6,1.2107965336918129e7
adstock,channel_4,7.64769612911111e6,0.2828282828282828,2.7040068456499998e7,9.319751374590803e6,7.741666011335685e6,1.255640849754472e7
adstock,channel_4,7.9208281337222215e6,0.29292929292929293,2.7040068456499998e7,9.652599637969047e6,8.018154083169102e6,1.300485165817132e7
adstock,channel_4,8.193960138333333e6,0.30303030303030304,2.7040068456499998e7,9.98544790134729e6,8.29464215500252e6,1.3453294818797916e7
adstock,channel_4,8.467092142944444e6,0.31313131313131315,2.7040068456499998e7,1.0318296164725536e7,8.57113022683594e6,1.390173797942452e7
adstock,channel_4,8.740224147555554e6,0.3232323232323232,2.7040068456499998e7,1.0651144428103775e7,8.847618298669355e6,1.4350181140051112e7
adstock,channel_4,9.013356152166666e6,0.33333333333333337,2.7040068456499998e7,1.098399269148202e7,9.124106370502774e6,1.479862430067771e7
adstock,channel_4,9.286488156777777e6,0.3434343434343434,2.7040068456499998e7,1.1316840954860264e7,9.400594442336189e6,1.5247067461304314e7
adstock,channel_4,9.559620161388887e6,0.3535353535353535,2.7040068456499998e7,1.1649689218238505e7,9.677082514169605e6,1.5695510621930907e7
adstock,channel_4,9.832752166e6,0.36363636363636365,2.7040068456499998e7,1.1982537481616748e7,9.953570586003022e6,1.6143953782557499e7
adstock,channel_4,1.010588417061111e7,0.3737373737373737,2.7040068456499998e7,1.2315385744994987e7,1.0230058657836441e7,1.65923969431841e7
adstock,channel_4,1.0379016175222222e7,0.38383838383838387,2.7040068456499998e7,1.2648234008373236e7,1.0506546729669856e7,1.70408401038107e7
adstock,channel_4,1.0652148179833332e7,0.3939393939393939,2.7040068456499998e7,1.2981082271751476e7,1.078303480150328e7,1.7489283264437295e7
adstock,channel_4,1.0925280184444444e7,0.4040404040404041,2.7040068456499998e7,1.331393053512972e7,1.1059522873336691e7,1.7937726425063882e7
adstock,channel_4,1.1198412189055555e7,0.41414141414141414,2.7040068456499998e7,1.364677879850796e7,1.133601094517011e7,1.8386169585690487e7
adstock,channel_4,1.1471544193666665e7,0.4242424242424242,2.7040068456499998e7,1.3979627061886208e7,1.1612499017003529e7,1.883461274631708e7
adstock,channel_4,1.1744676198277777e7,0.43434343434343436,2.7040068456499998e7,1.431247532526445e7,1.1888987088836951e7,1.928305590694368e7
adstock,channel_4,1.2017808202888887e7,0.4444444444444444,2.7040068456499998e7,1.464532358864269e7,1.2165475160670362e7,1.9731499067570277e7
adstock,channel_4,1.22909402075e7,0.4545454545454546,2.7040068456499998e7,1.4978171852020936e7,1.2441963232503776e7,2.0179942228196885e7
adstock,channel_4,1.256407221211111e7,0.46464646464646464,2.7040068456499998e7,1.531102011539918e7,1.2718451304337192e7,2.0628385388823472e7
adstock,channel_4,1.283720421672222e7,0.4747474747474747,2.7040068456499998e7,1.564386837877742e7,1.2994939376170617e7,2.1076828549450073e7
adstock,channel_4,1.3110336221333332e7,0.48484848484848486,2.7040068456499998e7,1.5976716642155666e7,1.3271427448004026e7,2.1525271710076682e7
adstock,channel_4,1.3383468225944443e7,0.4949494949494949,2.7040068456499998e7,1.6309564905533908e7,1.3547915519837448e7,2.197371487070327e7
adstock,channel_4,1.3656600230555555e7,0.5050505050505051,2.7040068456499998e7,1.6642413168912148e7,1.3824403591670865e7,2.2422158031329863e7
adstock,channel_4,1.3929732235166665e7,0.5151515151515151,2.7040068456499998e7,1.6975261432290394e7,1.4100891663504278e7,2.287060119195646e7
adstock,channel_4,1.4202864239777777e7,0.5252525252525253,2.7040068456499998e7,1.730810969566864e7,1.4377379735337708e7,2.331904435258307e7
adstock,channel_4,1.4475996244388888e7,0.5353535353535354,2.7040068456499998e7,1.764095795904688e7,1.4653867807171123e7,2.3767487513209652e7
adstock,channel_4,1.4749128248999998e7,0.5454545454545454,2.7040068456499998e7,1.797380622242512e7,1.493035587900453e7,2.4215930673836257e7
adstock,channel_4,1.502226025361111e7,0.5555555555555556,2.7040068456499998e7,1.830665448580337e7,1.5206843950837962e7,2.466437383446285e7
adstock,channel_4,1.529539225822222e7,0.5656565656565656,2.7040068456499998e7,1.8639502749181606e7,1.548333202267137e7,2.511281699508944e7
adstock,channel_4,1.5568524262833333e7,0.5757575757575758,2.7040068456499998e7,1.897235101255985e7,1.5759820094504785e7,2.5561260155716054e7
adstock,channel_4,1.5841656267444443e7,0.5858585858585859,2.7040068456499998e7,1.9305199275938094e7,1.6036308166338203e7,2.600970331634264e7
adstock,channel_4,1.6114788272055553e7,0.5959595959595959,2.7040068456499998e7,1.9638047539316334e7,1.6312796238171626e7,2.6458146476969242e7
adstock,channel_4,1.6387920276666665e7,0.6060606060606061,2.7040068456499998e7,1.997089580269458e7,1.658928431000504e7,2.6906589637595832e7
adstock,channel_4,1.6661052281277776e7,0.6161616161616161,2.7040068456499998e7,2.030374406607282e7,1.6865772381838452e7,2.7355032798222438e7
adstock,channel_4,1.6934184285888888e7,0.6262626262626263,2.7040068456499998e7,2.0636592329451073e7,1.714226045367188e7,2.780347595884904e7
adstock,channel_4,1.72073162905e7,0.6363636363636365,2.7040068456499998e7,2.0969440592829313e7,1.7418748525505293e7,2.825191911947563e7
adstock,channel_4,1.748044829511111e7,0.6464646464646464,2.7040068456499998e7,2.130228885620755e7,1.769523659733871e7,2.8700362280102223e7
adstock,channel_4,1.775358029972222e7,0.6565656565656566,2.7040068456499998e7,2.1635137119585797e7,1.7971724669172127e7,2.9148805440728832e7
adstock,channel_4,1.8026712304333333e7,0.6666666666666667,2.7040068456499998e7,2.196798538296404e7,1.8248212741005547e7,2.959724860135542e7
adstock,channel_4,1.829984430894444e7,0.6767676767676767,2.7040068456499998e7,2.2300833646342274e7,1.8524700812838964e7,3.004569176198203e7
adstock,channel_4,1.8572976313555554e7,0.6868686868686869,2.7040068456499998e7,2.263368190972053e7,1.8801188884672377e7,3.049413492260863e7
adstock,channel_4,1.8846108318166666e7,0.696969696969697,2.7040068456499998e7,2.2966530173098765e7,1.907767695650579e7,3.0942578083235197e7
adstock,channel_4,1.9119240322777774e7,0.707070707070707,2.7040068456499998e7,2.329937843647701e7,1.935416502833921e7,3.1391021243861813e7
adstock,channel_4,1.9392372327388886e7,0.7171717171717171,2.7040068456499998e7,2.3632226699855253e7,1.963065310017262e7,3.1839464404488415e7
adstock,channel_4,1.9665504332e7,0.7272727272727273,2.7040068456499998e7,2.3965074963233497e7,1.9907141172006045e7,3.2287907565114997e7
adstock,channel_4,1.993863633661111e7,0.7373737373737375,2.7040068456499998e7,2.4297923226611745e7,2.0183629243839473e7,3.273635072574161e7
adstock,channel_4,2.021176834122222e7,0.7474747474747474,2.7040068456499998e7,2.4630771489989974e7,2.0460117315672882e7,3.31847938863682e7
adstock,channel_4,2.048490034583333e7,0.7575757575757576,2.7040068456499998e7,2.4963619753368225e7,2.07366053875063e7,3.36332370469948e7
adstock,channel_4,2.0758032350444444e7,0.7676767676767677,2.7040068456499998e7,2.5296468016746473e7,2.101309345933971e7,3.40816802076214e7
adstock,channel_4,2.1031164355055552e7,0.7777777777777777,2.7040068456499998e7,2.562931628012471e7,2.1289581531173136e7,3.453012336824798e7
adstock,channel_4,2.1304296359666664e7,0.7878787878787878,2.7040068456499998e7,2.5962164543502953e7,2.156606960300656e7,3.497856652887459e7
adstock,channel_4,2.1577428364277776e7,0.797979797979798,2.7040068456499998e7,2.6295012806881204e7,2.1842557674839973e7,3.54270096895012e7
adstock,channel_4,2.185056036888889e7,0.8080808080808082,2.7040068456499998e7,2.662786107025944e7,2.2119045746673383e7,3.5875452850127764e7
adstock,channel_4,2.2123692373499997e7,0.8181818181818181,2.7040068456499998e7,2.696070933363769e7,2.2395533818506803e7,3.6323896010754384e7
adstock,channel_4,2.239682437811111e7,0.8282828282828283,2.7040068456499998e7,2.729355759701592e7,2.267202189034022e7,3.6772339171380974e7
adstock,channel_4,2.266995638272222e7,0.8383838383838385,2.7040068456499998e7,2.7626405860394172e7,2.2948509962173644e7,3.722078233200759e7
adstock,channel_4,2.294308838733333e7,0.8484848484848484,2.7040068456499998e7,2.7959254123772416e7,2.3224998034007058e7,3.766922549263416e7
adstock,channel_4,2.3216220391944442e7,0.8585858585858586,2.7040068456499998e7,2.8292102387150656e7,2.350148610584048e7,3.8117668653260775e7
adstock,channel_4,2.3489352396555554e7,0.8686868686868687,2.7040068456499998e7,2.86249506505289e7,2.3777974177673902e7,3.856611181388736e7
adstock,channel_4,2.3762484401166666e7,0.8787878787878789,2.7040068456499998e7,2.8957798913907148e7,2.4054462249507308e7,3.901455497451397e7
adstock,channel_4,2.4035616405777775e7,0.8888888888888888,2.7040068456499998e7,2.929064717728538e7,2.4330950321340725e7,3.946299813514055e7
adstock,channel_4,2.4308748410388887e7,0.898989898989899,2.7040068456499998e7,2.9623495440663632e7,2.4607438393174145e7,3.9911441295767166e7
adstock,channel_4,2.4581880415e7,0.9090909090909092,2.7040068456499998e7,2.9956343704041872e7,2.488392646500755e7,4.035988445639377e7
adstock,channel_4,2.4855012419611108e7,0.9191919191919191,2.7040068456499998e7,3.0289191967420105e7,2.5160414536840964e7,4.080832761702034e7
adstock,channel_4,2.512814442422222e7,0.9292929292929293,2.7040068456499998e7,3.062204023079836e7,2.5436902608674385e7,4.1256770777646944e7
adstock,channel_4,2.5401276428833332e7,0.9393939393939394,2.7040068456499998e7,3.0954888494176604e7,2.5713390680507805e7,4.1705213938273564e7
adstock,channel_4,2.567440843344444e7,0.9494949494949494,2.7040068456499998e7,3.128773675755484e7,2.5989878752341233e7,4.215365709890015e7
adstock,channel_4,2.5947540438055553e7,0.9595959595959596,2.7040068456499998e7,3.162058502093308e7,2.626636682417465e7,4.260210025952673e7
adstock,channel_4,2.6220672442666665e7,0.9696969696969697,2.7040068456499998e7,3.195343328431133e7,2.6542854896008052e7,4.3050543420153365e7
adstock,channel_4,2.6493804447277777e7,0.9797979797979799,2.7040068456499998e7,3.2286281547689576e7,2.6819342967841484e7,4.349898658077994e7
adstock,channel_4,2.6766936451888885e7,0.9898989898989898,2.7040068456499998e7,3.2619129811067816e7,2.7095831039674897e7,4.394742974140654e7
adstock,channel_4,2.7040068456499998e7,1.0,2.7040068456499998e7,3.2951978074446056e7,2.737231911150832e7,4.439587290203315e7
adstock,channel_5,0.0,0.0,1.5547365717045004e7,0.0,0.0,0.0
adstock,channel_5,157044.09815196972,0.0101010101010101,1.5547365717045004e7,225448.44856253476,160170.46361360318,364556.4259249473
adstock,channel_5,314088.19630393945,0.0202020202020202,1.5547365717045004e7,450896.8971250695,320340.92722720635,729112.8518498946
adstock,channel_5,471132.29445590917,0.0303030303030303,1.5547365717045004e7,676345.3456876043,480511.39084080997,1.0936692777748425e6
adstock,channel_5,628176.3926078789,0.0404040404040404,1.5547365717045004e7,901793.794250139,640681.8544544127,1.4582257036997892e6
adstock,channel_5,785220.4907598486,0.050505050505050504,1.5547365717045004e7,1.1272422428126738e6,800852.3180680167,1.822782129624737e6
adstock,channel_5,942264.5889118183,0.0606060606060606,1.5547365717045004e7,1.3526906913752086e6,961022.7816816199,2.187338555549685e6
adstock,channel_5,1.099308687063788e6,0.0707070707070707,1.5547365717045004e7,1.5781391399377433e6,1.1211932452952222e6,2.551894981474632e6
adstock,channel_5,1.2563527852157578e6,0.0808080808080808,1.5547365717045004e7,1.803587588500278e6,1.2813637089088254e6,2.9164514073995785e6
adstock,channel_5,1.4133968833677275e6,0.0909090909090909,1.5547365717045004e7,2.0290360370628126e6,1.4415341725224296e6,3.2810078333245255e6
adstock,channel_5,1.5704409815196972e6,0.10101010101010101,1.5547365717045004e7,2.2544844856253476e6,1.6017046361360333e6,3.645564259249474e6
adstock,channel_5,1.727485079671667e6,0.1111111111111111,1.5547365717045004e7,2.479932934187882e6,1.7618750997496364e6,4.01012068517442e6
adstock,channel_5,1.8845291778236367e6,0.1212121212121212,1.5547365717045004e7,2.705381382750417e6,1.9220455633632399e6,4.37467711109937e6
adstock,channel_5,2.0415732759756066e6,0.13131313131313133,1.5547365717045004e7,2.930829831312952e6,2.0822160269768415e6,4.739233537024317e6
adstock,channel_5,2.198617374127576e6,0.1414141414141414,1.5547365717045004e7,3.1562782798754866e6,2.2423864905904443e6,5.103789962949264e6
adstock,channel_5,2.355661472279546e6,0.15151515151515152,1.5547365717045004e7,3.3817267284380216e6,2.402556954204049e6,5.4683463888742095e6
adstock,channel_5,2.5127055704315156e6,0.1616161616161616,1.5547365717045004e7,3.607175177000556e6,2.562727417817651e6,5.832902814799157e6
adstock,channel_5,2.6697496685834853e6,0.1717171717171717,1.5547365717045004e7,3.8326236255630907e6,2.7228978814312564e6,6.197459240724105e6
adstock,channel_5,2.826793766735455e6,0.1818181818181818,1.5547365717045004e7,4.058072074125625e6,2.883068345044859e6,6.562015666649051e6
adstock,channel_5,2.9838378648874247e6,0.1919191919191919,1.5547365717045004e7,4.28352052268816e6,3.0432388086584616e6,6.926572092573998e6
adstock,channel_5,3.1408819630393945e6,0.20202020202020202,1.5547365717045004e7,4.508968971250695e6,3.2034092722720667e6,7.291128518498948e6
adstock,channel_5,3.297926061191364e6,0.2121212121212121,1.5547365717045004e7,4.734417419813231e6,3.363579735885669e6,7.655684944423897e6
adstock,channel_5,3.454970159343334e6,0.2222222222222222,1.5547365717045004e7,4.959865868375764e6,3.5237501994992727e6,8.02024137034884e6
adstock,channel_5,3.6120142574953036e6,0.23232323232323232,1.5547365717045004e7,5.185314316938299e6,3.683920663112876e6,8.38479779627379e6
adstock,channel_5,3.7690583556472734e6,0.2424242424242424,1.5547365717045004e7,5.410762765500834e6,3.8440911267264797e6,8.74935422219874e6
adstock,channel_5,3.9261024537992436e6,0.25252525252525254,1.5547365717045004e7,5.63621121406337e6,4.0042615903400825e6,9.113910648123687e6
adstock,channel_5,4.0831465519512133e6,0.26262626262626265,1.5547365717045004e7,5.861659662625904e6,4.164432053953683e6,9.478467074048635e6
adstock,channel_5,4.2401906501031825e6,0.2727272727272727,1.5547365717045004e7,6.087108111188438e6,4.324602517567288e6,9.843023499973573e6
adstock,channel_5,4.397234748255152e6,0.2828282828282828,1.5547365717045004e7,6.312556559750973e6,4.484772981180889e6,1.0207579925898528e7
adstock,channel_5,4.554278846407122e6,0.29292929292929293,1.5547365717045004e7,6.538005008313509e6,4.644943444794496e6,1.0572136351823475e7
adstock,channel_5,4.711322944559092e6,0.30303030303030304,1.5547365717045004e7,6.763453456876043e6,4.805113908408098e6,1.0936692777748419e7
adstock,channel_5,4.868367042711061e6,0.3131313131313131,1.5547365717045004e7,6.988901905438577e6,4.965284372021703e6,1.1301249203673372e7
adstock,channel_5,5.025411140863031e6,0.3232323232323232,1.5547365717045004e7,7.214350354001112e6,5.125454835635302e6,1.1665805629598314e7
adstock,channel_5,5.182455239015001e6,0.3333333333333333,1.5547365717045004e7,7.439798802563647e6,5.285625299248907e6,1.2030362055523256e7
adstock,channel_5,5.339499337166971e6,0.3434343434343434,1.5547365717045004e7,7.665247251126181e6,5.445795762862513e6,1.239491848144821e7
adstock,channel_5,5.49654343531894e6,0.35353535353535354,1.5547365717045004e7,7.890695699688718e6,5.605966226476114e6,1.2759474907373156e7
adstock,channel_5,5.65358753347091e6,0.3636363636363636,1.5547365717045004e7,8.11614414825125e6,5.766136690089718e6,1.3124031333298102e7
adstock,channel_5,5.81063163162288e6,0.3737373737373737,1.5547365717045004e7,8.341592596813787e6,5.926307153703323e6,1.3488587759223051e7
adstock,channel_5,5.9676757297748495e6,0.3838383838383838,1.5547365717045004e7,8.56704104537632e6,6.086477617316923e6,1.3853144185147995e7
adstock,channel_5,6.124719827926819e6,0.3939393939393939,1.5547365717045004e7,8.792489493938854e6,6.246648080930526e6,1.4217700611072946e7
adstock,channel_5,6.281763926078789e6,0.40404040404040403,1.5547365717045004e7,9.01793794250139e6,6.406818544544133e6,1.4582257036997896e7
adstock,channel_5,6.438808024230759e6,0.41414141414141414,1.5547365717045004e7,9.243386391063925e6,6.566989008157735e6,1.4946813462922845e7
adstock,channel_5,6.595852122382728e6,0.4242424242424242,1.5547365717045004e7,9.468834839626461e6,6.727159471771338e6,1.5311369888847794e7
adstock,channel_5,6.752896220534698e6,0.4343434343434343,1.5547365717045004e7,9.694283288188994e6,6.88732993538494e6,1.5675926314772734e7
adstock,channel_5,6.909940318686668e6,0.4444444444444444,1.5547365717045004e7,9.919731736751528e6,7.0475003989985455e6,1.604048274069768e7
adstock,channel_5,7.066984416838638e6,0.45454545454545453,1.5547365717045004e7,1.0145180185314065e7,7.207670862612146e6,1.6405039166622633e7
adstock,channel_5,7.224028514990607e6,0.46464646464646464,1.5547365717045004e7,1.0370628633876598e7,7.367841326225752e6,1.676959559254758e7
adstock,channel_5,7.381072613142577e6,0.4747474747474747,1.5547365717045004e7,1.059607708243913e7,7.528011789839351e6,1.7134152018472534e7
adstock,channel_5,7.538116711294547e6,0.4848484848484848,1.5547365717045004e7,1.0821525531001668e7,7.6881822534529595e6,1.749870844439748e7
adstock,channel_5,7.695160809446516e6,0.4949494949494949,1.5547365717045004e7,1.1046973979564203e7,7.848352717066563e6,1.7863264870322417e7
adstock,channel_5,7.852204907598487e6,0.5050505050505051,1.5547365717045004e7,1.127242242812674e7,8.008523180680165e6,1.8227821296247374e7
adstock,channel_5,8.009249005750457e6,0.5151515151515151,1.5547365717045004e7,1.1497870876689272e7,8.168693644293765e6,1.8592377722172312e7
adstock,channel_5,8.166293103902427e6,0.5252525252525253,1.5547365717045004e7,1.1723319325251808e7,8.328864107907366e6,1.895693414809727e7
adstock,channel_5,8.323337202054396e6,0.5353535353535354,1.5547365717045004e7,1.1948767773814343e7,8.489034571520973e6,1.9321490574022204e7
adstock,channel_5,8.480381300206365e6,0.5454545454545454,1.5547365717045004e7,1.2174216222376876e7,8.649205035134576e6,1.9686046999947146e7
adstock,channel_5,8.637425398358336e6,0.5555555555555556,1.5547365717045004e7,1.2399664670939414e7,8.80937549874818e6,2.0050603425872106e7
adstock,channel_5,8.794469496510305e6,0.5656565656565656,1.5547365717045004e7,1.2625113119501946e7,8.969545962361777e6,2.0415159851797055e7
adstock,channel_5,8.951513594662275e6,0.5757575757575758,1.5547365717045004e7,1.285056156806448e7,9.129716425975386e6,2.0779716277721997e7
adstock,channel_5,9.108557692814244e6,0.5858585858585859,1.5547365717045004e7,1.3076010016627017e7,9.289886889588991e6,2.114427270364695e7
adstock,channel_5,9.265601790966215e6,0.595959595959596,1.5547365717045004e7,1.3301458465189552e7,9.450057353202598e6,2.15088291295719e7
adstock,channel_5,9.422645889118183e6,0.6060606060606061,1.5547365717045004e7,1.3526906913752086e7,9.610227816816196e6,2.1873385555496838e7
adstock,channel_5,9.579689987270154e6,0.6161616161616161,1.5547365717045004e7,1.3752355362314617e7,9.770398280429797e6,2.2237941981421795e7
adstock,channel_5,9.736734085422123e6,0.6262626262626262,1.5547365717045004e7,1.3977803810877154e7,9.930568744043406e6,2.2602498407346744e7
adstock,channel_5,9.893778183574094e6,0.6363636363636364,1.5547365717045004e7,1.4203252259439692e7,1.0090739207657008e7,2.2967054833271682e7
adstock,channel_5,1.0050822281726062e7,0.6464646464646464,1.5547365717045004e7,1.4428700708002225e7,1.0250909671270603e7,2.3331611259196628e7
adstock,channel_5,1.0207866379878033e7,0.6565656565656566,1.5547365717045004e7,1.465414915656476e7,1.0411080134884216e7,2.3696167685121574e7
adstock,channel_5,1.0364910478030002e7,0.6666666666666666,1.5547365717045004e7,1.4879597605127294e7,1.0571250598497814e7,2.406072411104651e7
adstock,channel_5,1.0521954576181972e7,0.6767676767676768,1.5547365717045004e7,1.510504605368983e7,1.073142106211142e7,2.442528053697148e7
adstock,channel_5,1.0678998674333941e7,0.6868686868686869,1.5547365717045004e7,1.5330494502252363e7,1.0891591525725026e7,2.478983696289642e7
adstock,channel_5,1.0836042772485912e7,0.696969696969697,1.5547365717045004e7,1.5555942950814899e7,1.105176198933863e7,2.5154393388821367e7
adstock,channel_5,1.099308687063788e7,0.7070707070707071,1.5547365717045004e7,1.5781391399377435e7,1.1211932452952228e7,2.5518949814746313e7
adstock,channel_5,1.1150130968789851e7,0.7171717171717172,1.5547365717045004e7,1.6006839847939972e7,1.1372102916565834e7,2.5883506240671266e7
adstock,channel_5,1.130717506694182e7,0.7272727272727272,1.5547365717045004e7,1.62322882965025e7,1.1532273380179437e7,2.6248062666596204e7
adstock,channel_5,1.146421916509379e7,0.7373737373737373,1.5547365717045004e7,1.6457736745065039e7,1.169244384379304e7,2.6612619092521165e7
adstock,channel_5,1.162126326324576e7,0.7474747474747474,1.5547365717045004e7,1.6683185193627574e7,1.1852614307406645e7,2.6977175518446103e7
adstock,channel_5,1.177830736139773e7,0.7575757575757576,1.5547365717045004e7,1.6908633642190106e7,1.2012784771020247e7,2.734173194437105e7
adstock,channel_5,1.1935351459549699e7,0.7676767676767676,1.5547365717045004e7,1.713408209075264e7,1.2172955234633846e7,2.770628837029599e7
adstock,channel_5,1.209239555770167e7,0.7777777777777778,1.5547365717045004e7,1.7359530539315186e7,1.2333125698247451e7,2.8070844796220955e7
adstock,channel_5,1.2249439655853638e7,0.7878787878787878,1.5547365717045004e7,1.7584978987877708e7,1.2493296161861053e7,2.8435401222145893e7
adstock,channel_5,1.240648375400561e7,0.797979797979798,1.5547365717045004e7,1.7810427436440248e7,1.2653466625474662e7,2.879995764807084e7
adstock,channel_5,1.2563527852157578e7,0.8080808080808081,1.5547365717045004e7,1.803587588500278e7,1.2813637089088267e7,2.916451407399579e7
adstock,channel_5,1.2720571950309549e7,0.8181818181818182,1.5547365717045004e7,1.8261324333565317e7,1.2973807552701868e7,2.9529070499920737e7
adstock,channel_5,1.2877616048461517e7,0.8282828282828283,1.5547365717045004e7,1.848677278212785e7,1.313397801631547e7,2.989362692584569e7
adstock,channel_5,1.3034660146613488e7,0.8383838383838383,1.5547365717045004e7,1.8712221230690386e7,1.3294148479929069e7,3.0258183351770636e7
adstock,channel_5,1.3191704244765457e7,0.8484848484848484,1.5547365717045004e7,1.8937669679252923e7,1.3454318943542676e7,3.062273977769559e7
adstock,channel_5,1.3348748342917427e7,0.8585858585858586,1.5547365717045004e7,1.9163118127815455e7,1.3614489407156285e7,3.098729620362052e7
adstock,channel_5,1.3505792441069396e7,0.8686868686868686,1.5547365717045004e7,1.9388566576377988e7,1.377465987076988e7,3.135185262954547e7
adstock,channel_5,1.3662836539221367e7,0.8787878787878788,1.5547365717045004e7,1.9614015024940524e7,1.393483033438348e7,3.1716409055470414e7
adstock,channel_5,1.3819880637373336e7,0.8888888888888888,1.5547365717045004e7,1.9839463473503057e7,1.4095000797997091e7,3.208096548139536e7
adstock,channel_5,1.3976924735525306e7,0.898989898989899,1.5547365717045004e7,2.0064911922065593e7,1.425517126161069e7,3.2445521907320313e7
adstock,channel_5,1.4133968833677275e7,0.9090909090909091,1.5547365717045004e7,2.029036037062813e7,1.4415341725224292e7,3.2810078333245266e7
adstock,channel_5,1.4291012931829246e7,0.9191919191919192,1.5547365717045004e7,2.051580881919067e7,1.4575512188837899e7,3.317463475917021e7
adstock,channel_5,1.4448057029981215e7,0.9292929292929293,1.5547365717045004e7,2.0741257267753195e7,1.4735682652451504e7,3.353919118509516e7
adstock,channel_5,1.4605101128133185e7,0.9393939393939394,1.5547365717045004e7,2.0966705716315735e7,1.489585311606511e7,3.3903747611020125e7
adstock,channel_5,1.4762145226285154e7,0.9494949494949494,1.5547365717045004e7,2.119215416487826e7,1.5056023579678701e7,3.426830403694507e7
adstock,channel_5,1.4919189324437125e7,0.9595959595959596,1.5547365717045004e7,2.14176026134408e7,1.5216194043292306e7,3.463286046287e7
adstock,channel_5,1.5076233422589093e7,0.9696969696969696,1.5547365717045004e7,2.1643051062003337e7,1.5376364506905919e7,3.499741688879496e7
adstock,channel_5,1.5233277520741064e7,0.9797979797979798,1.5547365717045004e7,2.1868499510565873e7,1.5536534970519517e7,3.5361973314719915e7
adstock,channel_5,1.5390321618893033e7,0.9898989898989898,1.5547365717045004e7,2.2093947959128406e7,1.5696705434133125e7,3.5726529740644835e7
adstock,channel_5,1.5547365717045004e7,1.0,1.5547365717045004e7,2.2319396407690942e7,1.5856875897746725e7,3.6091086166569784e7
adstock,channel_6,0.0,0.0,1.09256e7,0.0,0.0,0.0
adstock,channel_6,110359.59595959596,0.0101010101010101,1.09256e7,157375.42349783363,111821.45184370292,268287.1496876146
adstock,channel_6,220719.19191919192,0.0202020202020202,1.09256e7,314750.84699566726,223642.90368740584,536574.2993752292
adstock,channel_6,331078.7878787879,0.030303030303030304,1.09256e7,472126.270493501,335464.355531109,804861.4490628442
adstock,channel_6,441438.38383838383,0.0404040404040404,1.09256e7,629501.6939913345,447285.8073748117,1.0731485987504583e6
adstock,channel_6,551797.9797979798,0.050505050505050504,1.09256e7,786877.1174891682,559107.259218515,1.3414357484380733e6
adstock,channel_6,662157.5757575758,0.06060606060606061,1.09256e7,944252.540987002,670928.711062218,1.6097228981256883e6
adstock,channel_6,772517.1717171717,0.0707070707070707,1.09256e7,1.1016279644848355e6,782750.1629059205,1.8780100478133024e6
adstock,channel_6,882876.7676767677,0.0808080808080808,1.09256e7,1.259003387982669e6,894571.6147496233,2.1462971975009167e6
adstock,channel_6,993236.3636363636,0.09090909090909091,1.09256e7,1.4163788114805028e6,1.0063930665933267e6,2.4145843471885314e6
adstock,channel_6,1.1035959595959596e6,0.10101010101010101,1.09256e7,1.5737542349783364e6,1.11821451843703e6,2.6828714968761466e6
adstock,channel_6,1.2139555555555555e6,0.1111111111111111,1.09256e7,1.73112965847617e6,1.2300359702807318e6,2.951158646563761e6
adstock,channel_6,1.3243151515151516e6,0.12121212121212122,1.09256e7,1.888505081974004e6,1.341857422124436e6,3.2194457962513766e6
adstock,channel_6,1.4346747474747475e6,0.13131313131313133,1.09256e7,2.0458805054718377e6,1.4536788739681384e6,3.487732945938989e6
adstock,channel_6,1.5450343434343433e6,0.1414141414141414,1.09256e7,2.203255928969671e6,1.565500325811841e6,3.7560200956266047e6
adstock,channel_6,1.6553939393939395e6,0.15151515151515152,1.09256e7,2.3606313524675043e6,1.6773217776555442e6,4.024307245314221e6
adstock,channel_6,1.7657535353535353e6,0.1616161616161616,1.09256e7,2.518006775965338e6,1.7891432294992467e6,4.292594395001833e6
adstock,channel_6,1.8761131313131314e6,0.17171717171717174,1.09256e7,2.675382199463172e6,1.9009646813429508e6,4.56088154468945e6
adstock,channel_6,1.9864727272727273e6,0.18181818181818182,1.09256e7,2.8327576229610057e6,2.0127861331866535e6,4.829168694377063e6
adstock,channel_6,2.0968323232323232e6,0.1919191919191919,1.09256e7,2.990133046458839e6,2.124607585030355e6,5.097455844064677e6
adstock,channel_6,2.2071919191919193e6,0.20202020202020202,1.09256e7,3.1475084699566728e6,2.23642903687406e6,5.365742993752293e6
adstock,channel_6,2.317551515151515e6,0.21212121212121213,1.09256e7,3.3048838934545065e6,2.3482504887177628e6,5.6340301434399085e6
adstock,channel_6,2.427911111111111e6,0.2222222222222222,1.09256e7,3.46225931695234e6,2.4600719405614636e6,5.902317293127522e6
adstock,channel_6,2.538270707070707e6,0.2323232323232323,1.09256e7,3.619634740450173e6,2.5718933924051668e6,6.170604442815135e6
adstock,channel_6,2.648630303030303e6,0.24242424242424243,1.09256e7,3.777010163948008e6,2.683714844248872e6,6.438891592502753e6
adstock,channel_6,2.758989898989899e6,0.25252525252525254,1.09256e7,3.934385587445841e6,2.795536296092573e6,6.707178742190366e6
adstock,channel_6,2.869349494949495e6,0.26262626262626265,1.09256e7,4.0917610109436754e6,2.9073577479362767e6,6.975465891877978e6
adstock,channel_6,2.979709090909091e6,0.2727272727272727,1.09256e7,4.249136434441509e6,3.0191791997799813e6,7.243753041565597e6
adstock,channel_6,3.0900686868686867e6,0.2828282828282828,1.09256e7,4.406511857939342e6,3.131000651623682e6,7.5120401912532095e6
adstock,channel_6,3.200428282828283e6,0.29292929292929293,1.09256e7,4.563887281437174e6,3.2428221034673858e6,7.780327340940822e6
adstock,channel_6,3.310787878787879e6,0.30303030303030304,1.09256e7,4.721262704935009e6,3.3546435553110885e6,8.048614490628442e6
adstock,channel_6,3.421147474747475e6,0.31313131313131315,1.09256e7,4.878638128432844e6,3.4664650071547916e6,8.316901640316054e6
adstock,channel_6,3.5315070707070706e6,0.3232323232323232,1.09256e7,5.036013551930676e6,3.5782864589984934e6,8.585188790003667e6
adstock,channel_6,3.6418666666666665e6,0.3333333333333333,1.09256e7,5.19338897542851e6,3.6901079108421984e6,8.853475939691285e6
adstock,channel_6,3.752226262626263e6,0.3434343434343435,1.09256e7,5.350764398926344e6,3.8019293626859016e6,9.1217630893789e6
adstock,channel_6,3.8625858585858587e6,0.35353535353535354,1.09256e7,5.508139822424176e6,3.913750814529602e6,9.390050239066515e6
adstock,channel_6,3.9729454545454546e6,0.36363636363636365,1.09256e7,5.665515245922011e6,4.025572266373307e6,9.658337388754126e6
adstock,channel_6,4.0833050505050505e6,0.37373737373737376,1.09256e7,5.822890669419846e6,4.137393718217009e6,9.926624538441746e6
adstock,channel_6,4.1936646464646463e6,0.3838383838383838,1.09256e7,5.980266092917678e6,4.24921517006071e6,1.0194911688129354e7
adstock,channel_6,4.304024242424242e6,0.3939393939393939,1.09256e7,6.137641516415511e6,4.361036621904415e6,1.0463198837816969e7
adstock,channel_6,4.414383838383839e6,0.40404040404040403,1.09256e7,6.2950169399133455e6,4.47285807374812e6,1.0731485987504587e7
adstock,channel_6,4.524743434343434e6,0.4141414141414141,1.09256e7,6.452392363411179e6,4.5846795255918205e6,1.09997731371922e7
adstock,channel_6,4.63510303030303e6,0.42424242424242425,1.09256e7,6.609767786909013e6,4.6965009774355255e6,1.1268060286879817e7
adstock,channel_6,4.745462626262627e6,0.43434343434343436,1.09256e7,6.767143210406848e6,4.808322429279227e6,1.1536347436567435e7
adstock,channel_6,4.855822222222222e6,0.4444444444444444,1.09256e7,6.92451863390468e6,4.920143881122927e6,1.1804634586255044e7
adstock,channel_6,4.966181818181818e6,0.4545454545454546,1.09256e7,7.081894057402516e6,5.031965332966634e6,1.2072921735942665e7
adstock,channel_6,5.076541414141414e6,0.4646464646464646,1.09256e7,7.239269480900346e6,5.1437867848103335e6,1.234120888563027e7
adstock,channel_6,5.18690101010101e6,0.47474747474747475,1.09256e7,7.3966449043981815e6,5.2556082366540395e6,1.2609496035317883e7
adstock,channel_6,5.297260606060606e6,0.48484848484848486,1.09256e7,7.554020327896016e6,5.367429688497744e6,1.2877783185005507e7
adstock,channel_6,5.407620202020202e6,0.4949494949494949,1.09256e7,7.711395751393849e6,5.479251140341447e6,1.3146070334693111e7
adstock,channel_6,5.517979797979798e6,0.5050505050505051,1.09256e7,7.868771174891682e6,5.591072592185146e6,1.3414357484380731e7
adstock,channel_6,5.628339393939394e6,0.5151515151515151,1.09256e7,8.026146598389516e6,5.70289404402885e6,1.3682644634068353e7
adstock,channel_6,5.73869898989899e6,0.5252525252525253,1.09256e7,8.183522021887351e6,5.814715495872553e6,1.3950931783755956e7
adstock,channel_6,5.849058585858586e6,0.5353535353535354,1.09256e7,8.340897445385183e6,5.926536947716259e6,1.4219218933443576e7
adstock,channel_6,5.959418181818182e6,0.5454545454545454,1.09256e7,8.498272868883017e6,6.038358399559963e6,1.4487506083131194e7
adstock,channel_6,6.069777777777778e6,0.5555555555555556,1.09256e7,8.65564829238085e6,6.150179851403662e6,1.4755793232818801e7
adstock,channel_6,6.180137373737373e6,0.5656565656565656,1.09256e7,8.813023715878684e6,6.262001303247364e6,1.5024080382506419e7
adstock,channel_6,6.29049696969697e6,0.5757575757575758,1.09256e7,8.970399139376516e6,6.37382275509107e6,1.529236753219404e7
adstock,channel_6,6.400856565656566e6,0.5858585858585859,1.09256e7,9.127774562874349e6,6.4856442069347715e6,1.5560654681881644e7
adstock,channel_6,6.511216161616161e6,0.5959595959595959,1.09256e7,9.285149986372184e6,6.597465658778474e6,1.5828941831569266e7
adstock,channel_6,6.621575757575758e6,0.6060606060606061,1.09256e7,9.442525409870017e6,6.709287110622177e6,1.6097228981256884e7
adstock,channel_6,6.731935353535353e6,0.6161616161616161,1.09256e7,9.599900833367852e6,6.821108562465882e6,1.6365516130944496e7
adstock,channel_6,6.84229494949495e6,0.6262626262626263,1.09256e7,9.757276256865688e6,6.932930014309583e6,1.6633803280632108e7
adstock,channel_6,6.952654545454546e6,0.6363636363636364,1.09256e7,9.91465168036352e6,7.044751466153289e6,1.6902090430319726e7
adstock,channel_6,7.063014141414141e6,0.6464646464646464,1.09256e7,1.0072027103861352e7,7.156572917996987e6,1.7170377580007333e7
adstock,channel_6,7.173373737373738e6,0.6565656565656566,1.09256e7,1.0229402527359186e7,7.2683943698406955e6,1.743866472969496e7
adstock,channel_6,7.283733333333333e6,0.6666666666666666,1.09256e7,1.038677795085702e7,7.380215821684397e6,1.770695187938257e7
adstock,channel_6,7.394092929292929e6,0.6767676767676768,1.09256e7,1.0544153374354852e7,7.492037273528098e6,1.797523902907018e7
adstock,channel_6,7.504452525252526e6,0.686868686868687,1.09256e7,1.0701528797852688e7,7.603858725371803e6,1.82435261787578e7
adstock,channel_6,7.614812121212121e6,0.6969696969696969,1.09256e7,1.0858904221350519e7,7.715680177215502e6,1.8511813328445416e7
adstock,channel_6,7.725171717171717e6,0.7070707070707071,1.09256e7,1.1016279644848352e7,7.827501629059204e6,1.878010047813303e7
adstock,channel_6,7.835531313131313e6,0.7171717171717171,1.09256e7,1.1173655068346191e7,7.939323080902907e6,1.904838762782065e7
adstock,channel_6,7.945890909090909e6,0.7272727272727273,1.09256e7,1.1331030491844023e7,8.051144532746614e6,1.931667477750825e7
adstock,channel_6,8.0562505050505055e6,0.7373737373737375,1.09256e7,1.1488405915341858e7,8.16296598459032e6,1.958496192719588e7
adstock,channel_6,8.166610101010101e6,0.7474747474747475,1.09256e7,1.1645781338839691e7,8.274787436434018e6,1.985324907688349e7
adstock,channel_6,8.276969696969697e6,0.7575757575757576,1.09256e7,1.1803156762337523e7,8.3866088882777225e6,2.0121536226571098e7
adstock,channel_6,8.387329292929293e6,0.7676767676767676,1.09256e7,1.1960532185835356e7,8.49843034012142e6,2.038982337625871e7
adstock,channel_6,8.497688888888888e6,0.7777777777777777,1.09256e7,1.2117907609333191e7,8.610251791965125e6,2.065811052594632e7
adstock,channel_6,8.608048484848484e6,0.7878787878787878,1.09256e7,1.2275283032831023e7,8.72207324380883e6,2.0926397675633937e7
adstock,channel_6,8.71840808080808e6,0.797979797979798,1.09256e7,1.2432658456328858e7,8.833894695652535e6,2.119468482532156e7
adstock,channel_6,8.828767676767677e6,0.8080808080808081,1.09256e7,1.2590033879826691e7,8.94571614749624e6,2.1462971975009173e7
adstock,channel_6,8.939127272727273e6,0.8181818181818182,1.09256e7,1.2747409303324528e7,9.05753759933994e6,2.173125912469678e7
adstock,channel_6,9.049486868686868e6,0.8282828282828282,1.09256e7,1.2904784726822358e7,9.169359051183641e6,2.19995462743844e7
adstock,channel_6,9.159846464646464e6,0.8383838383838383,1.09256e7,1.3062160150320193e7,9.281180503027346e6,2.2267833424072012e7
adstock,channel_6,9.27020606060606e6,0.8484848484848485,1.09256e7,1.3219535573818026e7,9.393001954871051e6,2.2536120573759634e7
adstock,channel_6,9.380565656565657e6,0.8585858585858586,1.09256e7,1.337691099731586e7,9.504823406714752e6,2.2804407723447245e7
adstock,channel_6,9.490925252525253e6,0.8686868686868687,1.09256e7,1.3534286420813696e7,9.616644858558454e6,2.307269487313487e7
adstock,channel_6,9.601284848484848e6,0.8787878787878787,1.09256e7,1.3691661844311528e7,9.728466310402157e6,2.3340982022822462e7
adstock,channel_6,9.711644444444444e6,0.8888888888888888,1.09256e7,1.384903726780936e7,9.840287762245854e6,2.3609269172510087e7
adstock,channel_6,9.82200404040404e6,0.898989898989899,1.09256e7,1.4006412691307198e7,9.952109214089561e6,2.3877556322197694e7
adstock,channel_6,9.932363636363637e6,0.9090909090909092,1.09256e7,1.4163788114805032e7,1.0063930665933268e7,2.414584347188533e7
adstock,channel_6,1.0042723232323233e7,0.9191919191919192,1.09256e7,1.4321163538302863e7,1.0175752117776973e7,2.4414130621572927e7
adstock,channel_6,1.0153082828282828e7,0.9292929292929292,1.09256e7,1.4478538961800693e7,1.0287573569620667e7,2.468241777126054e7
adstock,channel_6,1.0263442424242424e7,0.9393939393939393,1.09256e7,1.4635914385298528e7,1.0399395021464374e7,2.4950704920948166e7
adstock,channel_6,1.037380202020202e7,0.9494949494949495,1.09256e7,1.4793289808796363e7,1.0511216473308079e7,2.5218992070635766e7
adstock,channel_6,1.0484161616161617e7,0.9595959595959597,1.09256e7,1.4950665232294198e7,1.062303792515178e7,2.5487279220323384e7
adstock,channel_6,1.0594521212121213e7,0.9696969696969697,1.09256e7,1.5108040655792031e7,1.0734859376995487e7,2.5755566370011013e7
adstock,channel_6,1.0704880808080807e7,0.9797979797979798,1.09256e7,1.5265416079289863e7,1.0846680828839187e7,2.602385351969863e7
adstock,channel_6,1.0815240404040404e7,0.9898989898989898,1.09256e7,1.5422791502787698e7,1.0958502280682893e7,2.6292140669386223e7
adstock,channel_6,1.09256e7,1.0,1.09256e7,1.558016692628553e7,1.1070323732526593e7,2.6560427819073852e7
