date,geo,brand,channel_1,channel_2,channel_3,channel_4,channel_5,channel_6,revenue
2023-02-06,UK,Alpha,335375.2,0,381854.6667,729038.5271,0,0,2754371.667
2023-02-13,UK,Alpha,429201.8,0,0,165810.9955,147558.5773,124000,2584276.667
2023-02-20,UK,Alpha,0,396835.2,13616,499547.7367,180661.7948,113600,2547386.667
2023-02-27,UK,Alpha,1251754.6,0,530400,316492.9703,184021.0548,127600,2875220
2023-03-06,UK,Alpha,0,832008,0,88022.69479,142008.72035,108400,2215953.333
2023-03-13,UK,Alpha,498379.6,0,957669.3333,499020.8111,190308.87955,113200,2569921.667
2023-03-20,UK,Alpha,10305.8,680260.8,0,411476.9582,181447.5689,111200,2171506.667
2023-03-27,UK,Alpha,44283.4,0,707438.6667,565546.906,173825.54495,128000,2464131.667
2023-04-03,UK,Alpha,0,0,0,357305.6364,140117.4075,91600,2012520
2023-04-10,UK,Alpha,0,0,337317.3333,318612.6055,105348.69625,91600,1738911.667
2023-04-17,UK,Alpha,247677.4,127432,0,0,140119.8865,82400,1772306.667
2023-04-24,UK,Alpha,0,0,142906.6667,342496.5755,106616.65985,80800,1809058.333
2023-05-01,UK,Alpha,994146.6,0,73452,151897.5902,0,0,1952740
2023-05-08,UK,Alpha,0,0,0,0,0,0,1507805
2023-05-15,UK,Alpha,623344.4,0,0,324584.6073,80338.3506,68800,1510391.667
2023-05-22,UK,Alpha,0,0,495182.6667,0,144386.92085,84800,1588840
2023-05-29,UK,Alpha,296586.6,131982.4,0,0,85326.1738,71200,1605990
2023-06-05,UK,Alpha,0,0,0,0,105552.28675,68800,1356010
2023-06-12,UK,Alpha,0,198265.6,407382.6667,802416.7946,91355.72695,76000,2103936.667
2023-06-19,UK,Alpha,0,0,0,34391.78323,69548.28295,57200,1120835
2023-06-26,UK,Alpha,0,199241.6,0,0,66648.8595,56000,1141140
2023-07-03,UK,Alpha,166901,0,0,282493.641,85453.61665,53600,1166880
2023-07-10,UK,Alpha,0,0,0,0,61573.3711,54000,888806.6667
2023-07-17,UK,Alpha,0,0,375557.3333,0,55275.2174,38000,898873.3333
2023-07-24,UK,Alpha,0,149873.6,0,0,66340.71355,42800,889373.3333
2023-07-31,UK,Alpha,0,0,0,507559.6677,0,0,1915375
2023-08-07,UK,Alpha,0,373328,0,0,0,0,1006845
2023-08-14,UK,Alpha,0,0,0,0,68486.8128,40400,869198.3333
2023-08-21,UK,Alpha,0,0,0,0,46654.980795,36000,727250
2023-08-28,UK,Alpha,0,0,0,0,72199.71555,45600,753730
2023-09-04,UK,Alpha,307085.8,371724.8,0,334549.6066,67130.92685,48800,999196.6667
2023-09-11,UK,Alpha,0,0,0,0,55125.45755,45200,845843.3333
2023-09-18,UK,Alpha,151815.2,0,155052,0,65004.87695,52400,1126016.667
2023-09-25,UK,Alpha,0,0,0,0,87793.71095,57200,1140978.333
2023-10-02,UK,Alpha,28506.2,958929.6,143420,337298.7287,63233.0514,42800,1242656.667
2023-10-09,UK,Alpha,0,0,0,0,94349.16935,58400,1293483.333
2023-10-16,UK,Alpha,422703.8,492651.2,0,536055.6139,102775.7755,68400,1484843.333
2023-10-23,UK,Alpha,0,0,24233.33333,0,109565.28165,76000,1485698.333
2023-10-30,UK,Alpha,429460.2,0,0,153739.4162,0,0,1556608.333
2023-11-06,UK,Alpha,0,0,419392,116641.6653,0,0,1391206.667
2023-11-13,UK,Alpha,359867.4,478937.6,0,0,137267.6968,92400,2018783.333
2023-11-20,UK,Alpha,318927.6,263430.4,92441.33333,38798.70365,109055.63495,95200,2170721.667
2023-11-27,UK,Alpha,0,480347.2,0,0,151982.49465,100000,2247670
2023-12-04,UK,Alpha,0,98083.2,766098.6667,545640.9836,158488.40305,102000,2192026.667
2023-12-11,UK,Alpha,0,487126.4,0,0,112100.59075,89200,1895213.333
2023-12-18,UK,Alpha,2168049.6,365609.6,294394.6667,426795.3694,144700.6369,101200,2232910
2023-12-25,UK,Alpha,0,0,321713.3333,460506.5717,188202.4339,119600,2406035
2024-01-01,UK,Alpha,1220840.2,89387.2,0,614178.9242,183525.3105,111600,2252445
2024-01-08,UK,Alpha,0,476737.6,280829.3333,639425.4026,157996.9767,122400,2663125
2024-01-15,UK,Alpha,1409921.8,0,0,717655.9194,173299.6199,146800,2974771.667
2024-01-22,UK,Alpha,0,427806.4,346314.6667,640333.1137,211119.9635,124800,2826128.333
2024-01-29,UK,Alpha,784865.8,0,0,521995.7216,0,0,3182900
2024-02-05,UK,Alpha,104355.8,435054.4,218792,804855.4989,0,0,2964696.667
2024-02-12,UK,Alpha,0,0,124288,537367.535,369779.7816,286000,2848525
2024-02-19,UK,Alpha,213816,717241.6,0,214699.2603,325619.93965,252000,2740160
2024-02-26,UK,Alpha,0,0,0,294729.346,263844.30305,220400,2380508.333
2024-03-04,UK,Alpha,0,1004760,0,141221.2469,238433.92135,206800,2230915
2024-03-11,UK,Alpha,1615815.2,0,0,685370.495,389247.93,232000,3659425
2024-03-18,UK,Alpha,615815.2,1361088,839944,581711.4021,290899.20765,221200,2827008.333
2024-03-25,UK,Alpha,0,0,0,586716.7803,316069.82605,212400,2042143.333
2024-04-01,UK,Alpha,88699.4,0,46069.33333,560394.7462,309563.1705,201200,2113358.333
2024-04-08,UK,Alpha,0,0,323429.3333,867580.6244,306921.8677,210000,2179918.333
2024-04-15,UK,Alpha,603674.4,0,0,600546.6993,340615.56435,216800,2370613.333
2024-04-22,UK,Alpha,0,0,0,0,223013.83945,167600,1814556.667
2024-04-29,UK,Alpha,0,383171.2,0,882051.7852,0,0,1951668.333
2024-05-06,UK,Alpha,0,0,320730.6667,0,0,0,1918238.333
2024-05-13,UK,Alpha,0,0,0,1426918.982,187696.0246,135200,1472390
2024-05-20,UK,Alpha,0,0,420833.3333,0,232314.96605,140000,1477865
2024-05-27,UK,Alpha,155413.2,0,0,0,205990.096,126400,1300166.667
2024-06-03,UK,Alpha,0,0,595614.6667,0,149021.5926,113200,1160205
2024-06-10,UK,Alpha,0,73428.8,0,311472.8042,229511.14965,144000,1356871.667
2024-06-17,UK,Alpha,0,0,0,0,159879.00185,136800,1355833.333
2024-06-24,UK,Alpha,0,1501084.8,0,0,127328.2433,110000,1176266.667
2024-07-01,UK,Alpha,112035.8,0,0,0,136257.517,106400,1955281.667
2024-07-08,UK,Alpha,0,888464,0,0,130707.30705,98000,1029928.333
2024-07-15,UK,Alpha,549343.8,0,0,0,110900.19125,78000,2263143.333
2024-07-22,UK,Alpha,0,919038.4,0,0,92628.07885,80400,813771.6667
2024-07-29,UK,Alpha,0,0,0,0,0,0,880871.6667
2024-08-05,UK,Alpha,0,123019.2,0,463421.0103,0,0,919185
2024-08-12,UK,Alpha,0,0,215241.3333,0,92900.46455,65200,826321.6667
2024-08-19,UK,Alpha,136882,127460.8,0,384954.4192,93793.56215,80400,833798.3333
2024-08-26,UK,Alpha,0,0,0,0,110311.3148,66800,746271.6667
2024-09-02,UK,Alpha,543895.2,0,0,32886.0827,133888.0129,95200,1036406.667
2024-09-09,UK,Alpha,0,475896,139782.6667,0,103946.7291,80000,927931.6667
2024-09-16,UK,Alpha,68411.4,0,287192,751176.2818,189722.32445,113600,1126943.333
2024-09-23,UK,Alpha,0,0,0,0,177797.8926,111600,1184220
2024-09-30,UK,Alpha,147957,324544,748725.3333,0,165282.587,115600,1315508.333
2024-10-07,UK,Alpha,0,0,0,0,173434.0572,116000,1279360
2024-10-14,UK,Alpha,170773.8,616320,43573.33333,0,190192.77765,136000,1455811.667
2024-10-21,UK,Alpha,0,314598.4,284017.3333,0,268380.94505,160800,1553355
2024-10-28,UK,Alpha,510705.8,0,0,0,0,0,1374855
2024-11-04,UK,Alpha,0,0,340445.3333,193224.8321,0,0,1970110
2024-11-11,UK,Alpha,1768336.8,0,0,142270.4849,351675.3736,210000,2336431.667
2024-11-18,UK,Alpha,0,0,0,0,224049.12285,194800,2002065
2024-11-25,UK,Alpha,733039,450494.4,138310.6667,81108.62433,234997.04015,167600,2027418.333
2024-12-02,UK,Alpha,0,0,0,0,275831.34715,193200,1886570
2024-12-09,UK,Alpha,1254957.6,433691.2,0,316785.6248,364992.80455,229200,2529721.667
2024-12-16,UK,Alpha,1669566.8,175089.6,0,0,348399.1688,220400,2357930
2024-12-23,UK,Alpha,669566.8,981708.8,555148,580826.0028,276466.789,240400,3003391.667
2024-12-30,UK,Alpha,0,0,0,448121.873,363824.15485,227600,2283685
2025-01-06,UK,Alpha,665407.6,138273.6,0,642805.4701,346737.65585,237600,2584721.667
2025-01-13,UK,Alpha,69678.4,0,0,670349.6442,365650.65585,254000,2565400
2025-01-20,UK,Alpha,317235.2,955572.8,691197.3333,399440.3037,394953.5856,294800,3407085
2025-01-27,UK,Alpha,0,0,0,956728.3551,0,0,2803291.667
2023-02-06,UK,Beta,338729.74401538,0,385675.675692323,736331.011612356,0,0,2781917.34987256
2023-02-13,UK,Beta,433495.676042989,0,0,167470.157880644,149034.302322424,125240.824290611,2610132.7432477
2023-02-20,UK,Beta,0,400806.933053675,13752.1989786545,504544.658145652,182469.94296722,114736.010486223,2572863.09315909
2023-02-27,UK,Beta,1264276.01166893,0,535707.084689852,319660.196368727,185862.387058974,128876.165814735,2903974.65232986
2023-03-06,UK,Beta,0,840334.556611033,0,88903.701307313,143429.704676543,109484.881165338,2238121.07180814
2023-03-13,UK,Beta,503367.725532424,0,967252.652546233,504011.945790546,192213.323644543,114332.658420895,2595639.21456874
2023-03-20,UK,Beta,10408.8864250262,687065.20138397,0,415592.325934531,183262.977416456,112312.949468246,2193227.10196909
2023-03-27,UK,Beta,44726.4072179541,0,714513.230436935,571202.787671768,175565.326162347,129280.086390421,2488794.11114676
2023-04-03,UK,Beta,0,0,0,360879.156682302,141519.211740982,92516.7768357788,2032664.92590261
2023-04-10,UK,Beta,0,0,340692.857531304,321800.335931545,106402.389529939,92516.4114454815,1756306.43293043
2023-04-17,UK,Beta,250154.786524564,128706.957776071,0,0,141521.697363238,83224.6387070527,1790041.33501009
2023-04-24,UK,Beta,0,0,144336.069026496,345924.937795098,107683.678947846,81608.6205387587,1827159.01023908
2023-05-01,UK,Beta,1004096.73190153,0,74186.965399974,153416.647461235,0,0,1972278.94355406
2023-05-08,UK,Beta,0,0,0,0,0,0,1522898.07836362
2023-05-15,UK,Beta,629579.64375102,0,0,327830.828475257,81141.8421539797,69488.5039781409,1525499.11279412
2023-05-22,UK,Beta,0,0,500138.882535366,0,145831.037642811,85648.4750461174,1604737.36607711
2023-05-29,UK,Beta,299552.675768489,133302.685521819,0,0,86180.2310106503,71912.6483339201,1622052.76254643
2023-06-05,UK,Beta,0,0,0,0,106608.498309555,69488.4758857828,1369572.17355353
2023-06-12,UK,Beta,0,200249.24406572,411458.816677506,810444.925067508,92269.9972860938,76760.2916568958,2124981.94449567
2023-06-19,UK,Beta,0,0,0,34735.8486560472,70244.2705074437,57772.1022499937,1132052.83164318
2023-06-26,UK,Beta,0,201234.164108596,0,0,67315.9080710961,56560.3363231306,1152558.73959781
2023-07-03,UK,Beta,168570.072224002,0,0,285318.87550606,86308.841101039,54136.235041372,1178557.25026721
2023-07-10,UK,Beta,0,0,0,0,62189.649316839,54540.4759701455,897698.835158407
2023-07-17,UK,Beta,0,0,379314.454257743,0,55828.0798815926,38380.198366683,907862.854518083
2023-07-24,UK,Beta,0,151372.86250042,0,0,67004.6400662032,43228.2555773271,898270.599839604
2023-07-31,UK,Beta,0,0,0,512635.966927126,0,0,1934544.29356057
2023-08-07,UK,Beta,0,377062.192708046,0,0,0,0,1016923.34566751
2023-08-14,UK,Beta,0,0,0,0,69172.2959295914,40804.3487542112,877890.79101064
2023-08-21,UK,Beta,0,0,0,0,47121.9921281575,36360.1890616653,734524.239989706
2023-08-28,UK,Beta,0,0,0,0,72921.9902723581,46056.1446403424,761271.812811321
2023-09-04,UK,Beta,310158.760454304,375443.896085005,0,337897.994896817,67802.8826092972,49288.0999492594,1009195.46026763
2023-09-11,UK,Beta,0,0,0,0,55677.2271361878,45652.391852139,854303.072891591
2023-09-18,UK,Beta,153333.623969235,0,156603.061962848,0,65655.1607230581,52924.5192634447,1137284.61252973
2023-09-25,UK,Beta,0,0,0,0,88672.1303513465,57772.4919814602,1152397.82553724
2023-10-02,UK,Beta,28791.4795362285,968522.369408645,144854.839703569,340674.087072988,63865.8970462633,43228.3230972372,1255094.1550248
2023-10-09,UK,Beta,0,0,0,0,95293.1007482058,58984.301197897,1306421.88074626
2023-10-16,UK,Beta,426931.973536858,497580.563857789,0,541420.916893584,103804.330162237,69084.6105904322,1499696.4932203
2023-10-23,UK,Beta,0,0,24475.6928415391,0,110661.911118801,76760.1464679519,1500556.27126013
2023-10-30,UK,Beta,433756.27909167,0,0,155278.094006629,0,0,1572184.38966225
2023-11-06,UK,Beta,0,0,423588.654073291,117808.52155327,0,0,1405123.54897389
2023-11-13,UK,Beta,363467.415850804,483727.08052668,0,0,138640.84115859,93324.10382655,2038987.32292321
2023-11-20,UK,Beta,322119.075585442,266067.346858846,93365.9560198612,39186.710747307,110146.48488156,96152.2269884529,2192429.82655838
2023-11-27,UK,Beta,0,485152.23533089,0,0,153502.880139443,101000.11293755,2270165.26240259
2023-12-04,UK,Beta,0,99064.2233127066,773763.495935954,551099.412457815,160074.719669438,103020.979102986,2213958.1822958
2023-12-11,UK,Beta,0,492001.066182967,0,0,113222.559199722,90092.5300425569,1914178.17558529
2023-12-18,UK,Beta,2189749.8681789,369269.105755611,297341.41734598,431063.734566354,146147.88557144,102212.751468024,2255239.6681129
2023-12-25,UK,Beta,0,0,324932.009090714,465115.935265697,190085.181128903,120796.10574308,2430107.5716333
2024-01-01,UK,Beta,1233056.76036494,90281.8131684671,0,620325.413522345,185361.192379343,112716.144733365,2274975.86657419
2024-01-08,UK,Beta,0,481507.531760945,283637.797102327,645822.072507253,159578.266672852,123624.711898476,2689771.38847963
2024-01-15,UK,Beta,1424021.34765746,0,0,724838.188874677,175032.972519962,148268.987037733,3004533.61259042
2024-01-22,UK,Beta,0,432084.543585519,349780.231570648,646740.140798493,213232.789838802,126048.554140823,2854408.57814379
2024-01-29,UK,Beta,792716.948635286,0,0,527216.719166858,0,0,3214742.13090851
2024-02-05,UK,Beta,105400.200239867,439405.662702517,220980.990926669,812909.016535192,0,0,2994349.54377946
2024-02-12,UK,Beta,0,0,125531.459277396,542741.827386334,373477.80331376,288861.65494895,2877025.00383496
2024-02-19,UK,Beta,215954.84001986,724420.655801912,0,216848.109269383,328878.201162032,254521.130484628,2767578.43831526
2024-02-26,UK,Beta,0,0,0,297678.017364674,266485.160547122,222605.321573084,2404325.7017333
2024-03-04,UK,Beta,0,1014814.72884242,0,142634.469625483,240818.591096053,208869.517849911,2253228.17294781
2024-03-11,UK,Beta,1631983.74956998,0,0,692224.32540262,393143.915175808,234320.120146873,3696029.1490821
2024-03-18,UK,Beta,621976.394161053,1374707.39486997,848346.541842923,587532.744644035,293809.704997125,223412.264950078,2855299.71424189
2024-03-25,UK,Beta,0,0,0,592584.945491278,319232.960437284,214524.381126588,2062581.70039153
2024-04-01,UK,Beta,89586.4920830027,0,46530.0954534592,566003.867358544,312661.673468284,203212.427373982,2134493.44107422
2024-04-08,UK,Beta,0,0,326663.691562374,876263.294128026,309991.476328575,212102.09079763,2201727.37032577
2024-04-15,UK,Beta,609712.931371062,0,0,606557.042999099,344021.753487808,218969.598108077,2394330.55433411
2024-04-22,UK,Beta,0,0,0,0,225244.588958161,169276.525095302,1832719.21481625
2024-04-29,UK,Beta,0,387003.753679157,0,890875.886406146,0,0,1971190.67071161
2024-05-06,UK,Beta,0,0,323940.387421219,0,0,0,1937434.92482414
2024-05-13,UK,Beta,0,0,0,1441192.56021777,189573.893246142,136553.024942457,1487119.27921644
2024-05-20,UK,Beta,0,0,425043.445536232,0,234639.411600701,141400.710398803,1492646.80262605
2024-05-27,UK,Beta,156968.296294925,0,0,0,208051.457663442,127665.149313503,1313176.57238598
2024-06-03,UK,Beta,0,0,601576.20067601,0,150513.278581136,114332.083091078,1171810.76635554
2024-06-10,UK,Beta,0,74163.1329380923,0,314587.817230586,231807.301370584,145441.088247559,1370453.85043477
2024-06-17,UK,Beta,0,0,0,0,161479.136473498,138168.005654577,1369401.62770473
2024-06-24,UK,Beta,0,1516104.64933153,0,0,128601.888206978,111100.94707526,1188035.72825557
2024-07-01,UK,Beta,113156.455764192,0,0,0,137621.168989365,107464.709829747,1974842.22068669
2024-07-08,UK,Beta,0,897353.506363353,0,0,132014.721421461,98980.3786708118,1040237.01999199
2024-07-15,UK,Beta,554838.868545923,0,0,0,112009.926965379,78780.0422561436,2285785.88863036
2024-07-22,UK,Beta,0,928232.902764835,0,0,93554.3962921653,81204.3726574089,821910.441273501
2024-07-29,UK,Beta,0,0,0,0,0,0,889685.547923632
2024-08-05,UK,Beta,0,124250.436273161,0,468058.24850695,0,0,928377.501233673
2024-08-12,UK,Beta,0,0,217394.754000636,0,93829.7000778041,65852.0338382938,834585.248834161
2024-08-19,UK,Beta,138252.054214244,128736.589034384,0,388805.788712093,94731.697301519,81204.2261277852,842142.103467458
2024-08-26,UK,Beta,0,0,0,0,111415.393042802,67468.6559607483,753735.609327222
2024-09-02,UK,Beta,549338.279811818,0,0,33214.9633821706,135228.148183853,96152.3797047921,1046774.45367069
2024-09-09,UK,Beta,0,480659.221895098,141181.629830468,0,104986.374252293,80800.5403429172,937211.518248045
2024-09-16,UK,Beta,69096.0581619719,0,290065.574650382,758688.327780459,191620.298797272,114736.367897287,1138216.48276653
2024-09-23,UK,Beta,0,0,0,0,179575.961117744,112717.070679282,1196068.18399026
2024-09-30,UK,Beta,149437.28041966,327790.760882469,756213.147834129,0,166935.673406391,116756.896942967,1328666.25220493
2024-10-07,UK,Beta,0,0,0,0,175169.238903089,117160.747526584,1292157.46254008
2024-10-14,UK,Beta,172481.853313331,622489.200162871,44009.1602663506,0,192094.75614173,137360.160513025,1470375.10837504
2024-10-21,UK,Beta,0,317745.983678085,286858.528392572,0,271066.893766934,162409.424617302,1568891.31281502
2024-10-28,UK,Beta,515817.292564361,0,0,0,0,0,1388614.04753076
2024-11-04,UK,Beta,0,0,343851.450774321,195157.265135018,0,0,1989812.09737141
2024-11-11,UK,Beta,1786021.26707266,0,0,143693.479579178,355193.318222547,212100.865981043,2359815.53124272
2024-11-18,UK,Beta,0,0,0,0,226290.061881966,196749.480876996,2022088.64111283
2024-11-25,UK,Beta,740371.242813972,455000.33433224,139694.605921185,81920.4198580933,237347.254615794,169276.550140032,2047697.98045312
2024-12-02,UK,Beta,0,0,0,0,278590.265341272,195133.400172277,1905448.56145511
2024-12-09,UK,Beta,1267507.73892353,438031.781046193,0,319956.093455756,368643.87046752,231492.231299881,2555024.42655552
2024-12-16,UK,Beta,1686277.5807502,176841.158794898,0,0,351886.641120324,222604.246624942,2381526.58611868
2024-12-23,UK,Beta,676263.826498551,991527.729839248,560702.125216943,586638.906255109,279232.806875903,242805.398479377,3033432.12706096
2024-12-30,UK,Beta,0,0,0,452606.586359073,367464.148398171,229878.215376504,2306538.47049523
2025-01-06,UK,Beta,672063.32722949,139656.899075159,0,649237.052627359,350206.808738562,239976.204420574,2610584.84338999
2025-01-13,UK,Beta,70375.8312162092,0,0,677055.820738916,369308.397372096,256541.121355364,2591069.70157286
2025-01-20,UK,Beta,320410.149698509,965136.941868113,698114.284147342,403435.893037446,398905.534717258,297748.792324272,3441172.96716498
2025-01-27,UK,Beta,0,0,0,966300.090929934,0,0,2831349.45930527
2023-02-06,UK,Gamma,342118.272700315,0,389535.787826028,743697.386933474,0,0,2809757.40733356
2023-02-13,UK,Gamma,437833.839164554,0,0,169145.204802586,150525.198846644,126494.215650308,2636247.3894037
2023-02-20,UK,Gamma,0,404818.838668898,13889.8455731114,509591.186493099,184295.049215025,115883.522831988,2598592.92770441
2023-02-27,UK,Gamma,1276922.24945872,0,541064.545760271,322857.953855964,187721.343249834,130165.374315154,2933036.28058838
2023-03-06,UK,Gamma,0,848746.160459138,0,89793.5985239126,144864.548871028,110580.3800201,2260510.17279078
2023-03-13,UK,Gamma,508403.149967336,0,976929.257902635,509053.524976606,194136.666526177,115476.568034196,2621606.80602877
2023-03-20,UK,Gamma,10513.0176940422,693941.987673,0,419748.35286069,185096.337091183,113436.720505267,2215172.9961946
2023-03-27,UK,Gamma,45173.8101816342,0,721660.873471967,576918.07352896,177322.580367963,130573.374418741,2513694.22848099
2023-04-03,UK,Gamma,0,0,0,364489.388571093,142935.234488686,93442.7021785944,2052998.6870888
2023-04-10,UK,Gamma,0,0,344102.208208602,325019.406809029,107466.804763635,93442.042338698,1773885.16329954
2023-04-17,UK,Gamma,252658.343988177,129994.709583544,0,0,142937.924604418,84057.0558016214,1807944.59036888
2023-04-24,UK,Gamma,0,0,145780.669289171,349384.822374993,108761.210807697,82424.7401358844,1845438.12610085
2023-05-01,UK,Gamma,1014138.48691495,0,74929.190766854,154951.363692317,0,0,1992020.1502138
2023-05-08,UK,Gamma,0,0,0,0,0,0,1538129.17783012
2023-05-15,UK,Gamma,635880.825307721,0,0,331110.762160375,81953.4981004781,70183.7363131897,1540766.26108703
2023-05-22,UK,Gamma,0,0,505140.404675538,0,147289.957679561,86505.5366068572,1620786.98847502
2023-05-29,UK,Gamma,302550.934792433,134636.234259566,0,0,87042.161018864,72632.1730936347,1638274.84205456
2023-06-05,UK,Gamma,0,0,0,0,107675.002907082,70183.9720782683,1383281.06260956
2023-06-12,UK,Gamma,0,202252.769849936,415573.495607127,818551.527998499,93192.8935148423,77528.4346171855,2146241.07864628
2023-06-19,UK,Gamma,0,0,0,35083.5021774838,70946.8568446268,58349.9576241794,1143376.12862169
2023-06-26,UK,Gamma,0,203247.795756193,0,0,67989.5737309342,57126.2711179068,1164092.78499848
2023-07-03,UK,Gamma,170256.689453651,0,0,288172.497466112,87172.2284949971,54677.8705317286,1190352.99189922
2023-07-10,UK,Gamma,0,0,0,0,62812.0780399433,55086.293730069,906682.628576134
2023-07-17,UK,Gamma,0,0,383109.058153707,0,56386.7577930099,38764.2340220818,916945.450955293
2023-07-24,UK,Gamma,0,152886.689070361,0,0,67675.3159661247,43660.7525738304,907260.842222053
2023-07-31,UK,Gamma,0,0,0,517764.045392209,0,0,1953897.46852609
2023-08-07,UK,Gamma,0,380833.599114843,0,0,0,0,1027102.09199733
2023-08-14,UK,Gamma,0,0,0,0,69864.3734091844,41212.4512979637,886672.329286258
2023-08-21,UK,Gamma,0,0,0,0,47593.5343609949,36723.9488562548,741872.758334583
2023-08-28,UK,Gamma,0,0,0,0,73651.3984560047,46516.8189444908,768885.184958867
2023-09-04,UK,Gamma,313261.430510302,379201.176843464,0,341277.347311785,68481.0537320239,49781.3713470487,1019288.3756416
2023-09-11,UK,Gamma,0,0,0,0,56234.359017856,46109.3646147497,862849.769293955
2023-09-18,UK,Gamma,154868.065942099,0,158169.366563219,0,66312.0090430381,53454.0788901515,1148658.64422058
2023-09-25,UK,Gamma,0,0,0,0,89558.9726457016,58350.6658763314,1163925.24608182
2023-10-02,UK,Gamma,29079.4479219407,978214.887476418,146303.94409722,344082.59338028,64504.9389521351,43660.993904542,1267657.65247929
2023-10-09,UK,Gamma,0,0,0,0,96246.3521960842,59574.6726118948,1319495.6603637
2023-10-16,UK,Gamma,431204.107098459,502557.973085824,0,546838.812827791,104842.751540013,69776.1458826318,1514707.03401547
2023-10-23,UK,Gamma,0,0,24720.52562723,0,111769.04783065,77527.9500151665,1515564.67275554
2023-10-30,UK,Gamma,438094.293190479,0,0,156831.713412002,0,0,1587916.38680594
2023-11-06,UK,Gamma,0,0,427828.324945005,118987.566683951,0,0,1419180.33780034
2023-11-13,UK,Gamma,367103.512348525,488568.393075852,0,0,140028.539790984,94257.777690438,2059385.35223589
2023-11-20,UK,Gamma,325342.745793508,268729.220333524,94300.2402104262,39578.7767155294,111248.72673991,97113.7845757187,2214365.0337563
2023-11-27,UK,Gamma,0,490006.942841202,0,0,155039.395793717,102010.22275563,2292868.59167457
2023-12-04,UK,Gamma,0,100055.748116368,781506.225871091,556614.828555827,161675.927968826,104051.681415037,2236119.46635935
2023-12-11,UK,Gamma,0,496925.25613528,0,0,114355.746063361,90993.7787011799,1933331.47446567
2023-12-18,UK,Gamma,2211651.13848965,372962.017434298,300317.640917567,435378.60844889,147609.493062504,103235.540120996,2277806.97773337
2023-12-25,UK,Gamma,0,0,328183.607897621,469770.786421267,191987.934654557,122004.337870976,2454418.56028711
2024-01-01,UK,Gamma,1245397.10382902,91185.1204308414,0,626530.510763675,187215.559829322,113843.85370229,2297743.1050325
2024-01-08,UK,Gamma,0,486324.796788365,286475.482012575,652282.923858457,161174.476572676,124861.347745901,2716692.98344328
2024-01-15,UK,Gamma,1438270.9325001,0,0,732086.786554434,176784.411229542,149752.563332082,3034586.18011998
2024-01-22,UK,Gamma,0,436405.685211483,353278.906819008,653213.513861601,215365.646621858,127310.196668686,2882968.15771061
2024-01-29,UK,Gamma,800645.404477699,0,0,532491.47673212,0,0,3246907.6383533
2024-02-05,UK,Gamma,106454.903407216,443800.089770927,223192.157227431,821040.133498661,0,0,3024317.53632331
2024-02-12,UK,Gamma,0,0,126787.253283575,548169.832514424,377215.754179231,291751.205516492,2905814.43301919
2024-02-19,UK,Gamma,218115.995931479,731665.356770017,0,219018.535770895,332169.707000897,257066.374555021,2795261.87493841
2024-02-26,UK,Gamma,0,0,0,300656.439680339,269151.893568765,224832.133240867,2428374.59301477
2024-03-04,UK,Gamma,0,1024970.71372576,0,144061.712613051,243227.095695184,210959.438478887,2275770.49032922
2024-03-11,UK,Gamma,1648316.2727332,0,0,699151.910187258,397078.2682706,236663.357582195,3733019.23969764
2024-03-18,UK,Gamma,628199.864242561,1388461.98738596,856831.028896138,593408.215176268,296750.439332342,225648.045236167,2883854.48100954
2024-03-25,UK,Gamma,0,0,0,598514.878827593,322425.373976001,216671.011579764,2083209.70615192
2024-04-01,UK,Gamma,90482.9466256034,0,46995.6471932218,571668.225217603,315789.131880644,205245.77413789,2155840.81468371
2024-04-08,UK,Gamma,0,0,329932.371794583,885028.297290036,313094.061204425,214223.20834347,2223762.83327861
2024-04-15,UK,Gamma,615811.458832304,0,0,612622.855420718,347462.228593203,221160.351579201,2418278.68465724
2024-04-22,UK,Gamma,0,0,0,0,227497.363357086,170970.508624435,1851058.95920602
2024-04-29,UK,Gamma,0,390876.182536021,0,899785.221974867,0,0,1990921.67246062
2024-05-06,UK,Gamma,0,0,327182.579023408,0,0,0,1956814.48664488
2024-05-13,UK,Gamma,0,0,0,1455616.70121172,191471.445985948,137919.386380415,1502005.32790526
2024-05-20,UK,Gamma,0,0,429297.308235904,0,236988.071114743,142815.281973513,1507575.88813686
2024-05-27,UK,Gamma,158538.805283531,0,0,0,210132.033417361,128942.076118919,1326318.57577217
2024-06-03,UK,Gamma,0,0,607596.593643059,0,152018.650132901,115476.297039956,1183532.04893658
2024-06-10,UK,Gamma,0,74905.4169927776,0,317735.457840238,234126.611978655,146895.777369063,1384167.28523482
2024-06-17,UK,Gamma,0,0,0,0,163095.021222435,139550.971596324,1383096.90474499
2024-06-24,UK,Gamma,0,1531272.14442399,0,0,129888.804148362,112212.387512581,1199920.61516772
2024-07-01,UK,Gamma,114288.478885399,0,0,0,138998.327226457,108540.087387568,1994591.49127022
2024-07-08,UK,Gamma,0,906327.601026582,0,0,133335.309187239,99971.1586022998,1050648.01632638
2024-07-15,UK,Gamma,560389.842094221,0,0,0,113130.938235551,79568.2907676831,2308655.88952362
2024-07-22,UK,Gamma,0,937523.47161027,0,0,94490.7554454671,82017.0791806106,830132.416721607
2024-07-29,UK,Gamma,0,0,0,0,0,0,898582.951623109
2024-08-05,UK,Gamma,0,125493.052891236,0,472740.855028379,0,0,937664.1569508
2024-08-12,UK,Gamma,0,0,219569.260256751,0,94768.2127704425,66511.0714461053,842938.772996109
2024-08-19,UK,Gamma,139634.832720809,130024.098146522,0,392694.258587068,95679.6508202356,82016.6516441031,850570.041903514
2024-08-26,UK,Gamma,0,0,0,0,112530.238883891,68143.8916394644,761278.287161586
2024-09-02,UK,Gamma,554831.936487112,0,0,33547.1891668245,136581.293254714,97114.6357278808,1057243.12151497
2024-09-09,UK,Gamma,0,485466.834403481,142594.254033279,0,106036.762437098,81608.7297752455,946586.638021219
2024-09-16,UK,Gamma,69787.6638753436,0,292966.395050936,766276.199141215,193538.050029981,115884.691084917,1149604.89440051
2024-09-23,UK,Gamma,0,0,0,0,181372.217698485,113844.759438092,1208034.61602447
2024-09-30,UK,Gamma,150932.621661614,331069.649139797,763775.980896542,0,168606.141764275,117925.611443812,1341965.63459168
2024-10-07,UK,Gamma,0,0,0,0,176922.523792866,118332.477540465,1305089.8808567
2024-10-14,UK,Gamma,174208.077348608,628719.789139475,44449.5283545948,0,194017.534663988,138734.527803294,1485083.02926028
2024-10-21,UK,Gamma,0,320926.15720741,289729.469685706,0,273777.93677322,164034.621240777,1584595.95008378
2024-10-28,UK,Gamma,520976.696389689,0,0,0,0,0,1402504.91696305
2024-11-04,UK,Gamma,0,0,347291.748349613,197109.276607898,0,0,2009722.31943783
2024-11-11,UK,Gamma,1803889.01594738,0,0,145131.170455916,358745.511351065,214223.56709249,2383425.32318112
2024-11-18,UK,Gamma,0,0,0,0,228553.896821219,198717.57178828,2042317.91902939
2024-11-25,UK,Gamma,747776.50606304,459552.652737621,141091.792093327,82739.9711443597,239722.502505693,170970.107358882,2068194.31952053
2024-12-02,UK,Gamma,0,0,0,0,281377.513442159,197085.955894472,1924506.10253171
2024-12-09,UK,Gamma,1280195.17340257,442414.664395939,0,323156.228999094,372331.296357147,233807.751209136,2580590.63699501
2024-12-16,UK,Gamma,1703145.1611119,178610.706446461,0,0,355407.558409433,224832.49521885,2405353.96823903
2024-12-23,UK,Gamma,683030.106957316,1001449.15999093,566312.830509487,592509.57684889,282026.744459065,245234.389359913,3063778.59994915
2024-12-30,UK,Gamma,0,0,0,457134.200737132,371141.763159026,232177.254716559,2329612.02155761
2025-01-06,UK,Gamma,678786.295155782,141054.760124612,0,655729.937026872,353710.244784439,242375.980987666,2636705.73376183
2025-01-13,UK,Gamma,71080.254659644,0,0,683830.721141517,373003.44376767,259107.45116912,2616995.39946871
2025-01-20,UK,Gamma,323614.620767518,974790.060759807,705101.460487056,407473.829305898,402898.513385773,300729.00831528,3475585.71709251
2025-01-27,UK,Gamma,0,0,0,975968.926300556,0,0,2859690.45640055
2023-02-06,FR,Alpha,345540.490280688,0,393433.02037627,751140.021212727,0,0,2837883.17915108
2023-02-13,FR,Alpha,442213.968108569,0,0,170836.800937932,152031.078761968,127760.088542957,2662617.50766562
2023-02-20,FR,Alpha,0,408871.070169406,14028.8374424159,514687.466998142,186138.776508192,117042.720243417,2624597.13575991
2023-02-27,FR,Alpha,1289704.15233916,0,546475.576303485,326089.192431381,189600.143004519,131467.252627549,2962380.47698746
2023-03-06,FR,Alpha,0,857237.985439667,0,90692.1694651535,146313.718840369,111686.306068839,2283123.27373878
2023-03-13,FR,Alpha,513490.737746222,0,986708.258103569,514144.796860354,196078.570790924,116632.433855949,2647830.88407765
2023-03-20,FR,Alpha,10618.1976102878,700885.226009696,0,423948.922144704,186948.371808496,114572.085289336,2237332.31286654
2023-03-27,FR,Alpha,45625.9086826483,0,728877.959047893,582692.379283573,179097.140673022,131879.195081761,2538853.54391738
2023-04-03,FR,Alpha,0,0,0,368137.359944181,144365.399747363,94377.5135012235,2073536.07352267
2023-04-10,FR,Alpha,0,0,347543.600033815,328270.824247981,108541.684173388,94377.3158500208,1791628.22252107
2023-04-17,FR,Alpha,255184.963166612,131295.679000796,0,0,144367.663297642,84898.0519964324,1826033.55725855
2023-04-24,FR,Alpha,0,0,147238.87813119,352880.350871396,109849.322097514,83249.7368652375,1863902.31058505
2023-05-01,FR,Alpha,1024285.21585343,0,75679.0154310654,156501.731584393,0,0,2011951.88717677
2023-05-08,FR,Alpha,0,0,0,0,0,0,1553525.30915222
2023-05-15,FR,Alpha,642243.786463332,0,0,334423.903428195,82773.0533091127,70885.6288875256,1556184.45291091
2023-05-22,FR,Alpha,0,0,510194.69687046,0,148763.324158593,87371.4220468348,1636995.22197513
2023-05-29,FR,Alpha,305578.879980631,135982.61384764,0,0,87912.741716024,73358.9964533714,1654670.53825903
2023-06-05,FR,Alpha,0,0,0,0,108752.700197577,70885.8827370637,1397122.42238028
2023-06-12,FR,Alpha,0,204275.747562693,419732.168568155,826739.39126925,94125.4377769025,78303.8261529675,2167720.73361524
2023-06-19,FR,Alpha,0,0,0,35434.3383149629,71656.9701091453,58933.6482364454,1154812.99243302
2023-06-26,FR,Alpha,0,205282.183385375,0,0,68669.4789483418,57697.5619652338,1175736.89614077
2023-07-03,FR,Alpha,171960.755350852,0,0,291056.951481191,88044.0735265337,55224.8894421162,1202262.28734109
2023-07-10,FR,Alpha,0,0,0,0,63440.2233328466,55637.7077592982,915754.081435457
2023-07-17,FR,Alpha,0,0,386943.326267157,0,56950.7636971216,39152.0711521983,926120.13935823
2023-07-24,FR,Alpha,0,154417.065944509,0,0,68352.4495437249,44097.3738500585,916336.482725583
2023-07-31,FR,Alpha,0,0,0,522944.685756057,0,0,1973440.20991545
2023-08-07,FR,Alpha,0,384644.766340293,0,0,0,0,1037373.60693956
2023-08-14,FR,Alpha,0,0,0,0,70563.3436845822,41624.6277559344,895541.412152538
2023-08-21,FR,Alpha,0,0,0,0,48069.7977822328,37091.484654371,749295.203630092
2023-08-28,FR,Alpha,0,0,0,0,74388.4220427477,46982.2862530692,776578.063529986
2023-09-04,FR,Alpha,316396.966306463,382995.336610499,0,344692.886132436,69166.131165821,50279.666048283,1029483.88617886
2023-09-11,FR,Alpha,0,0,0,0,56797.2183654349,46570.8564790865,871480.142304306
2023-09-18,FR,Alpha,156417.941996726,0,159752.154492691,0,66975.2681062359,53989.0798828031,1160156.36871093
2023-09-25,FR,Alpha,0,0,0,0,90455.0311808592,58934.4026634799,1175567.63637003
2023-10-02,FR,Alpha,29370.3828566831,988004.973920916,147768.365125024,347526.411498846,65150.1116478897,44097.7760731559,1280341.87132097
2023-10-09,FR,Alpha,0,0,0,0,97209.1485092106,60170.5701311082,1332692.197867
2023-10-16,FR,Alpha,435518.182815449,507583.82276508,0,552311.745868519,105892.113506781,70473.9342184616,1529866.61060454
2023-10-23,FR,Alpha,0,0,24967.8478811312,0,112887.546831451,78303.5131733546,1530727.07365234
2023-10-30,FR,Alpha,442479.636614472,0,0,158400.929463185,0,0,1603807.78199386
2023-11-06,FR,Alpha,0,0,432110.290862493,120178.195320194,0,0,1433376.29304668
2023-11-13,FR,Alpha,370777.771903192,493455.277628048,0,0,141430.181386813,95201.1647280403,2079981.21400659
2023-11-20,FR,Alpha,328597.098313799,271416.743576252,95243.2823937321,39974.7543893442,112361.313373561,98085.5030018625,2236524.23723595
2023-11-27,FR,Alpha,0,494909.027980942,0,0,156590.1218486,103030.775568711,2315803.28036107
2023-12-04,FR,Alpha,0,101056.464557416,789323.086289609,562184.523508256,163293.38404771,105092.369427812,2258501.98339773
2023-12-11,FR,Alpha,0,501895.77363979,0,0,115500.159072234,91904.1042866578,1952668.75561367
2023-12-18,FR,Alpha,2233774.23440292,376692.809429464,303322.557106149,439733.184747063,149086.908996949,104268.881985945,2300591.03927782
2023-12-25,FR,Alpha,0,0,331466.852706404,474469.854715806,193908.369182976,123224.772618981,2478983.01887263
2024-01-01,FR,Alpha,1257857.3103286,92097.8643137065,0,632798.684829342,189088.271291678,114982.539676309,2320730.91518348
2024-01-08,FR,Alpha,0,491192.789984619,289342.513586307,658810.964061202,162787.583756934,126110.026966614,2743865.04408744
2024-01-15,FR,Alpha,1452663.68493724,0,0,739408.920225813,178553.717972101,151250.402042425,3064947.91800134
2024-01-22,FR,Alpha,0,440773.880180626,356811.924849824,659751.383209206,217520.237712694,128584.480267875,2911817.85633561
2024-01-29,FR,Alpha,808652.752917636,0,0,537821.38615613,0,0,3279397.1301512
2024-02-05,FR,Alpha,107519.737622355,448241.786182525,225424.370219846,829252.267179433,0,0,3054565.49928164
2024-02-12,FR,Alpha,0,0,128055.780081188,553655.350558018,380988.937556423,294669.211186268,2934884.47631452
2024-02-19,FR,Alpha,220298.410473886,738984.925750047,0,221210.69740078,335491.51599617,259637.57591615,2823219.48824617
2024-02-26,FR,Alpha,0,0,0,303663.32752227,271844.785597445,227081.8461103,2452680.33852543
2024-03-04,FR,Alpha,0,1035226.74716992,0,145502.884644879,245660.482947547,213070.081128967,2298532.08504889
2024-03-11,FR,Alpha,1664805.01942883,0,0,706143.842626353,401052.580519795,239031.322458,3770355.56706107
2024-03-18,FR,Alpha,634483.864362478,1402351.58635529,865403.203005077,599344.690368151,299719.946733699,227906.061101897,2912705.20594167
2024-03-25,FR,Alpha,0,0,0,604501.533201373,325651.304350182,218838.181159009,2104053.8600822
2024-04-01,FR,Alpha,91388.4947908198,0,47465.8345597025,577387.189153664,318947.119590859,207299.358749252,2177400.83233622
2024-04-08,FR,Alpha,0,0,333232.748585174,893879.996240809,316226.770331443,216367.061141229,2246004.37331468
2024-04-15,FR,Alpha,621972.650260239,0,0,618750.175286573,350938.435761584,223372.377937075,2442463.35084358
2024-04-22,FR,Alpha,0,0,0,0,229772.33873541,172680.719540991,1869577.49413362
2024-04-29,FR,Alpha,0,394786.583447417,0,908785.133981274,0,0,2010841.72098215
2024-05-06,FR,Alpha,0,0,330455.600498611,0,0,0,1976390.7395829
2024-05-13,FR,Alpha,0,0,0,1470173.66857049,193386.783592562,139299.15267395,1517032.861754
2024-05-20,FR,Alpha,0,0,433594.52503418,0,239359.024381123,144244.081786795,1522663.01797249
2024-05-27,FR,Alpha,160125.111101191,0,0,0,212234.306776071,130231.941238426,1339589.04233663
2024-06-03,FR,Alpha,0,0,613678.217256736,0,153539.300392528,116631.402975741,1195374.64680477
2024-06-10,FR,Alpha,0,75655.2068083385,0,320915.824033693,236470.010914455,148365.453797779,1398010.11802395
2024-06-17,FR,Alpha,0,0,0,0,164726.834843051,140947.806898506,1396934.06987598
2024-06-24,FR,Alpha,0,1546599.05853029,0,0,131188.993313945,113334.751209339,1211928.85100393
2024-07-01,FR,Alpha,115431.411449185,0,0,0,140388.585409568,109625.555864,2014550.48657322
2024-07-08,FR,Alpha,0,915395.234112321,0,0,134669.059977547,100971.132414818,1061160.4567452
2024-07-15,FR,Alpha,565997.28745699,0,0,0,114262.604120442,80364.1247249575,2331744.30685128
2024-07-22,FR,Alpha,0,946903.71605299,0,0,95435.6937801405,82837.7222432047,838438.979255692
2024-07-29,FR,Alpha,0,0,0,0,0,0,907571.176340468
2024-08-05,FR,Alpha,0,126748.520285974,0,477469.291426409,0,0,947049.905377442
2024-08-12,FR,Alpha,0,0,221766.643446864,0,95716.234766663,67176.2499509268,851375.748355978
2024-08-19,FR,Alpha,141032.112579777,131325.467076975,0,396623.950562861,96636.7857834749,82837.1019226441,859081.74635596
2024-08-26,FR,Alpha,0,0,0,0,113655.871589772,68826.0051981869,768896.770815605
2024-09-02,FR,Alpha,560381.868882576,0,0,33882.8463047689,137947.798472954,98086.4091081029,1067817.28810548
2024-09-09,FR,Alpha,0,490322.938613124,144020.450946809,0,107097.606071869,82425.0954158125,956061.693525254
2024-09-16,FR,Alpha,70486.0043802108,0,295898.527172605,773944.462444989,195474.217668012,117044.175888464,1161110.43774137
2024-09-23,FR,Alpha,0,0,0,0,183186.929984669,114983.66979453,1220124.53190851
2024-09-30,FR,Alpha,152443.147595966,334382.065494994,771420.974354951,0,170293.118631608,119105.101155918,1355393.44325929
2024-10-07,FR,Alpha,0,0,0,0,178692.066601669,119516.288052431,1318149.79914338
2024-10-14,FR,Alpha,175950.209972536,635007.361940859,44894.351104663,0,195958.558117612,140122.415899318,1499948.57592938
2024-10-21,FR,Alpha,0,324137.628153143,292629.196045005,0,276515.757935969,165675.806547236,1600444.84519878
2024-10-28,FR,Alpha,526190.653130349,0,0,0,0,0,1416540.69601843
2024-11-04,FR,Alpha,0,0,350767.112557213,199081.599266593,0,0,2029829.87315995
2024-11-11,FR,Alpha,1821940.93144084,0,0,146583.803136572,362333.683508979,216366.479718157,2407271.96311397
2024-11-18,FR,Alpha,0,0,0,0,230840.227163138,200706.059249763,2062759.56971755
2024-11-25,FR,Alpha,755256.417822359,464148.656436113,142502.889274324,83568.041316057,242121.315737661,172680.272533897,2088881.39874435
2024-12-02,FR,Alpha,0,0,0,0,284192.010939005,199058.115623566,1943762.75597383
2024-12-09,FR,Alpha,1293009.82998098,446840.994170262,0,326389.602856752,376057.995844046,236146.816190667,2606410.51352367
2024-12-16,FR,Alpha,1720181.57069573,180397.095140986,0,0,358963.842557412,227081.500923575,2429411.47691088
2024-12-23,FR,Alpha,689860.835599647,1011470.05793762,571979.970425995,598436.434800089,284848.8060385,247688.305281007,3094417.3565796
2024-12-30,FR,Alpha,0,0,0,461707.048096107,374856.294764626,234500.386601371,2352929.18459553
2025-01-06,FR,Alpha,685575.282801477,142466.175629776,0,662289.686089896,357248.867604731,244800.832289592,2663075.82748307
2025-01-13,FR,Alpha,71791.5650504554,0,0,690671.785336409,376733.713025464,261700.197705874,2643179.0492046
2025-01-20,FR,Alpha,326851.559400146,984543.95840282,712159.141901917,411550.26789036,406929.290467236,303737.091500113,3510373.42724928
2025-01-27,FR,Alpha,0,0,0,985738.132593565,0,0,2888308.66139388
2023-02-06,FR,Beta,348997.308450323,0,397370.595589928,758652.706899912,0,0,2866263.59739763
2023-02-13,FR,Beta,446636.278283996,0,0,172546.438319841,153551.584831676,129037.939641272,2689259.1153695
2023-02-20,FR,Beta,0,412960.146352781,14169.1423892046,519836.923676068,188001.832784117,118214.275476372,2650864.01925399
2023-02-27,FR,Beta,1302605.25004143,0,551941.730193791,329351.672158608,191497.117341122,132782.399812117,2992012.88781504
2023-03-06,FR,Beta,0,865813.71589702,0,91599.38986298,147777.471709724,112804.223512408,2305967.32630089
2023-03-13,FR,Beta,518629.551204356,0,996575.479678509,519288.888169723,198039.411547563,117799.064398079,2674310.36086549
2023-03-20,FR,Beta,10724.4424324485,707897.86270291,0,428192.115990017,188818.838965993,115717.866045743,2259707.25580588
2023-03-27,FR,Beta,46082.3124498328,0,736173.094370248,588523.708968932,180889.857365879,133198.183858974,2564244.18693682
2023-04-03,FR,Beta,0,0,0,371819.407518091,145810.084913299,95321.8879525478,2094286.99510324
2023-04-10,FR,Beta,0,0,351022.199946629,331556.310490731,109627.556337426,95321.4805069724,1809562.09689321
2023-04-17,FR,Beta,257737.218205618,132609.26016788,0,0,145812.567908503,85747.5579247976,1844302.99389076
2023-04-24,FR,Beta,0,0,148712.193134646,356410.092193376,110948.786436679,84082.3545597652,1882551.29409766
2023-05-01,FR,Beta,1034534.58005119,0,76435.9907074937,158067.80578093,0,0,2032086.69746179
2023-05-08,FR,Beta,0,0,0,0,0,0,1569071.62560269
2023-05-15,FR,Beta,648670.074568313,0,0,337771.348614828,83601.4533252572,71594.4942597689,1571753.77087758
2023-05-22,FR,Beta,0,0,515299.323222158,0,150251.454343285,88245.9466619444,1653370.2814389
2023-05-29,FR,Beta,308636.430134104,137342.882781977,0,0,88792.0399789046,74092.6828597156,1671218.99326835
2023-06-05,FR,Beta,0,0,0,0,109840.499964057,71594.8969683251,1411096.95903917
2023-06-12,FR,Beta,0,206320.345553164,423931.731314032,835010.02976191,95067.5009038796,79087.5111882782,2189401.72007507
2023-06-19,FR,Beta,0,0,0,35789.0375512376,72374.1408226141,59523.0227801289,1166369.76697082
2023-06-26,FR,Beta,0,207335.4689338,0,0,69356.6991050083,58274.6186712642,1187504.04824161
2023-07-03,FR,Beta,173680.67857543,0,0,293968.384718561,88924.6741446488,55777.244984561,1214292.49740229
2023-07-10,FR,Beta,0,0,0,0,64074.9645472126,56194.3729858845,924919.955365214
2023-07-17,FR,Beta,0,0,390813.344603064,0,57520.4024180723,39543.9318730971,935390.494385352
2023-07-24,FR,Beta,0,155961.57494604,0,0,69036.5106092852,44538.4089436438,925503.687180819
2023-07-31,FR,Beta,0,0,0,528174.76258129,0,0,1993178.17798939
2023-08-07,FR,Beta,0,388494.838962036,0,0,0,0,1047753.69638207
2023-08-14,FR,Beta,0,0,0,0,71269.6511674886,42040.9877581483,904503.466946481
2023-08-21,FR,Beta,0,0,0,0,48550.8475521926,37462.6421419521,756793.459401075
2023-08-28,FR,Beta,0,0,0,0,75132.447163746,47452.2258325762,784349.542673117
2023-09-04,FR,Beta,319562.702700715,386825.720810028,0,348140.337653143,69858.1318121732,50782.5035942821,1039782.93371793
2023-09-11,FR,Beta,0,0,0,0,57365.2955435506,47036.7819688676,880196.227008937
2023-09-18,FR,Beta,157983.008052635,0,161350.485903756,0,67645.2986716277,54529.4833380512,1171759.0696102
2023-09-25,FR,Beta,0,0,0,0,91359.5848935875,59523.912540698,1187330.8327285
2023-10-02,FR,Beta,29664.2400780835,997893.126785716,149247.130372795,351001.968236594,65802.2577247829,44539.1847111815,1293155.7377604
2023-10-09,FR,Beta,0,0,0,0,98181.6696808502,60772.7757907185,1346030.76393085
2023-10-16,FR,Beta,439873.89299985,512662.481631746,0,557836.099204097,106951.803852356,71178.8413818993,1545173.16816814
2023-10-23,FR,Beta,0,0,25217.5370712801,0,114017.052483345,79086.9780281754,1546034.81731305
2023-10-30,FR,Beta,446908.822359747,0,0,159986.223493204,0,0,1619855.51082992
2023-11-06,FR,Beta,0,0,436433.766390496,121380.818510279,0,0,1447712.96419418
2023-11-13,FR,Beta,374487.526853927,498392.025925341,0,0,142844.854352333,96153.4573595844,2100799.23571734
2023-11-20,FR,Beta,331883.903017557,274133.553560089,96196.5699610364,40374.8263990347,113485.870832514,99067.1415895693,2258906.40784788
2023-11-27,FR,Beta,0,499859.630388985,0,0,158156.355788581,104061.619247214,2338977.96138784
2023-12-04,FR,Beta,0,102067.993929443,797217.182343541,567806.91623431,164926.517226539,106143.956620863,2281090.80138099
2023-12-11,FR,Beta,0,506917.804811914,0,0,116655.791952626,92823.2450579902,1972195.67272979
2023-12-18,FR,Beta,2256131.51525046,380461.95243347,306356.188745732,444131.267448009,150578.440214915,105312.114819845,2323599.17173577
2023-12-25,FR,Beta,0,0,334784.378499403,479216.924594456,195848.101191526,124457.935324847,2503784.82615525
2024-01-01,FR,Beta,1270439.14923114,93019.3745529595,0,639129.475087604,190979.466830277,116133.079173725,2343961.15818268
2024-01-08,FR,Beta,0,496107.039783063,292237.368619032,665400.235935865,164416.984649648,127371.175098111,2771307.34934995
2024-01-15,FR,Beta,1467197.15662224,0,0,746807.965279361,180339.514471738,152763.420496466,3095615.57528621
2024-01-22,FR,Beta,0,445181.859167391,360382.032866594,666350.759470161,219696.071661358,129871.478671046,2940962.03447609
2024-01-29,FR,Beta,816739.688423263,0,0,543204.316061688,0,0,3312203.06220702
2024-02-05,FR,Beta,108595.957611722,452726.262294343,227680.692761,837552.072366118,0,0,3085124.42207929
2024-02-12,FR,Beta,0,0,129337.267576334,559193.361852377,384800.753782715,297618.624827486,2964255.61695482
2024-02-19,FR,Beta,222502.609421987,746382.133888526,0,223424.845075828,338846.984462291,262234.023288605,2851462.7001186
2024-02-26,FR,Beta,0,0,0,306700.273745073,274565.311826164,229354.49415226,2477228.87681939
2024-03-04,FR,Beta,0,1045581.66849723,0,146957.929524996,248118.313070521,215202.073300218,2321522.30075254
2024-03-11,FR,Beta,1681462.99604586,0,0,713208.292580948,405064.848258746,241423.238690182,3808068.7660514
2024-03-18,FR,Beta,640834.878206063,1416376.06096207,874057.599990045,605339.502514512,302719.22667286,230186.995085027,2941855.3392874
2024-03-25,FR,Beta,0,0,0,610547.330910433,328910.903842295,221027.910592384,2125098.78579817
2024-04-01,FR,Beta,92302.4766914879,0,47940.7724360748,583165.560683627,322137.537080528,209373.39847585,2199187.19451708
2024-04-08,FR,Beta,0,0,336565.42207616,902826.530414804,319389.176225399,218532.373052122,2268465.64456104
2024-04-15,FR,Beta,628192.809151784,0,0,624941.768367319,354448.357753199,225607.359345652,2466889.10426451
2024-04-22,FR,Beta,0,0,0,0,232070.930654876,174409.220193422,1888280.09900426
2024-04-29,FR,Beta,0,398735.831093724,0,917881.653418704,0,0,2030963.9430431
2024-05-06,FR,Beta,0,0,333762.344647619,0,0,0,1996174.42797765
2024-05-13,FR,Beta,0,0,0,1484881.58560841,195321.402645334,140693.043135206,1532206.40564011
2024-05-20,FR,Beta,0,0,437931.966593629,0,241753.130929922,145686.592599915,1537889.98157485
2024-05-27,FR,Beta,161727.165981872,0,0,0,214357.059897826,131534.935978996,1352996.2422458
2024-06-03,FR,Beta,0,0,619820.853170988,0,155074.916993241,117798.710782419,1207330.88714571
2024-06-10,FR,Beta,0,76412.2767512727,0,324127.382405874,238836.497294095,149849.266824453,1411991.58904266
2024-06-17,FR,Beta,0,0,0,0,166375.073769798,142357.612107469,1410916.15805809
2024-06-24,FR,Beta,0,1562072.50397571,0,0,132502.142397661,114468.714879514,1224054.94093055
2024-07-01,FR,Beta,116585.94836692,0,0,0,141793.826838515,110722.910050236,2034712.89171006
2024-07-08,FR,Beta,0,924550.369307538,0,0,136016.028294313,101981.615747485,1071772.40681208
2024-07-15,FR,Beta,571662.275809262,0,0,0,115406.256406953,81167.779586462,2355070.56226305
2024-07-22,FR,Beta,0,956374.137078675,0,0,96390.7870482325,83666.2379826575,846827.087358545
2024-07-29,FR,Beta,0,0,0,0,0,0,916652.296645215
2024-08-05,FR,Beta,0,128016.379045799,0,482243.985579066,0,0,956526.233117914
2024-08-12,FR,Beta,0,0,223985.799069221,0,96673.5963355611,67848.6642991309,859895.839069477
2024-08-19,FR,Beta,142443.088568152,132639.280145336,0,400591.980154165,97603.5632149327,83665.872277017,867674.803502984
2024-08-26,FR,Beta,0,0,0,0,114792.941968813,69514.3374634212,776590.414397256
2024-09-02,FR,Beta,565991.25012232,0,0,34221.783656683,139327.351459064,99067.9160712097,1078497.77756411
2024-09-09,FR,Beta,0,495226.904096404,145460.964899791,0,108168.875603662,83249.6370529506,965628.619244321
2024-09-16,FR,Beta,71191.1701398176,0,298858.496556642,781684.301971819,197430.582814212,118214.868351104,1172727.5892014
2024-09-23,FR,Beta,0,0,0,0,185019.068675019,116133.872648447,1232337.58502612
2024-09-30,FR,Beta,153968.841722818,337727.8922415,779135.38568955,0,171996.272810845,120297.316611981,1368953.34754151
2024-10-07,FR,Beta,0,0,0,0,180479.123782746,120711.630781168,1331336.91092444
2024-10-14,FR,Beta,177710.398792809,641361.276515534,45343.4232241601,0,197919.573451311,141524.818831322,1514958.19030754
2024-10-21,FR,Beta,0,327379.682858489,295556.503469545,0,279282.555034903,167333.711634673,1616454.9996162
2024-10-28,FR,Beta,531453.155626999,0,0,0,0,0,1430712.61801021
2024-11-04,FR,Beta,0,0,354277.033038339,201073.812154865,0,0,2050130.06096335
2024-11-11,FR,Beta,1840172.75981006,0,0,148050.518981679,365958.616259352,218532.184380709,2431355.41280664
2024-11-18,FR,Beta,0,0,0,0,233149.923556706,202713.607218469,2083404.65276421
2024-11-25,FR,Beta,762813.146234763,468794.22499252,143929.278027066,84404.4235844322,244542.763934523,174407.625026112,2109785.72131177
2024-12-02,FR,Beta,0,0,0,0,287034.903886505,201049.143241049,1963200.67207913
2024-12-09,FR,Beta,1305945.47998322,451310.17464353,0,329656.226897786,379818.888278082,238509.1164318,2632486.92595374
2024-12-16,FR,Beta,1737393.62715047,182202.062394279,0,0,362556.71391692,229353.699611076,2453711.47129864
2024-12-23,FR,Beta,696763.511126878,1021593.51063849,577700.256426393,604424.771788711,287697.792525119,250165.766518737,3125372.53540328
2024-12-30,FR,Beta,0,0,0,466325.335509093,378606.571574794,236845.707542036,2376462.32910199
2025-01-06,FR,Beta,692436.786267395,143890.924152625,0,668914.44229601,360823.329169707,247250.55556799,2689709.15267168
2025-01-13,FR,Beta,72509.541284396,0,0,697580.019682407,380501.983524199,264319.482721086,2669614.37522067
2025-01-20,FR,Beta,330122.075005482,994398.294495051,719282.782555652,415666.545974976,411002.21513691,306774.59209315,3545508.16387536
2025-01-27,FR,Beta,0,0,0,995605.074984722,0,0,2917195.52797143
2023-02-06,FR,Gamma,352487.375605158,0,401347.364407295,766244.011949077,0,0,2894940.31586932
2023-02-13,FR,Gamma,451104.374758765,0,0,174272.055277298,155088.593252785,130329.18019114,2716167.49121442
2023-02-20,FR,Gamma,0,417090.51601676,14310.9688608692,525038.725017647,189882.566484144,119396.866608512,2677387.13667224
2023-02-27,FR,Gamma,1315642.54375728,0,557462.693660119,332647.001422749,193413.277104839,134110.431214963,3021950.71692874
2023-03-06,FR,Gamma,0,874477.180723645,0,92515.9307220995,149255.589319403,113933.398509441,2329046.57865149
2023-03-13,FR,Gamma,523815.859866006,0,1006543.22770425,524486.500620305,200021.571420177,118977.655905087,2701057.64494507
2023-03-20,FR,Gamma,10831.7283881888,714980.739444771,0,432476.844757172,190708.151517776,116875.073458657,2282320.39395244
2023-03-27,FR,Gamma,46543.4185674427,0,743535.413120264,594411.270819706,182699.167378031,134530.26867674,2589893.00689781
2023-04-03,FR,Gamma,0,0,0,375539.208212256,147268.38735787,96275.6810896545,2115236.93336769
2023-04-10,FR,Gamma,0,0,354535.674208286,334872.179251163,110724.914293335,96275.1157012753,1827664.42844218
2023-04-17,FR,Gamma,260316.098236539,133935.39827253,0,0,147272.001484234,86605.0943825031,1862752.82238203
2023-04-24,FR,Gamma,0,0,150200.735103312,359976.226029357,112059.009878312,84923.6694014701,1901377.53378116
2023-05-01,FR,Gamma,1044881.06683939,0,77200.5215211153,159649.717014508,0,0,2052408.928977
2023-05-08,FR,Gamma,0,0,0,0,0,0,1584778.07440266
2023-05-15,FR,Gamma,655160.73920643,0,0,341152.140340067,84437.8164102829,72311.0630393835,1587474.41634895
2023-05-22,FR,Gamma,0,0,520456.440955353,0,151754.892338795,89129.2756370174,1669906.9164366
2023-05-29,FR,Gamma,311723.234823513,138716.754625138,0,0,89680.3088157399,74834.3390927418,1687938.15482262
2023-06-05,FR,Gamma,0,0,0,0,110939.001716021,72311.4119323083,1425209.27053488
2023-06-12,FR,Gamma,0,208385.568615791,428171.120477841,843364.855620579,96018.6371508572,79879.1098209221,2211299.3873944
2023-06-19,FR,Gamma,0,0,0,36147.0508089484,73098.0947741833,60118.635729594,1178042.15543195
2023-06-26,FR,Gamma,0,209410.763068643,0,0,70050.9042294018,58857.451339295,1199382.0923548
2023-07-03,FR,Gamma,175418.096763771,0,0,296909.677512178,89814.0378169185,56335.2459870577,1226435.68680013
2023-07-10,FR,Gamma,0,0,0,0,64715.7911529567,56756.4811335426,934174.418864926
2023-07-17,FR,Gamma,0,0,394723.254409469,0,58095.9443019725,39939.6925926302,944744.764358731
2023-07-24,FR,Gamma,0,157521.811899114,0,0,69727.1327417699,44983.8198005116,934766.78323853
2023-07-31,FR,Gamma,0,0,0,533459.925402221,0,0,2013124.8575436
2023-08-07,FR,Gamma,0,392381.054532776,0,0,0,0,1058233.19730178
2023-08-14,FR,Gamma,0,0,0,0,71982.7632287748,42461.8082999542,913557.565674717
2023-08-21,FR,Gamma,0,0,0,0,49036.3722922572,37837.4539278781,764363.36737226
2023-08-28,FR,Gamma,0,0,0,0,75884.356624457,47926.8755628391,792195.123242375
2023-09-04,FR,Gamma,322759.272477247,390695.6750755,0,351625.047967095,70557.3139325691,51290.3749876397,1050182.53066078
2023-09-11,FR,Gamma,0,0,0,0,57939.50498183,47507.508958939,889005.173943984
2023-09-18,FR,Gamma,159563.232119526,0,162964.482011887,0,68321.9801016559,55074.9437222697,1183487.50743214
2023-09-25,FR,Gamma,0,0,0,0,92273.955967108,60119.3998939343,1199211.65421206
2023-10-02,FR,Gamma,29960.8919260738,1007874.5979879,150739.742760872,354515.02767103,66460.8992918425,44984.8599323268,1306092.15488401
2023-10-09,FR,Gamma,0,0,0,0,99164.4287062717,61380.7121010121,1359498.09936298
2023-10-16,FR,Gamma,444275.387911956,517794.000505466,0,563419.811317794,108021.87943451,71890.9249518353,1560632.86929458
2023-10-23,FR,Gamma,0,0,25469.7214418237,0,115158.351526726,79878.5879031432,1561496.51326695
2023-10-30,FR,Gamma,451380.099680026,0,0,161586.244822129,0,0,1636065.4391054
2023-11-06,FR,Gamma,0,0,440801.721166768,122595.739838472,0,0,1462204.06214947
2023-11-13,FR,Gamma,378233.290840008,503377.777248243,0,0,144274.446276618,97115.6375476308,2121809.12500083
2023-11-20,FR,Gamma,335203.212910145,276876.498321817,97159.4137977629,40778.974817177,114621.497453058,100058.715571084,2281496.70877525
2023-11-27,FR,Gamma,0,504860.829178738,0,0,159738.575227627,105102.807615502,2362372.90643995
2023-12-04,FR,Gamma,0,103088.766124952,805189.493118302,573488.680975365,166576.19127405,107205.989898312,2303910.55064268
2023-12-11,FR,Gamma,0,511987.683999058,0,0,117823.500206324,93751.9037793605,1991917.77687531
2023-12-18,FR,Gamma,2278702.59102978,384269.693022788,309420.727818095,448576.968795851,152085.393622754,106365.294874326,2346849.95802442
2023-12-25,FR,Gamma,0,0,338135.409019287,484009.328344089,197808.116522756,125703.758041472,2528824.45037026
2024-01-01,FR,Gamma,1283149.58299767,93950.5001278163,0,645526.273349418,192889.494581125,117295.555257735,2367405.39352555
2024-01-08,FR,Gamma,0,501071.064341457,295160.51355307,672057.941863506,166062.654953882,128645.517766401,2799044.13099003
2024-01-15,FR,Gamma,1481880.26349019,0,0,754282.88507225,182143.740077088,154291.640392618,3126572.04623617
2024-01-22,FR,Gamma,0,449635.122180079,363987.293326711,673014.812059208,221894.496490213,131170.566558905,2970374.99691372
2024-01-29,FR,Gamma,824910.440078469,0,0,548641.251710674,0,0,3345325.23421657
2024-02-05,FR,Gamma,109682.839687176,457255.251726598,229959.298579462,845933.073144595,0,0,3115992.82077651
2024-02-12,FR,Gamma,0,0,130631.682474151,564790.130195622,388651.817753608,300596.845851073,2993908.00146517
2024-02-19,FR,Gamma,224729.476757384,753848.24244445,0,225660.030739781,342236.227414483,264858.67839834,2879985.55503593
2024-02-26,FR,Gamma,0,0,0,309768.700437453,277312.247316894,231648.236384457,2502016.76512035
2024-03-04,FR,Gamma,0,1056047.87657483,0,148428.320513067,250601.327321213,217355.79428647,2344760.71157731
2024-03-11,FR,Gamma,1698288.85585803,0,0,720344.060816193,409117.271315702,243838.074163968,3846173.1051255
2024-03-18,FR,Gamma,647248.33527448,1430551.386369,882806.914425849,611397.756559596,305749.077158947,232490.357728962,2971275.07014751
2024-03-25,FR,Gamma,0,0,0,616656.708387563,332200.30722239,223238.78109078,2146350.68388952
2024-04-01,FR,Gamma,93226.4081455956,0,48420.182005018,588997.723992983,325360.729743686,211468.657362766,2221187.00469346
2024-04-08,FR,Gamma,0,0,339932.900111254,911858.515660758,322584.225677094,220719.337215955,2291165.86110665
2024-04-15,FR,Gamma,634475.578494936,0,0,631193.191582226,357993.951058602,227864.888024218,2491572.34961186
2024-04-22,FR,Gamma,0,0,0,0,234391.656678417,176153.918115202,1907180.0097546
2024-04-29,FR,Gamma,0,402724.731876999,0,927068.596612531,0,0,2051274.16268222
2024-05-06,FR,Gamma,0,0,337101.202131401,0,0,0,2016154.91437972
2024-05-13,FR,Gamma,0,0,0,1499739.4791606,197276.306236921,142101.116975622,1547543.23705708
2024-05-20,FR,Gamma,0,0,442313.329923642,0,244172.699360754,147144.538593196,1553274.79814778
2024-05-27,FR,Gamma,163345.429501837,0,0,0,216501.835896654,132851.291293311,1366528.89496918
2024-06-03,FR,Gamma,0,0,626023.487631607,0,156626.243346447,118976.876620421,1219405.63184164
2024-06-10,FR,Gamma,0,77176.4955283645,0,327369.163559101,241225.741950265,151347.792273718,1426119.85188228
2024-06-17,FR,Gamma,0,0,0,0,168040.039550365,143782.356623772,1425034.89240321
2024-06-24,FR,Gamma,0,1577699.28161036,0,0,133828.352032252,115613.60663742,1236301.27194405
2024-07-01,FR,Gamma,117752.597724167,0,0,0,143212.900440442,111831.070850822,2055073.75633449
2024-07-08,FR,Gamma,0,933796.760861133,0,0,137376.851956391,103001.831534968,1082491.04379735
2024-07-15,FR,Gamma,577383.17691079,0,0,0,116561.235930562,81979.8524163782,2378628.98894943
2024-07-22,FR,Gamma,0,965945.792796558,0,0,97354.7645314823,84503.6213783754,855295.869058402
2024-07-29,FR,Gamma,0,0,0,0,0,0,925820.163094062
2024-08-05,FR,Gamma,0,129297.647824868,0,487067.661491552,0,0,966097.050390741
2024-08-12,FR,Gamma,0,0,226225.726972764,0,97640.5590385041,68527.8093177439,868500.284758726
2024-08-19,FR,Gamma,143867.98513694,133966.049314643,0,404599.493894817,98580.2248518815,84502.6552965611,876353.414459243
2024-08-26,FR,Gamma,0,0,0,0,115941.59424716,70209.804088188,784358.703004256
2024-09-02,FR,Gamma,571655.946506387,0,0,34564.2896206166,140721.591503678,100059.243662273,1089284.20137801
2024-09-09,FR,Gamma,0,500181.149807009,146916.963151118,0,109250.667921325,84082.3715549884,975285.61908244
2024-09-16,FR,Gamma,71903.5731538727,0,301847.950982141,789501.741808824,199404.913621864,119397.610219948,1184460.71869639
2024-09-23,FR,Gamma,0,0,0,0,186869.898122463,117295.990124144,1244670.77078756
2024-09-30,FR,Gamma,155508.533774915,341106.196557627,786934.404020763,0,173716.527477135,121501.425433771,1382653.95263149
2024-10-07,FR,Gamma,0,0,0,0,182284.299287579,121918.841612735,1344650.87574913
2024-10-14,FR,Gamma,179488.359129139,647778.499543795,45797.2927376901,0,199900.576377304,142940.67669009,1530116.66384436
2024-10-21,FR,Gamma,0,330653.773666233,298512.546638429,0,282075.70581693,169007.20104213,1632620.06607217
2024-10-28,FR,Gamma,536769.758621683,0,0,0,0,0,1445024.74121169
2024-11-04,FR,Gamma,0,0,357820.687797641,203085.488579166,0,0,2070636.57062288
2024-11-11,FR,Gamma,1858586.41560349,0,0,149531.367612053,369618.720902365,220719.093136742,2455675.98464419
2024-11-18,FR,Gamma,0,0,0,0,235481.451805012,204742.212997623,2104240.1853841
2024-11-25,FR,Gamma,770441.659275407,473483.168587392,145369.384821933,85248.8131863441,246988.937313958,176153.179520384,2130899.26224591
2024-12-02,FR,Gamma,0,0,0,0,289905.517382257,203061.621752216,1982838.0174526
2024-12-09,FR,Gamma,1319010.63345291,455826.139615269,0,332955.495173762,383617.277788391,240896.359990641,2658830.68909696
2024-12-16,FR,Gamma,1754768.54073821,184024.856090452,0,0,366183.573490657,231648.089076231,2478259.71475985
2024-12-23,FR,Gamma,703735.292475654,1031812.85519306,583477.681059408,610474.393563294,290576.551273338,252667.44760596,3156630.36317036
2024-12-30,FR,Gamma,0,0,0,470992.723041824,382396.190660326,239215.135116869,2400236.83174829
2025-01-06,FR,Gamma,699362.651627093,145329.938641465,0,675606.583914791,364434.776748157,249723.700245713,2716611.35259733
2025-01-13,FR,Gamma,73234.8619064683,0,0,704560.594503751,384307.35171206,266963.179632075,2696317.98525674
2025-01-20,FR,Gamma,333424.485233057,1004343.4517221,726482.461696837,419824.492157317,415113.567997454,309842.405899796,3580983.44565361
2025-01-27,FR,Gamma,0,0,0,1005565.23479685,0,0,2946370.9050878
2023-02-06,DE,Alpha,356013.389704945,0,405364.345201263,773906.734248719,0,0,2923893.59470578
2023-02-13,DE,Alpha,455618.009237422,0,0,176014.897008354,156639.829459675,131633.599963409,2743341.12907054
2023-02-20,DE,Alpha,0,421262.95899004,14454.0939342823,530289.728336087,191782.21617171,120591.66429324,2704171.78160797
2023-02-27,DE,Alpha,1328810.02125645,0,563042.859261957,335973.954046782,195349.331525179,135451.947042339,3052187.83761131
2023-03-06,DE,Alpha,0,883226.961749094,0,93441.893520492,150749.006220847,115073.820673459,2352338.94575331
2023-03-13,DE,Alpha,529057.084166028,0,1016614.52011614,529735.439622926,202022.738444712,120167.629990367,2728078.66874543
2023-03-20,DE,Alpha,10940.1226417835,722136.837309549,0,436805.000879442,192616.545711686,118044.670875811,2305152.98676621
2023-03-27,DE,Alpha,47008.8827888331,0,750976.904860694,600358.934705557,184526.709901955,135875.830875097,2615816.24893072
2023-04-03,DE,Alpha,0,0,0,379295.168853709,148741.59654864,97239.3531357953,2136399.01486995
2023-04-10,DE,Alpha,0,0,358081.62778722,338221.23907387,111832.788193253,97237.9808445872,1845959.07152812
2023-04-17,DE,Alpha,262920.226698358,135275.248639863,0,0,148745.91484953,87471.3490512155,1881382.09388506
2023-04-24,DE,Alpha,0,0,151703.027022242,363579.431413591,113180.483614717,85773.126747886,1920401.35029915
2023-05-01,DE,Alpha,1055330.27046905,0,77972.9810874503,161246.370673336,0,0,2072947.93805445
2023-05-08,DE,Alpha,0,0,0,0,0,0,1600628.91311066
2023-05-15,DE,Alpha,661717.184037803,0,0,344565.276195686,85282.7132802244,73034.4039221035,1603363.91839201
2023-05-22,DE,Alpha,0,0,525665.343426995,0,153272.563367347,90020.7121402975,1686610.18488117
2023-05-29,DE,Alpha,314842.416624176,140104.124006533,0,0,90577.48786902,75583.3241746282,1704828.23006068
2023-06-05,DE,Alpha,0,0,0,0,112048.902702985,73034.63610744,1439474.12486389
2023-06-12,DE,Alpha,0,210470.330211984,432456.759193293,851806.537578466,96979.596790491,80678.1747616564,2233423.6896621
2023-06-19,DE,Alpha,0,0,0,36508.5863370481,73829.5436356502,60720.2824613088,1189833.25214917
2023-06-26,DE,Alpha,0,211505.401896097,0,0,70751.957159256,59446.3661984772,1211381.46600646
2023-07-03,DE,Alpha,177172.616101667,0,0,299879.12717107,90712.1953548001,56898.6275016365,1238701.5074539
2023-07-10,DE,Alpha,0,0,0,0,65362.9818166134,57324.1419179539,943524.979545053
2023-07-17,DE,Alpha,0,0,398671.529375626,0,58677.346123099,40339.3091052661,954194.963914843
2023-07-24,DE,Alpha,0,159097.495601292,0,0,70424.4659883764,45433.6956504308,944115.825270129
2023-07-31,DE,Alpha,0,0,0,538798.413280166,0,0,2033275.63008283
2023-08-07,DE,Alpha,0,396305.506230147,0,0,0,0,1068818.60417193
2023-08-14,DE,Alpha,0,0,0,0,72703.3079319086,42886.5879387187,922694.414536148
2023-08-21,DE,Alpha,0,0,0,0,49526.933819012,38216.1322438085,772011.044772775
2023-08-28,DE,Alpha,0,0,0,0,76643.4661107441,48406.5498882228,800118.821173805
2023-09-04,DE,Alpha,325987.263457155,394603.175125382,0,355141.402742885,71263.0294600146,51803.3671980574,1060684.74819972
2023-09-11,DE,Alpha,0,0,0,0,58518.9655727284,47982.8204150453,897901.995379687
2023-09-18,DE,Alpha,161159.593958239,0,164595.406104875,0,69005.5233549623,55626.0776974087,1195328.69714464
2023-09-25,DE,Alpha,0,0,0,0,93197.2768021234,60721.0469206013,1211211.81884475
2023-10-02,DE,Alpha,30260.6990621428,1017953.64110043,152247.974277336,358062.784095518,67126.0620160457,45434.8259905041,1319155.19631532
2023-10-09,DE,Alpha,0,0,0,0,100156.762943781,61994.9292327871,1373093.93395963
2023-10-16,DE,Alpha,448722.065503348,522974.94734269,0,569055.937301072,109102.327594507,72610.119890977,1576253.57937452
2023-10-23,DE,Alpha,0,0,25724.5086187395,0,116310.930545396,80677.7269777074,1577123.01746344
2023-10-30,DE,Alpha,455895.012503117,0,0,163203.122970821,0,0,1652430.31517287
2023-11-06,DE,Alpha,0,0,445211.912995474,123821.964797923,0,0,1476826.27061494
2023-11-13,DE,Alpha,382018.639714179,508413.127452987,0,0,145718.61482087,98087.7418269545,2143042.79287637
2023-11-20,DE,Alpha,338557.602199911,279646.109504067,98131.5218349079,41186.9474713762,115768.15854388,101059.38112035,2304329.0951647
2023-11-27,DE,Alpha,0,509910.850965153,0,0,161336.907653951,106153.845312381,2386010.69739367
2023-12-04,DE,Alpha,0,104120.011776476,813244.76850367,579224.569397391,168243.123372484,108278.789175926,2326960.60807058
2023-12-11,DE,Alpha,0,517108.686419237,0,0,119002.801186791,94689.6958678479,2011838.85597012
2023-12-18,DE,Alpha,2301497.53328924,388115.676865729,312515.2489785,453064.32979066,153606.376459979,107429.276323084,2370333.11263896
2023-12-25,DE,Alpha,0,0,341519.591487763,488850.816552209,199786.229571548,126961.805023339,2554126.66894414
2024-01-01,DE,Alpha,1295981.34545684,94890.1387431755,0,651985.585918367,194818.815266747,118469.529059356,2391081.93049326
2024-01-08,DE,Alpha,0,506084.684995984,298114.010066098,678778.923016916,167723.327579437,129933.073061674,2827050.51340384
2024-01-15,DE,Alpha,1496700.06123737,0,0,761830.898623675,183966.166101087,155834.988874097,3157849.61240211
2024-01-22,DE,Alpha,0,454133.333954799,367628.239865879,679748.968892507,224115.435587458,132482.834288474,3000107.95937903
2024-01-29,DE,Alpha,833161.763086405,0,0,554132.809876925,0,0,3378796.73915703
2024-02-05,DE,Alpha,110780.504619896,461829.029076168,232259.519992926,854393.648931722,0,0,3147168.3707811
2024-02-12,DE,Alpha,0,0,131938.248162685,570440.040337592,392538.619014402,303604.949846318,3023874.24689205
2024-02-19,DE,Alpha,226978.993348413,761394.002137865,0,227918.174059353,345659.730440327,267507.514785676,2908811.89749103
2024-02-26,DE,Alpha,0,0,0,312868.697908883,280086.59552028,233965.566425449,2527052.50674358
2024-03-04,DE,Alpha,0,1066618.13987956,0,149913.634726702,253107.566481925,219529.476880281,2368210.56214836
2024-03-11,DE,Alpha,1715277.15939768,0,0,727550.877747363,413211.113054802,246276.45748417,3884649.08647305
2024-03-18,DE,Alpha,653724.995684092,1444865.95977406,891643.167904354,617512.880304859,308807.417611123,234815.528658973,3001007.45232035
2024-03-25,DE,Alpha,0,0,0,622828.893961354,335523.395983432,225472.608367708,2167814.63973826
2024-04-01,DE,Alpha,94159.5035715995,0,48904.4161374818,594893.016920268,328615.95484565,213583.447277258,2243411.54270636
2024-04-08,DE,Alpha,0,0,343332.71377347,920983.851501109,325810.994140617,222928.513518398,2314091.03267927
2024-04-15,DE,Alpha,640824.002600648,0,0,637505.344398894,361574.362853537,230143.638192641,2516504.78013515
2024-04-22,DE,Alpha,0,0,0,0,236736.702976739,177916.06531549,1926263.19205337
2024-04-29,DE,Alpha,0,406755.129762756,0,936342.092679177,0,0,2071804.56992861
2024-05-06,DE,Alpha,0,0,340473.148002651,0,0,0,2036330.35062301
2024-05-13,DE,Alpha,0,0,0,1514739.65553149,199250.230769662,143522.988114429,1563029.76916334
2024-05-20,DE,Alpha,0,0,446740.864264396,0,246615.69405754,148617.065373435,1568821.01723613
2024-05-27,DE,Alpha,164979.708724154,0,0,0,218667.772604504,134180.344370625,1380207.01944328
2024-06-03,DE,Alpha,0,0,632284.870596097,0,158192.689476372,120166.987270514,1231604.15795825
2024-06-10,DE,Alpha,0,77948.8137269376,0,330644.600840223,243638.794422757,152861.473010614,1440381.10237735
2024-06-17,DE,Alpha,0,0,0,0,169721.899953584,145221.313812582,1439295.15636831
2024-06-24,DE,Alpha,0,1593491.94241749,0,0,135166.980353555,116770.449029862,1248668.7724109
2024-07-01,DE,Alpha,118930.868723206,0,0,0,144645.350452199,112949.427987376,2075627.95459981
2024-07-08,DE,Alpha,0,943139.77278352,0,0,138751.476232324,104031.905846829,1093317.84030516
2024-07-15,DE,Alpha,583162.792069922,0,0,0,117727.72525114,82800.4705201139,2402422.9203385
2024-07-22,DE,Alpha,0,975607.925646918,0,0,98329.0122934297,85348.8016727892,863854.003625447
2024-07-29,DE,Alpha,0,0,0,0,0,0,935081.205747061
2024-08-05,DE,Alpha,0,130590.701980726,0,491942.47084831,0,0,975763.765328149
2024-08-12,DE,Alpha,0,0,228488.986604384,0,98617.2229932015,69213.1212778501,877190.760279056
2024-08-19,DE,Alpha,145307.725090794,135307.054396348,0,408646.10418437,99566.9533714685,85348.5071829262,885125.63549093
2024-08-26,DE,Alpha,0,0,0,0,117101.594872867,70912.5654543189,792207.582920511
2024-09-02,DE,Alpha,577378.061734219,0,0,34910.0969445178,142129.215694117,101060.48194535,1100183.31926755
2024-09-09,DE,Alpha,0,505183.046977049,148387.148674278,0,110343.630134072,84923.7216698443,985044.940132478
2024-09-16,DE,Alpha,72622.9760008114,0,304866.850914817,797401.456349968,201398.9712492,120592.313204167,1196313.11049708
2024-09-23,DE,Alpha,0,0,0,0,188738.745211815,118469.091996496,1257126.5016781
2024-09-30,DE,Alpha,157065.004606318,344520.277713863,794805.502897377,0,175454.111945005,122716.805259282,1396486.48435739
2024-10-07,DE,Alpha,0,0,0,0,184108.899423405,123138.456178052,1358107.9158675
2024-10-14,DE,Alpha,181284.772043263,654257.775222816,46255.6977010933,0,201900.567959006,144371.298256117,1545431.30843297
2024-10-21,DE,Alpha,0,333963.045227858,301498.110339141,0,284897.536811404,170697.446926643,1648947.1100263
2024-10-28,DE,Alpha,542140.647706252,0,0,0,0,0,1459475.59576687
2024-11-04,DE,Alpha,0,0,361401.860075613,205116.954594095,0,0,2091346.22952424
2024-11-11,DE,Alpha,1877189.43103382,0,0,151026.896224038,373315.005348761,222927.60962882,2480237.18542768
2024-11-18,DE,Alpha,0,0,0,0,237838.583282072,206789.960755221,2125290.0587522
2024-11-25,DE,Alpha,778149.883247443,478221.106734586,146823.365098405,86101.4719104577,249459.176201299,177916.195861692,2152209.38037299
2024-12-02,DE,Alpha,0,0,0,0,292804.90702393,205093.649611646,2002685.02972476
2024-12-09,DE,Alpha,1332211.59032836,460388.054713229,0,336286.339811962,387456.310847786,243307.728071672,2685441.9244173
2024-12-16,DE,Alpha,1772322.3784479,185866.782576327,0,0,369846.872840697,233966.427091785,2503066.03587509
2024-12-23,DE,Alpha,710773.402423427,1042133.74525826,589315.607829447,616584.609833449,293484.515665551,255195.084355669,3188222.19850437
2024-12-30,DE,Alpha,0,0,0,475704.866622989,386222.870447336,241607.766009747,2424254.14495095
2025-01-06,DE,Alpha,706363.121391795,146783.444532395,0,682364.118820584,368079.150844683,252222.261719369,2743784.33537829
2025-01-13,DE,Alpha,73967.2346353702,0,0,711612.39875923,388151.220311825,269635.452534552,2723304.26062389
2025-01-20,DE,Alpha,336758.761230534,1014394.96098882,733753.128849199,424025.051990298,419265.286129598,312941.416988275,3616818.25914042
2025-01-27,DE,Alpha,0,0,0,1015625.53076705,0,0,2975860.7688274
2023-02-06,DE,Beta,359574.557198668,0,409419.708235201,781647.222971407,0,0,2953144.58423035
2023-02-13,DE,Beta,460174.553198063,0,0,177775.454752108,158207.227838647,132949.955362363,2770798.48038468
2023-02-20,DE,Beta,0,425475.613624063,14598.7585819362,535596.515852013,193700.111414416,121798.519552617,2731227.18118052
2023-02-27,DE,Beta,1342098.89045906,0,568678.252703516,339336.487782102,197304.007312867,136807.697107823,3082720.36668642
2023-03-06,DE,Beta,0,892064.560437099,0,94376.4191398551,152256.650098934,116225.114962767,2375871.00768905
2023-03-13,DE,Beta,534350.163865228,0,1026783.82497338,535034.884070213,204044.897101986,121370.370372732,2755381.29228619
2023-03-20,DE,Beta,11049.584405056,729365.323504366,0,441177.371594872,194543.996853446,119225.588350239,2328204.77332798
2023-03-27,DE,Beta,47479.0994992834,0,758492.105439258,606366.941323613,186373.77153042,137235.942668852,2641988.43340705
2023-04-03,DE,Beta,0,0,0,383090.926496677,150229.433230617,98211.864671858,2157764.82893221
2023-04-10,DE,Beta,0,0,361664.998046354,341603.496908118,112952.228217582,98211.2734675725,1864425.4693671
2023-04-17,DE,Beta,265551.029534673,136628.610902313,0,0,150234.071634569,88346.3109994734,1900214.00095337
2023-04-24,DE,Beta,0,0,153220.120514843,367218.116715327,114313.126389414,86631.0407346486,1939620.54846803
2023-05-01,DE,Beta,1065893.02314729,0,78752.9523377951,162859.750708993,0,0,2093682.43100879
2023-05-08,DE,Beta,0,0,0,0,0,0,1616643.78892133
2023-05-15,DE,Beta,668337.877562942,0,0,348012.203876669,86135.6933363973,73765.0610798107,1619400.56847561
2023-05-22,DE,Beta,0,0,530927.000158663,0,154806.73556713,90921.2920785683,1703491.03164622
2023-05-29,DE,Beta,317991.388906218,141506.489657582,0,0,91484.0584785588,76339.2540295362,1721892.51850354
2023-06-05,DE,Beta,0,0,0,0,113169.758244241,73765.0260712521,1453879.57862282
2023-06-12,DE,Beta,0,212575.933480917,436782.058701222,860325.73087944,97949.5685552465,81485.1383406067,2255766.41355102
2023-06-19,DE,Beta,0,0,0,36873.8476754317,74568.0195123068,61327.9205617463,1201739.14244147
2023-06-26,DE,Beta,0,213621.308367276,0,0,71460.0903014271,60040.9350002569,1223498.32477294
2023-07-03,DE,Beta,178945.662857546,0,0,302880.378950822,91619.4189860081,57467.7327434946,1251089.58472003
2023-07-10,DE,Beta,0,0,0,0,66016.9419094358,57897.9001570887,952964.886836133
2023-07-17,DE,Beta,0,0,402660.728586208,0,59264.131053502,40742.953062193,963743.766890325
2023-07-24,DE,Beta,0,160689.138471102,0,0,71128.9635464915,45888.4666008239,953563.788717964
2023-07-31,DE,Beta,0,0,0,544188.12431971,0,0,2053621.30525823
2023-08-07,DE,Beta,0,400270.132866362,0,0,0,0,1079510.24299587
2023-08-14,DE,Beta,0,0,0,0,73430.4631783608,43315.6002351545,931928.056507927
2023-08-21,DE,Beta,0,0,0,0,50022.4635595247,38598.5568874808,779737.689457611
2023-08-28,DE,Beta,0,0,0,0,77410.5212568673,48890.7174110118,808121.453965192
2023-09-04,DE,Beta,329249.222202052,398550.000497757,0,358694.489752602,71975.9943985903,52321.5021116561,1071295.84062751
2023-09-11,DE,Beta,0,0,0,0,59104.3038038564,48462.9403835666,906885.312390753
2023-09-18,DE,Beta,162772.111278171,0,166242.029307376,0,69696.0472993285,56182.7812365343,1207284.99508729
2023-09-25,DE,Beta,0,0,0,0,94129.2503987121,61328.8562651496,1223327.02607307
2023-10-02,DE,Beta,30563.6074451371,1028133.43940946,153771.331711036,361644.562961107,67797.6868410784,45889.1926615372,1332358.15628018
2023-10-09,DE,Beta,0,0,0,0,101158.538314082,62615.1310235083,1386827.69053373
2023-10-16,DE,Beta,453209.40530008,528205.128090284,0,574746.810634457,110193.780563134,73336.8647847382,1592017.10863685
2023-10-23,DE,Beta,0,0,25982.0009593317,0,117474.949141175,81485.3101506074,1592908.49538077
2023-10-30,DE,Beta,460455.432425548,0,0,164836.620154304,0,0,1668960.09581843
2023-11-06,DE,Beta,0,0,449667.472823981,125061.118717527,0,0,1491597.50006332
2023-11-13,DE,Beta,385842.199051161,513501.060105423,0,0,147176.324669918,99069.0470665497,2164481.76481528
2023-11-20,DE,Beta,341945.678081033,282442.700455253,99113.4563015824,41598.9971356061,116926.409277742,102070.58217392,2327387.7108277
2023-11-27,DE,Beta,0,515013.838575663,0,0,162950.783504434,107215.449838484,2409879.89191561
2023-12-04,DE,Beta,0,105162.00152496,821383.769318435,585022.549337954,169925.568220606,109362.509628936,2350231.36833553
2023-12-11,DE,Beta,0,522280.510629529,0,0,120193.768899841,95636.8384301387,2031971.87917858
2023-12-18,DE,Beta,2324521.2680144,391998.395864262,315642.149774827,457597.437807534,155143.800692578,108504.411636615,2394041.12155648
2023-12-25,DE,Beta,0,0,344936.203433893,493740.296393918,201786.072128001,128231.670947261,2579683.66577517
2024-01-01,DE,Beta,1308944.18677495,95839.1566777236,0,658506.961899053,196768.664379083,119655.170830825,2415006.30578741
2024-01-08,DE,Beta,0,511148.008845485,301095.621932354,685567.889649563,169401.659826085,131233.569776474,2855329.32465275
2024-01-15,DE,Beta,1511676.4913777,0,0,769451.621570793,185807.5076355,157394.758035011,3189440.9873829
2024-01-22,DE,Beta,0,458675.688625475,371307.673030087,686551.531366387,226358.164722088,133808.655393589,3030116.10282616
2024-01-29,DE,Beta,841497.004430308,0,0,559678.631774866,0,0,3412600.27579758
2024-02-05,DE,Beta,111888.642651198,466449.812129336,234582.786659076,862940.159354284,0,0,3178667.74506114
2024-02-12,DE,Beta,0,0,133258.219418877,576149.795000654,396466.350373912,306643.140443684,3054115.29097391
2024-02-19,DE,Beta,229249.154055429,769013.682068441,0,230198.004740336,349118.753518728,270184.380138959,2937911.3344033
2024-02-26,DE,Beta,0,0,0,315998.901196845,282888.485666136,236306.803713224,2552327.57309495
2024-03-04,DE,Beta,0,1077286.82995679,0,151413.595953224,255640.555119159,221725.439711561,2391907.99427449
2024-03-11,DE,Beta,1732431.42236964,0,0,734831.278395335,417344.96927655,248739.441691114,3923524.05328192
2024-03-18,DE,Beta,660262.592316299,1459315.11388788,900562.574841839,623690.14902433,311896.963813237,237165.183134345,3031037.81720315
2024-03-25,DE,Beta,0,0,0,629063.268513313,338881.140566635,227727.710501231,2189507.34701625
2024-04-01,DE,Beta,95101.1808144565,0,49393.5496764497,600843.307029395,331902.268211103,215721.146813016,2265846.21750618
2024-04-08,DE,Beta,0,0,346768.546576405,930197.818466658,329070.998419751,225158.401870241,2337234.75676752
2024-04-15,DE,Beta,647232.89007136,0,0,643882.718364576,365191.136443521,232446.694465912,2541681.8803697
2024-04-22,DE,Beta,0,0,0,0,239105.133696583,179696.835034617,1945525.8438012
2024-04-29,DE,Beta,0,410823.63497224,0,945713.717336506,0,0,2092526.14126158
2024-05-06,DE,Beta,0,0,343879.963800147,0,0,0,2056707.17601129
2024-05-13,DE,Beta,0,0,0,1529891.24879836,201243.412685631,144958.49902567,1578672.6205393
2024-05-20,DE,Beta,0,0,451211.105730308,0,249081.994141246,150103.241207186,1584519.94853903
2024-05-27,DE,Beta,166631.152678892,0,0,0,220856.587898029,135523.098175167,1394017.74709784
2024-06-03,DE,Beta,0,0,638613.816297455,0,159776.07633899,121369.37664521,1243922.54252333
2024-06-10,DE,Beta,0,78729.0048314058,0,333952.995800223,246077.327485377,154391.400191852,1454787.02007871
2024-06-17,DE,Beta,0,0,0,0,171420.58775558,146674.676289642,1453696.8955144
2024-06-24,DE,Beta,0,1609435.36516048,0,0,136519.932441877,117939.038321527,1261159.02624141
2024-07-01,DE,Beta,120120.852610945,0,0,0,146092.588159872,114079.210748234,2096401.76715541
2024-07-08,DE,Beta,0,952574.428302775,0,0,140139.670309996,105072.33096708,1104255.91446873
2024-07-15,DE,Beta,588995.558393839,0,0,0,118905.204540891,83629.0243692066,2426466.77097489
2024-07-22,DE,Beta,0,985369.339898623,0,0,99312.4620544375,86202.6827625112,872494.056659254
2024-07-29,DE,Beta,0,0,0,0,0,0,944439.638488612
2024-08-05,DE,Beta,0,131896.975750746,0,496863.850957406,0,0,985524.733517022
2024-08-12,DE,Beta,0,0,230774.812130378,0,99603.9118712977,69905.6833167198,885965.124272881
2024-08-19,DE,Beta,146761.171827694,136661.23281163,0,412735.75234445,100563.444283656,86202.7190844857,893977.78724055
2024-08-26,DE,Beta,0,0,0,0,118273.734961546,71621.8930697002,800133.041252936
2024-09-02,DE,Beta,583152.929241826,0,0,35259.3302872462,143551.876977597,102071.12519088,1111191.28420504
2024-09-09,DE,Beta,0,510237.315660895,149872.24626384,0,111447.829500113,85772.9628919344,994900.394048745
2024-09-16,DE,Beta,73349.8087685029,0,307917.500921692,805382.645995028,203414.508788995,121798.510185937,1208284.1244215
2024-09-23,DE,Beta,0,0,0,0,190626.324492541,119654.49637882,1269702.34093851
2024-09-30,DE,Beta,158635.857383301,347966.535653667,802753.916890001,0,177209.821423995,123944.548744263,1410460.3566312
2024-10-07,DE,Beta,0,0,0,0,185950.060564818,124370.238504998,1371691.62383846
2024-10-14,DE,Beta,183099.203574653,660806.347015682,46718.6337609976,0,203920.860335891,145816.405474185,1560889.31282812
2024-10-21,DE,Beta,0,337304.780481486,304514.71819322,0,287748.116169609,172405.521145343,1665445.3185936
2024-10-28,DE,Beta,547567.035606367,0,0,0,0,0,1474083.66544434
2024-11-04,DE,Beta,0,0,365016.177146056,207168.957115373,0,0,2112269.56214973
2024-11-11,DE,Beta,1895962.36553564,0,0,152538.179097327,377048.361098535,225158.425146561,2505053.72275831
2024-11-18,DE,Beta,0,0,0,0,240218.51336458,208859.167029018,2146562.52948219
2024-11-25,DE,Beta,785935.045405049,483007.23550479,148291.638095996,86963.0164609614,251953.95544477,179697.014362406,2173731.85145594
2024-12-02,DE,Beta,0,0,0,0,295733.129524995,207145.832227238,2022714.2131096
2024-12-09,DE,Beta,1345546.97443368,464993.799534496,0,339649.258543525,391331.807036073,245742.54895744,2712318.21740645
2024-12-16,DE,Beta,1790049.3252853,187727.248092205,0,0,373547.563563645,236306.543224829,2528107.91953072
2024-12-23,DE,Beta,717886.960110147,1052562.21346669,595214.652181517,622756.257303205,296421.872685085,257748.486396332,3220133.69960077
2024-12-30,DE,Beta,0,0,0,480464.352332944,390088.148409117,244025.769408933,2448511.40222505
2025-01-06,DE,Beta,713432.118409259,148252.62992854,0,689188.396396352,371762.975487081,254745.405136104,2771223.66677785
2025-01-13,DE,Beta,74707.2186635717,0,0,718732.857457046,392035.367214588,272333.211646369,2750557.99864634
2025-01-20,DE,Beta,340127.164400929,1024541.83607904,741092.975299329,428265.852667401,423459.295676404,316072.999885264,3653011.08708008
2025-01-27,DE,Beta,0,0,0,1025782.91164269,0,0,3005623.977759
2023-02-06,DE,Gamma,363171.967556053,0,413515.699610075,789464.212322686,0,0,2982699.14294218
2023-02-13,DE,Gamma,464778.52779713,0,0,179553.815891089,159789.658939567,134279.468128912,2798509.77594807
2023-02-20,DE,Gamma,0,429730.479204635,14744.8493681478,540955.887217279,195637.223539555,123017.676760321,2758554.40413689
2023-02-27,DE,Gamma,1355528.632687,0,574368.870424941,342730.771499165,199278.714625948,138177.109135053,3113564.69193247
2023-03-06,DE,Gamma,0,900993.320007423,0,95320.2035243767,153779.509774287,117388.166719946,2399633.63112189
2023-03-13,DE,Gamma,539698.195734994,0,1037061.88864227,540388.260059268,206087.385052054,122584.238363936,2782937.08052625
2023-03-20,DE,Gamma,11160.1620733242,736663.339983147,0,445589.436570419,196490.021709798,120418.233381487,2351506.6180019
2023-03-27,DE,Gamma,47954.2780938595,0,766078.964665645,612431.770559352,188238.700703231,138608.554613526,2668430.27571797
2023-04-03,DE,Gamma,0,0,0,386923.257242985,151732.314559594,99194.133150337,2179355.70551398
2023-04-10,DE,Gamma,0,0,365284.360203612,345022.219547963,114082.139142464,99193.9187951719,1883070.55136121
2023-04-17,DE,Gamma,268207.159622665,137995.951175486,0,0,151737.387919745,89229.8799474848,1919219.02044675
2023-04-24,DE,Gamma,0,0,154753.419601564,370892.543595352,115457.363277885,87497.5798734144,1959030.27336857
2023-05-01,DE,Gamma,1076562.14875532,0,79540.9777714033,164489.475560975,0,0,2114639.74404771
2023-05-08,DE,Gamma,0,0,0,0,0,0,1632818.38337098
2023-05-15,DE,Gamma,675025.620702056,0,0,351494.316095529,86997.8747685227,74503.3286287841,1635595.50921895
2023-05-22,DE,Gamma,0,0,536240.857794901,0,156355.414879386,91830.9144193369,1720534.36765652
2023-05-29,DE,Gamma,321173.417035654,142922.67134259,0,0,92399.6805922324,77103.2320592851,1739126.32985299
2023-06-05,DE,Gamma,0,0,0,0,114301.885903459,74503.1432034715,1468427.35770571
2023-06-12,DE,Gamma,0,214702.773190252,441151.246918599,868931.173694745,98929.9671707019,82300.7494765511,2278335.00296482
2023-06-19,DE,Gamma,0,0,0,37242.7338994556,75313.8384971557,61941.4751403426,1213760.74301496
2023-06-26,DE,Gamma,0,215758.591905347,0,0,72174.9663510371,60641.3669601998,1235740.8680432
2023-07-03,DE,Gamma,180735.528625555,0,0,305909.957002536,92536.3595397495,58042.6282068532,1263602.90181104
2023-07-10,DE,Gamma,0,0,0,0,66677.4424991355,58477.3521874985,962499.196464071
2023-07-17,DE,Gamma,0,0,406690.261587964,0,59856.979586708,41150.3883551352,973387.973850404
2023-07-24,DE,Gamma,0,162297.403528884,0,0,71840.5051570241,46347.3818819312,963099.938543729
2023-07-31,DE,Gamma,0,0,0,549633.435946843,0,0,2074164.10279995
2023-08-07,DE,Gamma,0,404274.907824218,0,0,0,0,1090308.1501826
2023-08-14,DE,Gamma,0,0,0,0,74165.4726036745,43748.7785907466,941250.226776298
2023-08-21,DE,Gamma,0,0,0,0,50523.1535816573,38984.7679135096,787540.126308247
2023-08-28,DE,Gamma,0,0,0,0,78184.8117373576,49379.6995747869,816205.269750557
2023-09-04,DE,Gamma,332543.458684066,402536.462797053,0,362283.108485382,72696.4401713485,52845.2411718932,1082016.4414619
2023-09-11,DE,Gamma,0,0,0,0,59695.6223506974,48947.8261331328,915956.926857196
2023-09-18,DE,Gamma,164401.466394902,0,167905.880228589,0,70393.4095870063,56744.9758500401,1219362.78490772
2023-09-25,DE,Gamma,0,0,0,0,95071.0083908612,61942.223197166,1235569.39544275
2023-10-02,DE,Gamma,30869.4436172036,1038423.73350404,155309.422864046,365262.661705215,68475.7660550891,46348.3178610777,1345693.22673955
2023-10-09,DE,Gamma,0,0,0,0,102171.079061714,63241.4997668093,1400705.04427471
2023-10-16,DE,Gamma,457745.54123308,533491.547877787,0,580498.208796145,111295.848022213,74070.3974321509,1607949.53076655
2023-10-23,DE,Gamma,0,0,26242.0096961613,0,118650.360693826,82300.2370042765,1608847.10367249
2023-10-30,DE,Gamma,465061.138851317,0,0,166485.568716294,0,0,1685653.07490809
2023-11-06,DE,Gamma,0,0,454167.003885626,126312.623497472,0,0,1506521.53731913
2023-11-13,DE,Gamma,389703.195151995,518636.165255864,0,0,148649.560283386,100060.679575525,2186146.36824042
2023-11-20,DE,Gamma,345366.335044713,285269.715041016,100105.161669479,42015.0782728428,118095.938384201,103091.924863237,2350684.06557191
2023-11-27,DE,Gamma,0,520166.133352587,0,0,164581.143713421,108288.541298947,2433984.82500561
2023-12-04,DE,Gamma,0,106214.035375107,829602.267724801,590875.583055022,171626.127657325,110456.732245865,2373745.98299788
2023-12-11,DE,Gamma,0,527507.054568374,0,0,121396.005671805,96593.4829496865,2052302.52777382
2023-12-18,DE,Gamma,2347769.25295067,395922.099847671,318800.330115642,462177.515213502,156696.74110663,109590.494821394,2417994.50088431
2023-12-25,DE,Gamma,0,0,348386.537867912,498681.709398369,203804.786084772,129515.221424551,2605485.32404225
2024-01-01,DE,Gamma,1322037.55140009,96798.2932866418,0,665093.314547806,198736.937739592,120852.698576477,2439163.56257816
2024-01-08,DE,Gamma,0,516264.352161963,304108.11211722,692423.910746424,171096.16990032,132546.574246623,2883884.724121
2024-01-15,DE,Gamma,1526793.34017104,0,0,777151.330030615,187666.341053089,158968.727603035,3221362.58538048
2024-01-22,DE,Gamma,0,463265.177344129,375022.212550047,693418.280867759,228623.702156555,135146.866430274,3060426.44174326
2024-01-29,DE,Gamma,849914.913518522,0,0,565276.716165867,0,0,3446742.00454935
2024-02-05,DE,Gamma,113007.744744337,471117.778245522,236929.921818663,871573.833504603,0,0,3210458.70612749
2024-02-12,DE,Gamma,0,0,134591.597768345,581912.293008595,400433.358212009,309709.748789939,3084660.05073083
2024-02-19,DE,Gamma,231543.855689108,776706.842938387,0,232500.346882691,352611.817931402,272887.540503086,2967316.97111398
2024-02-26,DE,Gamma,0,0,0,319160.02097815,285719.221418474,238670.78764664,2577869.52464569
2024-03-04,DE,Gamma,0,1088062.93521064,0,152928.687447006,258198.663211284,223944.115174806,2415835.57049292
2024-03-11,DE,Gamma,1749760.01931255,0,0,742185.390298908,421522.564130266,251226.95234858,3962759.30497599
2024-03-18,DE,Gamma,666869.229785235,1473917.74698724,909574.468201977,629929.44388028,315017.477879732,239538.594775092,3061361.16487516
2024-03-25,DE,Gamma,0,0,0,635359.397237001,342270.239603572,230005.476720499,2211421.75492051
2024-04-01,DE,Gamma,96053.0592510899,0,49887.5439429259,606854.182122756,335222.815672071,217880.069382917,2288511.8622634
2024-04-08,DE,Gamma,0,0,350238.842661216,939507.491823401,332362.118898763,227410.913522583,2360618.02000196
2024-04-15,DE,Gamma,653711.538788718,0,0,650325.138949543,368844.353668315,234771.844428762,2567115.92382057
2024-04-22,DE,Gamma,0,0,0,0,241497.86626818,181495.458406229,1964996.14711202
2024-04-29,DE,Gamma,0,414935.901077028,0,955172.494539314,0,0,2113464.84504644
2024-05-06,DE,Gamma,0,0,347321.205369043,0,0,0,2077278.99859655
2024-05-13,DE,Gamma,0,0,0,1545191.50830905,203257.135065789,146409.167087083,1594462.74698935
2024-05-20,DE,Gamma,0,0,455726.668849367,0,251574.61457988,151605.312669556,1600371.46041837
2024-05-27,DE,Gamma,168298.548138043,0,0,0,223066.813694499,136879.110407558,1407964.75098492
2024-06-03,DE,Gamma,0,0,645001.79673907,0,161374.889321703,122583.701918709,1256365.52028937
2024-06-10,DE,Gamma,0,79516.4306201173,0,337292.752502808,248538.220874431,155936.610743687,1469346.06349886
2024-06-17,DE,Gamma,0,0,0,0,173136.413187011,148142.425462186,1468244.00504325
2024-06-24,DE,Gamma,0,1625542.72958964,0,0,137886.336203688,119119.176517128,1273782.57984105
2024-07-01,DE,Gamma,121322.612714222,0,0,0,147554.190165399,115220.006971322,2117382.20307707
2024-07-08,DE,Gamma,0,962104.474840266,0,0,141542.167302038,106123.826959322,1115305.73750931
2024-07-15,DE,Gamma,594891.203421243,0,0,0,120095.338160312,84465.6259819668,2450736.94835712
2024-07-22,DE,Gamma,0,995231.844796785,0,0,100305.840611767,87065.3013608678,881227.189611697
2024-07-29,DE,Gamma,0,0,0,0,0,0,953892.842338234
2024-08-05,DE,Gamma,0,133217.019334737,0,501836.762438584,0,0,995383.684655003
2024-08-12,DE,Gamma,0,0,233084.204525834,0,100600.079771479,70605.2233744028,894828.189568377
2024-08-19,DE,Gamma,148230.171392656,138029.203079519,0,416866.733332146,101569.23912947,87064.894068169,902923.287599362
2024-08-26,DE,Gamma,0,0,0,0,119457.527693863,72338.3336126451,808141.770900152
2024-09-02,DE,Gamma,588987.613773666,0,0,35612.0677300687,144988.801059819,103092.236956419,1122311.98242894
2024-09-09,DE,Gamma,0,515343.284875258,151371.652042817,0,112562.443434722,86631.3608822604,1004854.68120531
2024-09-16,DE,Gamma,74083.4056306431,0,310997.579945933,813437.459563615,205450.632521491,123017.07353015,1220375.69251308
2024-09-23,DE,Gamma,0,0,0,0,192533.411849712,120852.171189838,1282404.84050966
2024-09-30,DE,Gamma,160223.558669467,351448.989262146,810783.140080723,0,178982.458337864,125184.913629727,1424575.42640687
2024-10-07,DE,Gamma,0,0,0,0,187810.777756006,125614.974593695,1385414.66437844
2024-10-14,DE,Gamma,184931.660231798,667417.548844903,47186.0542861905,0,205961.518296739,147274.770974554,1576502.97388939
2024-10-21,DE,Gamma,0,340679.475431167,307560.224964163,0,290627.90764847,174131.299009613,1682111.60724544
2024-10-28,DE,Gamma,553044.756208805,0,0,0,0,0,1488834.00695105
2024-11-04,DE,Gamma,0,0,368668.31411221,209241.437547908,0,0,2133411.78873384
2024-11-11,DE,Gamma,1914928.68203307,0,0,154063.664343698,380822.584890256,227410.818901536,2530110.22984192
2024-11-18,DE,Gamma,0,0,0,0,242621.92738005,210947.91640204,2168030.76434994
2024-11-25,DE,Gamma,793796.681722579,487839.464858952,149775.798391317,87832.7377126941,254475.876745847,181495.018440713,2195483.69737265
2024-12-02,DE,Gamma,0,0,0,0,298690.579602409,209217.800158242,2042949.44125024
2024-12-09,DE,Gamma,1359008.70039323,469647.931659777,0,343046.380419807,395248.40428148,248201.070887149,2739455.06244839
2024-12-16,DE,Gamma,1807960.69895855,189605.239032041,0,0,377283.579715761,238671.700940329,2553412.89520678
2024-12-23,DE,Gamma,725072.711532541,1063090.49707825,601170.22234563,628987.155076002,299387.514743026,260327.29679753,3252367.06569778
2024-12-30,DE,Gamma,0,0,0,485272.102770566,393992.22276221,246468.366880169,2473013.1354741
2025-01-06,DE,Gamma,720569.87492691,149736.615629111,0,696086.571632975,375480.788219156,257294.221431445,2798938.11327329
2025-01-13,DE,Gamma,75454.8867148593,0,0,725926.563074606,395956.178728968,275058.712879732,2778068.10717204
2025-01-20,DE,Gamma,343529.898994483,1034790.0702408,748506.343851677,432548.529266448,427696.409905612,319236.819620146,3689558.60491443
2025-01-27,DE,Gamma,0,0,0,1036041.09735588,0,0,3035691.48898483
