observation,date,component,mean,lower_5,upper_95
1,2023-02-06,media:channel_1,141100.6237764736,69348.92410348832,234599.76991231673
1,2023-02-06,media:channel_2,0.0,0.0,0.0
1,2023-02-06,media:channel_3,90537.64962277045,13215.214614191225,181314.28567213705
1,2023-02-06,media:channel_4,199182.83599700782,64725.867365001715,340919.0892208629
1,2023-02-06,media:channel_5,0.0,0.0,0.0
1,2023-02-06,media:channel_6,0.0,0.0,0.0
2,2023-02-13,media:channel_1,193909.12487694266,100294.64309037694,316404.57137821283
2,2023-02-13,media:channel_2,0.0,0.0,0.0
2,2023-02-13,media:channel_3,15020.788598722764,400.0898429553917,48969.387745588814
2,2023-02-13,media:channel_4,85921.27917399856,25081.558567056654,171499.09593879443
2,2023-02-13,media:channel_5,41299.668549576076,3011.1001620161987,108929.0310400367
2,2023-02-13,media:channel_6,47607.94372217609,3657.087021195488,121579.90324464257
3,2023-02-20,media:channel_1,31971.75220365564,2441.0587845965433,87787.29769062088
3,2023-02-20,media:channel_2,63058.63674661917,9607.097876967171,146226.45622834653
3,2023-02-20,media:channel_3,7967.2325234947,878.7309381337772,24706.781399760333
3,2023-02-20,media:channel_4,159417.49245156258,50414.98609079593,275999.0784050028
3,2023-02-20,media:channel_5,56235.95811455428,4131.806067796435,149484.75300266093
3,2023-02-20,media:channel_6,54298.44151844274,3767.4699124467747,145676.34025681106
4,2023-02-27,media:channel_1,389104.3955610359,236682.10275891694,558439.2599199419
4,2023-02-27,media:channel_2,25765.673527970754,675.8042728760033,72929.71146483303
4,2023-02-27,media:channel_3,118847.42071656846,17813.854541652232,236178.63644862527
4,2023-02-27,media:channel_4,122471.49899996191,37197.41600428087,219496.43940571463
4,2023-02-27,media:channel_5,60561.947183077755,4482.59557091126,165386.2472216734
4,2023-02-27,media:channel_6,60898.72567909584,4057.6757760985947,159598.9439521832
5,2023-03-06,media:channel_1,79091.26238500983,7059.233831240794,205485.82137303962
5,2023-03-06,media:channel_2,120768.59454899156,17541.700923612087,261372.25859105817
5,2023-03-06,media:channel_3,20740.175193423598,556.2385994984286,67191.41288602003
5,2023-03-06,media:channel_4,49937.20698527421,13776.67985343135,108863.59623949345
5,2023-03-06,media:channel_5,54834.55750123587,3562.213174116731,147025.28880185104
5,2023-03-06,media:channel_6,57808.066911487665,3710.2565142168337,154918.63578527176
6,2023-03-13,media:channel_1,214514.96510930915,110808.4821759929,348057.1268037326
6,2023-03-13,media:channel_2,56336.32770425155,1416.2890742410807,161593.74148261594
6,2023-03-13,media:channel_3,177351.8329129428,25173.55225456501,371697.9492421615
6,2023-03-13,media:channel_4,153888.22680910156,48744.85883247474,267821.5342476999
6,2023-03-13,media:channel_5,61831.35532644803,4598.713287080451,168169.41917053537
6,2023-03-13,media:channel_6,58150.1473348738,3765.346174303946,156611.58133034574
7,2023-03-20,media:channel_1,40986.94866648439,6310.90049790993,112905.15620764258
7,2023-03-20,media:channel_2,113447.07392867537,16490.53489121111,251759.55026280414
7,2023-03-20,media:channel_3,37172.74331475387,1004.0076619906954,119809.92186272476
7,2023-03-20,media:channel_4,145174.0880759579,45962.50393242577,250492.12551480014
7,2023-03-20,media:channel_5,61561.653277819336,4432.109505995043,168784.17693783797
7,2023-03-20,media:channel_6,57601.998305526424,3730.11773540701,156294.98173662627
8,2023-03-27,media:channel_1,27062.41483846344,11337.924347089316,53535.91846118051
8,2023-03-27,media:channel_2,53575.35322572779,1167.4294121864648,157733.5608785744
8,2023-03-27,media:channel_3,149693.15947581275,22624.74397184989,302203.7730863028
8,2023-03-27,media:channel_4,182085.14439633518,56919.33374820261,312589.500542615
8,2023-03-27,media:channel_5,60354.26605096295,4263.5704800139765,166723.51293696027
8,2023-03-27,media:channel_6,61893.85975143126,4060.5029411718997,162673.78899794494
9,2023-04-03,media:channel_1,5016.9768077765675,250.7532458605839,17880.955060726974
9,2023-04-03,media:channel_2,20704.377119396562,42.02172943414056,70897.23529221475
9,2023-04-03,media:channel_3,30094.640832627716,742.4565678085371,103380.62743258018
9,2023-04-03,media:channel_4,137643.35524627156,42291.279013129366,246124.58462589252
9,2023-04-03,media:channel_5,54386.79164672179,3515.391649215484,146437.61079558104
9,2023-04-03,media:channel_6,52878.52669077979,3315.964725716339,146005.83343407957
10,2023-04-10,media:channel_1,671.1282394788894,3.5818624195912445,2694.0498610492086
10,2023-04-10,media:channel_2,10897.361604736147,1.8739896244647507,45222.05012444456
10,2023-04-10,media:channel_3,87498.7142416956,12687.153126007828,175760.1184851586
10,2023-04-10,media:channel_4,120176.78477390813,36183.06372550171,214924.63227511145
10,2023-04-10,media:channel_5,46125.7188201223,2883.1319311767534,126882.0244003868
10,2023-04-10,media:channel_6,50836.99226146395,3209.27247887274,139682.16630142945
11,2023-04-17,media:channel_1,106210.25047213199,51573.94995208708,178337.3420027766
11,2023-04-17,media:channel_2,21485.232399515182,3135.2628263354673,51142.872442300504
11,2023-04-17,media:channel_3,16091.27980032689,354.2614026413786,57677.7816860507
11,2023-04-17,media:channel_4,22709.483703344853,839.7736596565834,70224.3883811551
11,2023-04-17,media:channel_5,50797.08883196161,3486.090431010503,130442.64819586804
11,2023-04-17,media:channel_6,47247.64239621709,2916.9069632206324,131618.82642396964
12,2023-04-24,media:channel_1,15803.512282918906,1396.8212492639543,40961.038619213214
12,2023-04-24,media:channel_2,8400.038609423254,217.0884930002868,23924.884990065453
12,2023-04-24,media:channel_3,40639.67702794941,5929.42007591142,87038.85554820063
12,2023-04-24,media:channel_4,108524.94640189152,33111.67123148538,187860.36405182787
12,2023-04-24,media:channel_5,44790.44037080577,2849.357924678589,119488.07606013906
12,2023-04-24,media:channel_6,45511.386058674754,2837.9604223528554,126631.3710635161
13,2023-05-01,media:channel_1,339487.11739665794,196251.03938926803,509208.97095094906
13,2023-05-01,media:channel_2,3948.4716186316173,7.871854790092533,14074.279446327248
13,2023-05-01,media:channel_3,26288.31351501311,3562.8005681946306,59043.5658916596
13,2023-05-01,media:channel_4,65152.70483221321,18964.916324598824,122218.82328036314
13,2023-05-01,media:channel_5,17891.95778858471,215.45123828297423,66868.61901538089
13,2023-05-01,media:channel_6,16017.01266888578,147.5680757978057,64553.84593402894
14,2023-05-08,media:channel_1,63196.62765589617,5606.569396606806,164424.7249868211
14,2023-05-08,media:channel_2,2059.9007332338365,0.35105101723477883,8491.634132827354
14,2023-05-08,media:channel_3,4580.037154073415,81.26587089219,16931.967913546483
14,2023-05-08,media:channel_4,11947.903384622334,409.4390307553161,36712.08014761499
14,2023-05-08,media:channel_5,9060.699140277366,6.362274226201834,40912.82538247779
14,2023-05-08,media:channel_6,7056.197854822349,3.809529896765737,32122.14189006281
15,2023-05-15,media:channel_1,251506.82845177304,135248.80123106335,393561.1958491317
15,2023-05-15,media:channel_2,0.0,0.0,0.0
15,2023-05-15,media:channel_3,1505.2358996267171,0.8524213758650874,7618.486190521038
15,2023-05-15,media:channel_4,101569.64935202205,30956.501570139568,176049.30015427066
15,2023-05-15,media:channel_5,26694.89751643462,1757.9000212565134,67089.16711195087
15,2023-05-15,media:channel_6,30519.877131032383,2180.6185739838556,82368.27428736807
16,2023-05-22,media:channel_1,43313.32064739683,3516.152861819274,123624.87931581594
16,2023-05-22,media:channel_2,0.0,0.0,0.0
16,2023-05-22,media:channel_3,111701.45303795427,16753.81536342591,222862.6770189246
16,2023-05-22,media:channel_4,16886.748445471232,835.1299247772248,46966.70140348281
16,2023-05-22,media:channel_5,45629.901592779446,3406.5814682717432,118236.85355548622
16,2023-05-22,media:channel_6,40817.49570151694,2887.4949628567947,110936.00181200325
17,2023-05-29,media:channel_1,133798.50500801075,65765.39312755945,222228.23278213514
17,2023-05-29,media:channel_2,22239.60843451021,3246.7882485814866,52882.048309259706
17,2023-05-29,media:channel_3,19295.559487377224,518.8178855696071,62760.093659843966
17,2023-05-29,media:channel_4,4112.00422638648,9.30662829906738,15285.806723156402
17,2023-05-29,media:channel_5,38298.159377501266,2414.8011374438843,103954.38446053368
17,2023-05-29,media:channel_6,40211.968569178855,2539.0376445642005,106636.20102488354
18,2023-06-05,media:channel_1,21423.352977880662,1673.1235386709614,62457.27898542313
18,2023-06-05,media:channel_2,8698.852201811887,224.83974682017518,24774.715767877336
18,2023-06-05,media:channel_3,5648.069167429459,5.433437531130231,27150.965786619014
18,2023-06-05,media:channel_4,1343.9748560782987,0.12802785454302432,6431.434133514393
18,2023-06-05,media:channel_5,41965.7043168598,2661.9087034699623,110157.83148930543
18,2023-06-05,media:channel_6,40105.0166353086,2438.7366788313166,110630.01591385841
19,2023-06-12,media:channel_1,4209.13020358181,23.91390139553758,16580.50571488905
19,2023-06-12,media:channel_2,36904.546814536596,5011.9463369223695,86119.563033545
19,2023-06-12,media:channel_3,97007.12826628586,14033.754997243106,192855.24762642974
19,2023-06-12,media:channel_4,214418.61318636686,69648.97355474399,365615.804929354
19,2023-06-12,media:channel_5,39359.605554845984,2395.810984138442,107527.70984901818
19,2023-06-12,media:channel_6,42130.16209964193,2640.8749958981493,117229.48577097393
20,2023-06-19,media:channel_1,1217.4593039981066,0.3736219428808829,5835.7518351620965
20,2023-06-19,media:channel_2,15127.893038203754,341.4687536176126,46864.68401511308
20,2023-06-19,media:channel_3,15992.754880953473,426.83493694079635,51901.27947386271
20,2023-06-19,media:channel_4,50236.1576790004,9116.900782283605,125483.24171321312
20,2023-06-19,media:channel_5,33245.601973746416,1959.7044911394862,89190.14478498444
20,2023-06-19,media:channel_6,36019.38645147763,2203.0321311186544,102833.04692076345
21,2023-06-26,media:channel_1,0.0,0.0,0.0
21,2023-06-26,media:channel_2,38956.853500080586,5122.051326947568,90751.772040145
21,2023-06-26,media:channel_3,4670.908890556172,4.470043925060022,22350.05603962109
21,2023-06-26,media:channel_4,11856.011547977449,112.62349113502057,42454.89861872752
21,2023-06-26,media:channel_5,31080.320214889627,1792.84168902978,82832.64323107942
21,2023-06-26,media:channel_6,34167.78652301154,2076.7398569130814,97726.09176816158
22,2023-07-03,media:channel_1,72315.1114656838,34783.758575287255,123607.1861639052
22,2023-07-03,media:channel_2,16234.258888803268,345.43516980273415,52016.09919912524
22,2023-07-03,media:channel_3,1850.6812133825752,0.0588664652153331,10447.984765522928
22,2023-07-03,media:channel_4,89924.83376658548,27166.110466987375,156688.45002616814
22,2023-07-03,media:channel_5,34640.272711980026,2163.8147158638426,87948.9979674541
22,2023-07-03,media:channel_6,32629.429263222566,1979.4912591200114,94469.05178751121
23,2023-07-10,media:channel_1,10656.777880143356,941.2699515937861,27603.720620275115
23,2023-07-10,media:channel_2,6167.422561104437,12.30774785532832,21911.297436442565
23,2023-07-10,media:channel_3,0.0,0.0,0.0
23,2023-07-10,media:channel_4,14305.673210195371,726.7168898292391,39987.03817177678
23,2023-07-10,media:channel_5,29592.318243456608,1732.8934741615476,78143.38463254481
23,2023-07-10,media:channel_6,32107.904879829766,1974.337541627792,92092.51472481499
24,2023-07-17,media:channel_1,2369.545215137019,13.457297331576296,9331.726427670663
24,2023-07-17,media:channel_2,3219.11072852044,0.5488728604705456,13275.111503268423
24,2023-07-17,media:channel_3,89293.84915205598,13011.644649510028,178907.205874827
24,2023-07-17,media:channel_4,3579.2173621128572,8.09977816619561,13304.69981905642
24,2023-07-17,media:channel_5,26870.767068744102,1524.7184901777389,70508.15972168789
24,2023-07-17,media:channel_6,26074.75275131558,1545.2738403088258,76921.06910332444
25,2023-07-24,media:channel_1,685.3197964704133,0.21025183163624023,3284.0985118263766
25,2023-07-24,media:channel_2,25192.740510520976,3684.830586062312,59803.97670144251
25,2023-07-24,media:channel_3,14780.235492852362,393.4922164951993,48237.1890897406
25,2023-07-24,media:channel_4,1169.7411523175747,0.11142566211050768,5597.569128526256
25,2023-07-24,media:channel_5,28843.17068352938,1690.030756969461,73761.96711808811
25,2023-07-24,media:channel_6,26277.99910860552,1596.5547463027922,77626.14884958441
26,2023-07-31,media:channel_1,0.0,0.0,0.0
26,2023-07-31,media:channel_2,9872.532839493053,255.31534408871568,28111.35777514893
26,2023-07-31,media:channel_3,4313.611975342394,4.120837515987497,20606.7723116736
26,2023-07-31,media:channel_4,147652.16698297785,46093.29983331477,260433.239531472
26,2023-07-31,media:channel_5,10812.51526334185,130.71006460678856,36886.434682295396
26,2023-07-31,media:channel_6,8900.213568537856,77.90472938647113,34273.74119894425
27,2023-08-07,media:channel_1,0.0,0.0,0.0
27,2023-08-07,media:channel_2,63580.29111222132,9202.264697347122,144999.88822893516
27,2023-08-07,media:channel_3,1708.9040662274579,0.05426773032871365,9632.50170875563
27,2023-08-07,media:channel_4,25345.99145010064,1305.6207690048482,70577.86454354513
27,2023-08-07,media:channel_5,5062.655696815683,3.931757472907741,23154.822320904335
27,2023-08-07,media:channel_6,3676.3306413476257,2.0144174446784033,16281.589330219347
28,2023-08-14,media:channel_1,0.0,0.0,0.0
28,2023-08-14,media:channel_2,26561.888817475487,637.3602236752848,80948.10413695023
28,2023-08-14,media:channel_3,0.0,0.0,0.0
28,2023-08-14,media:channel_4,6425.298361885843,14.552967216964744,23890.946630279035
28,2023-08-14,media:channel_5,22510.966988716867,1471.2996357912764,57231.402571475
28,2023-08-14,media:channel_6,18388.397225557066,1307.1045934274625,49368.43839407716
29,2023-08-21,media:channel_1,0.0,0.0,0.0
29,2023-08-21,media:channel_2,11508.674076292431,23.061582818196435,40327.36277605225
29,2023-08-21,media:channel_3,0.0,0.0,0.0
29,2023-08-21,media:channel_4,2101.086649938642,0.200199805679927,10055.465121812691
29,2023-08-21,media:channel_5,20569.43017921794,1258.9633048216117,50511.63299433061
29,2023-08-21,media:channel_6,19869.07949387148,1354.2496386900712,54990.192712286174
30,2023-08-28,media:channel_1,0.0,0.0,0.0
30,2023-08-28,media:channel_2,6019.405186875782,1.0284479107461428,24860.8945397991
30,2023-08-28,media:channel_3,0.0,0.0,0.0
30,2023-08-28,media:channel_4,0.0,0.0,0.0
30,2023-08-28,media:channel_5,28364.128645298897,1827.9832677700185,70094.3214582201
30,2023-08-28,media:channel_6,25173.616731185084,1646.4370513018125,68492.18834327125
31,2023-09-04,media:channel_1,129988.95445773148,63605.906443031636,216999.628225393
31,2023-09-04,media:channel_2,59494.63690004697,9022.604841720638,139366.36523919876
31,2023-09-04,media:channel_3,0.0,0.0,0.0
31,2023-09-04,media:channel_4,101356.39485416455,31002.80075626571,177407.8059598105
31,2023-09-04,media:channel_5,29458.72929573863,1743.1395653808872,76861.21629083612
31,2023-09-04,media:channel_6,28198.595109538983,1781.1610440674808,78126.02191933183
32,2023-09-11,media:channel_1,19580.92633855554,1731.8624564881152,50783.26590887776
32,2023-09-11,media:channel_2,24183.800398732663,633.070929686079,68512.0756544091
32,2023-09-11,media:channel_3,0.0,0.0,0.0
32,2023-09-11,media:channel_4,16762.147882904013,860.581816071417,46875.56596281121
32,2023-09-11,media:channel_5,26441.142868028866,1524.4910027944522,68331.44688579028
32,2023-09-11,media:channel_6,27471.24530538603,1701.1249425133922,77521.42651836458
33,2023-09-18,media:channel_1,70133.58874632974,33674.12111813526,118618.67857137755
33,2023-09-18,media:channel_2,11459.811385756297,22.96254839167373,40162.69588918191
33,2023-09-18,media:channel_3,40075.808968851685,5832.479551582165,87224.08915907175
33,2023-09-18,media:channel_4,4238.111148388586,9.592349007616514,15754.757541464971
33,2023-09-18,media:channel_5,28434.290918750485,1657.5124600394656,72750.41218478026
33,2023-09-18,media:channel_6,30174.72021055026,1888.7689379994006,84385.10845364745
34,2023-09-25,media:channel_1,10948.99301209573,856.4237275824461,31774.008327589752
34,2023-09-25,media:channel_2,5993.702459540518,1.0240313984821081,24754.291616283845
34,2023-09-25,media:channel_3,6182.83201440207,162.4609349556848,20668.283231493904
34,2023-09-25,media:channel_4,1385.2212788466225,0.1319584090185213,6628.841450243248
34,2023-09-25,media:channel_5,34320.733546824835,2218.913335912386,84857.88026797668
34,2023-09-25,media:channel_6,32538.57786095952,2046.7421786796574,90657.82026172154
35,2023-10-02,media:channel_1,14627.98726492217,6674.353559704762,26274.518621963856
35,2023-10-02,media:channel_2,125869.43175736455,19805.897073444423,268035.32332453836
35,2023-10-02,media:channel_3,38860.57668770184,5704.387723546731,82202.89057225453
35,2023-10-02,media:channel_4,102132.23027818215,31240.8010051871,178823.99644619483
35,2023-10-02,media:channel_5,29879.811187186602,1766.9955527694588,78322.22930625346
35,2023-10-02,media:channel_6,27899.253108456513,1708.9990972793148,83197.93323992251
36,2023-10-09,media:channel_1,2444.387157856691,160.88146568667085,7646.216878913832
36,2023-10-09,media:channel_2,58178.66339831669,1624.1819193364372,157761.85953573688
36,2023-10-09,media:channel_3,6411.953557429008,150.50013400113102,22265.471431082253
36,2023-10-09,media:channel_4,16899.16813560417,867.6535031114511,47256.17763462566
36,2023-10-09,media:channel_5,36638.54302749483,2377.199984033681,92493.83508733501
36,2023-10-09,media:channel_6,32642.0832500933,2047.3197392379968,91057.53762069752
37,2023-10-16,media:channel_1,174431.88398778447,87159.28349539672,285328.7693277821
37,2023-10-16,media:channel_2,96140.0548706668,13437.206232558528,221023.5014040979
37,2023-10-16,media:channel_3,1663.3230489515645,1.5736891927274523,7881.616226146243
37,2023-10-16,media:channel_4,158155.58646525012,49978.40315761398,277217.66909877304
37,2023-10-16,media:channel_5,40091.0800196605,2597.650344587029,103532.78049529604
37,2023-10-16,media:channel_6,37146.21783091092,2362.7775232424046,98984.73687230247
38,2023-10-23,media:channel_1,27021.164995210933,2383.920282478233,70240.3488217049
38,2023-10-23,media:channel_2,44940.12934360856,864.10520349374,138840.62517336707
38,2023-10-23,media:channel_3,7058.868801501717,1006.3682042619973,15393.330066229655
38,2023-10-23,media:channel_4,28101.620668184976,1379.324271139204,79913.3534289868
38,2023-10-23,media:channel_5,42473.578713939394,2779.890341958227,109457.64699480849
38,2023-10-23,media:channel_6,40892.40370602469,2634.110587992821,107362.0433999984
39,2023-10-30,media:channel_1,181543.43511617044,93066.97712999673,294545.3612532474
39,2023-10-30,media:channel_2,15123.780753728686,30.432530788830697,52262.180374002084
39,2023-10-30,media:channel_3,969.2370392604594,25.391424864970872,3246.917755471701
39,2023-10-30,media:channel_4,54503.55200164262,16361.380540334938,98111.05224018486
39,2023-10-30,media:channel_5,16731.58090047094,216.93881208368978,60715.98512449116
39,2023-10-30,media:channel_6,14118.337312727133,138.33002190994898,55661.17406002932
40,2023-11-06,media:channel_1,29016.422563540895,2422.32200028407,79649.70448819415
40,2023-11-06,media:channel_2,7926.64559123853,1.3571607202419997,32788.79380681678
40,2023-11-06,media:channel_3,97973.07007452559,14414.814511574412,198098.40112318008
40,2023-11-06,media:channel_4,46215.8119448265,13391.786718235539,87167.8874064193
40,2023-11-06,media:channel_5,8289.099180925426,6.50325615435393,37656.4831501383
40,2023-11-06,media:channel_6,6401.641218671136,3.577575480021635,28889.31929654519
41,2023-11-13,media:channel_1,155877.17766146982,78503.14604188396,255574.10669155227
41,2023-11-13,media:channel_2,74225.31404804638,11477.674705680725,171296.48238819098
41,2023-11-13,media:channel_3,16544.915178051313,439.4525158864916,53721.07876783258
41,2023-11-13,media:channel_4,7802.278681772659,308.44041688296033,22957.258462421956
41,2023-11-13,media:channel_5,40870.90074859532,2924.6447569484735,108238.06108214406
41,2023-11-13,media:channel_6,38875.89543255926,2908.188051182191,104011.17209421605
42,2023-11-20,media:channel_1,156363.14608662925,77715.19935525823,262150.447604089
42,2023-11-20,media:channel_2,69843.31368724162,8834.217165405362,165597.44903582297
42,2023-11-20,media:channel_3,28831.622126784132,4012.004358339166,63001.20466970973
42,2023-11-20,media:channel_4,14296.080636895473,4198.5887944367,26882.15770547709
42,2023-11-20,media:channel_5,41210.0206163184,2828.294937991739,103870.81064048297
42,2023-11-20,media:channel_6,46257.62273386741,3266.0439221564834,122742.74956466893
43,2023-11-27,media:channel_1,25369.16248223324,1820.65864813422,72457.12295275579
43,2023-11-27,media:channel_2,96587.74552160208,13201.104517979189,221292.32352865444
43,2023-11-27,media:channel_3,5555.350502152459,97.28353376612867,22090.83424682175
43,2023-11-27,media:channel_4,2431.8724518846952,99.94389501679834,7367.439275000485
43,2023-11-27,media:channel_5,51664.47088970787,3732.3055386022256,135692.2433274213
43,2023-11-27,media:channel_6,50986.300331625534,3421.925174421125,131205.66589513762
44,2023-12-04,media:channel_1,5993.522622665193,26.108919875763704,25644.500306883794
44,2023-12-04,media:channel_2,59097.5249318933,4933.370768525283,161381.85121568287
44,2023-12-04,media:channel_3,152758.62177385064,23982.152040796933,312098.88979683444
44,2023-12-04,media:channel_4,157520.090208761,49553.09750666408,279197.1784371812
44,2023-12-04,media:channel_5,55408.861208660455,3909.6577229840914,147122.8689085106
44,2023-12-04,media:channel_6,53343.42721793536,3486.5925137628124,144608.3256557858
45,2023-12-11,media:channel_1,1309.0766224899794,0.4017657896558236,6275.302437185659
45,2023-12-11,media:channel_2,93089.20622782498,12687.467513181191,213861.22718031475
45,2023-12-11,media:channel_3,29384.177604978235,802.7383361235212,92780.32270411875
45,2023-12-11,media:channel_4,27378.67394623259,1403.624071799434,76066.56298114006
45,2023-12-11,media:channel_5,47342.04704913801,3050.6157187222443,128292.93173358351
45,2023-12-11,media:channel_6,49849.92914441825,3158.78534841986,135481.4323320639
46,2023-12-18,media:channel_1,487714.45350922685,291397.5154216143,684921.7952987715
46,2023-12-18,media:channel_2,90303.28195172022,12022.768991610446,213799.90533925302
46,2023-12-18,media:channel_3,79174.48566437943,11579.339455284402,162823.82717230552
46,2023-12-18,media:channel_4,132538.10725608238,41111.51575513581,232881.8498267457
46,2023-12-18,media:channel_5,52092.298268695486,3586.75262252013,134609.38568625052
46,2023-12-18,media:channel_6,52660.008788768435,3440.391415745819,142646.3540147988
47,2023-12-25,media:channel_1,128124.2528181829,12223.97782287698,323599.3111914442
47,2023-12-25,media:channel_2,38963.281393203455,674.6245806207231,121514.09762117575
47,2023-12-25,media:channel_3,89515.83678341817,12801.08463622591,182370.4243250284
47,2023-12-25,media:channel_4,154534.759192149,49431.928240751986,266118.76455927966
47,2023-12-25,media:channel_5,60491.82463467316,4473.91580221283,163553.09853929977
47,2023-12-25,media:channel_6,58371.19837575532,3865.4948963936968,156692.27653604385
48,2024-01-01,media:channel_1,392528.14906531246,243186.31683366693,560013.6063763282
48,2024-01-01,media:channel_2,33398.57227380662,2886.5648468640497,101503.48437419378
48,2024-01-01,media:channel_3,15840.177628094998,346.0548282646449,55851.04250070967
48,2024-01-01,media:channel_4,193722.68303707623,60454.49674834837,332404.0608836567
48,2024-01-01,media:channel_5,61438.042884467824,4475.6718000343935,167684.84873820245
48,2024-01-01,media:channel_6,57472.872825380495,3751.245040466978,155187.44438542888
49,2024-01-08,media:channel_1,82928.12882073299,6886.247258439104,232568.18635118043
49,2024-01-08,media:channel_2,82687.5297478992,11899.225461512517,186585.37946923042
49,2024-01-08,media:channel_3,73463.16557844148,10702.886874811507,150217.6063692701
49,2024-01-08,media:channel_4,205543.9868339889,64165.71892587204,351337.84250981634
49,2024-01-08,media:channel_5,57727.2242018337,3915.827215642077,156710.71339060634
49,2024-01-08,media:channel_6,60502.30327626317,3956.034235455781,161040.425694042
50,2024-01-15,media:channel_1,416015.10310070164,253897.17751697492,577210.992602209
50,2024-01-15,media:channel_2,33272.26345415783,825.8876490652315,96951.45561164207
50,2024-01-15,media:channel_3,12462.963603834125,294.70509645473237,43260.60616380653
50,2024-01-15,media:channel_4,223378.1781744096,69990.86437301179,384617.99396849785
50,2024-01-15,media:channel_5,59612.838638775786,4240.4991639358595,162779.94967591128
50,2024-01-15,media:channel_6,67371.97018847619,4519.2488897050025,180301.99467643388
51,2024-01-22,media:channel_1,90725.60199275217,7951.58692648682,238233.23032622234
51,2024-01-22,media:channel_2,79644.43051898995,10994.476597806053,180077.23114624596
51,2024-01-22,media:channel_3,85844.32134599515,12669.393801675991,175618.94312625975
51,2024-01-22,media:channel_4,210797.99936744862,65911.79371276336,360738.82802308415
51,2024-01-22,media:channel_5,65887.61248956929,4883.414765027572,178591.3757959192
51,2024-01-22,media:channel_6,63369.78609685777,4085.702934394643,169459.55022879122
52,2024-01-29,media:channel_1,299607.3281373901,166010.8466521446,459187.67994613125
52,2024-01-29,media:channel_2,34678.83483842394,739.7659184313256,107566.37364642417
52,2024-01-29,media:channel_3,14795.126879724392,363.2698172555415,49691.88265879489
52,2024-01-29,media:channel_4,183479.1735667452,56311.121614167954,315748.50886695273
52,2024-01-29,media:channel_5,26054.249902909123,415.09876007921383,100924.15084262384
52,2024-01-29,media:channel_6,23220.645881080894,228.83416437664462,98007.32751562094
53,2024-02-05,media:channel_1,98498.71866482042,36492.17646400242,208279.7196176074
53,2024-02-05,media:channel_2,78453.84500811201,10917.869532949553,177610.32522196442
53,2024-02-05,media:channel_3,58854.79572060272,8404.498944418925,122531.91018330627
53,2024-02-05,media:channel_4,237355.00272036527,73942.10524870075,410684.1784064959
53,2024-02-05,media:channel_5,13548.255677012161,12.510051864787645,61108.94494129905
53,2024-02-05,media:channel_6,10865.434051675895,5.896135516409652,51525.700200924635
54,2024-02-12,media:channel_1,17723.494163944615,685.6884750304515,61043.15243889946
54,2024-02-12,media:channel_2,34418.56054015005,750.1785036602598,104874.41198368974
54,2024-02-12,media:channel_3,41885.66210973397,5948.244828291637,92021.45288795521
54,2024-02-12,media:channel_4,190815.15588161725,58072.43963780426,331637.253367355
54,2024-02-12,media:channel_5,80703.88351729463,6041.628397441667,208400.22753189394
54,2024-02-12,media:channel_6,88358.67116599604,7374.915797601786,216943.71073673718
55,2024-02-19,media:channel_1,96485.50292521059,46579.25526171282,161988.02945804095
55,2024-02-19,media:channel_2,110477.42771906737,15381.691370891738,243567.74543152837
55,2024-02-19,media:channel_3,7442.153857624472,136.82381786831772,27489.624785417323
55,2024-02-19,media:channel_4,101984.64344040566,29150.049417880655,200528.13105743553
55,2024-02-19,media:channel_5,83927.6747551865,6182.2493549262335,227317.89079075225
55,2024-02-19,media:channel_6,92692.5697826911,7049.1172685123,230432.9582329481
56,2024-02-26,media:channel_1,14072.88615325754,1205.933940101569,36994.894496853405
56,2024-02-26,media:channel_2,50678.81371506555,1221.7239105814483,146511.9736810608
56,2024-02-26,media:channel_3,2429.5495199175343,1.4256604480831305,12321.704441467366
56,2024-02-26,media:channel_4,108600.49804604067,32373.684566438053,193777.49384860913
56,2024-02-26,media:channel_5,78515.45282816722,5739.830351046821,205238.51409970218
56,2024-02-26,media:channel_6,89823.06965490435,6402.965174281226,231363.22728218636
57,2024-03-04,media:channel_1,3035.2680109919975,17.24007336926241,11954.361286057107
57,2024-03-04,media:channel_2,139538.64389347588,20606.953073354714,292869.0204531305
57,2024-03-04,media:channel_3,570.8261473222842,0.017959515283136555,3189.023942137287
57,2024-03-04,media:channel_4,63070.19972390446,17855.991260611874,123848.61506331671
57,2024-03-04,media:channel_5,74653.25575181266,5491.486662539255,199978.81767981147
57,2024-03-04,media:channel_6,87499.1269154013,6078.597686679051,225529.71295584235
58,2024-03-11,media:channel_1,437011.13655922917,260405.5417076332,602241.7118239704
58,2024-03-11,media:channel_2,68528.57687351874,1709.77494415897,193424.75408580955
58,2024-03-11,media:channel_3,0.0,0.0,0.0
58,2024-03-11,media:channel_4,197851.85586301715,63222.67991840143,336061.9766664664
58,2024-03-11,media:channel_5,90553.0543531503,6402.869164262516,242976.29938330426
58,2024-03-11,media:channel_6,90840.65982911982,6581.420488318047,231226.91419339436
59,2024-03-18,media:channel_1,302703.8152169038,161114.01623134478,473617.83758968464
59,2024-03-18,media:channel_2,165758.80467214584,25313.491377067887,347953.9913914873
59,2024-03-18,media:channel_3,161494.59103379623,24415.16866056648,324540.2868272264
59,2024-03-18,media:channel_4,192582.90948406837,60641.31867553759,330781.23046056746
59,2024-03-18,media:channel_5,82937.53361873327,6285.394585568654,222625.9650476998
59,2024-03-18,media:channel_6,89532.247652012,6391.156663972717,228769.80044237172
60,2024-03-25,media:channel_1,60314.03144163104,3584.596021877603,187539.5761561876
60,2024-03-25,media:channel_2,86719.77148705044,2312.0174477567034,246188.37080972188
60,2024-03-25,media:channel_3,31634.977371181252,879.9417179290423,99031.25630216503
60,2024-03-25,media:channel_4,194293.82136107015,60958.300444064545,334149.5595920215
60,2024-03-25,media:channel_5,84606.82112776235,6368.02711626619,226196.63192930148
60,2024-03-25,media:channel_6,87857.9499950805,6197.0035651242715,223702.19035794327
61,2024-04-01,media:channel_1,53525.86436677982,21653.588010815667,113051.7057606723
61,2024-04-01,media:channel_2,39524.77157301164,84.07838785934588,134215.83630765462
61,2024-04-01,media:channel_3,21301.561758274504,2673.311190238808,57710.06641274518
61,2024-04-01,media:channel_4,189274.1573212401,59398.5603935881,324690.7832913832
61,2024-04-01,media:channel_5,84169.75187466704,6372.761616419826,223936.27008448148
61,2024-04-01,media:channel_6,85534.75355699325,5944.749557183701,219588.64653739048
62,2024-04-08,media:channel_1,8182.48543692502,500.7045250444963,26693.461295398214
62,2024-04-08,media:channel_2,21261.313780452037,3.749539573614138,88412.97016478365
62,2024-04-08,media:channel_3,82818.00932956065,12316.960714363635,167775.33524313688
62,2024-04-08,media:channel_4,249031.24575932306,76001.46810168342,433223.4175667702
62,2024-04-08,media:channel_5,83652.38812002465,6356.502295424127,222802.65430936482
62,2024-04-08,media:channel_6,86557.38417677021,6120.23482879727,219642.3901425398
63,2024-04-15,media:channel_1,236542.40684521705,122907.30794747375,373235.02460892155
63,2024-04-15,media:channel_2,0.0,0.0,0.0
63,2024-04-15,media:channel_3,13277.932944310061,340.4573865827001,43972.04613445986
63,2024-04-15,media:channel_4,206527.38280364234,64158.96893523534,356408.4332523973
63,2024-04-15,media:channel_5,87228.86926439167,6386.036552950191,235594.58870345115
63,2024-04-15,media:channel_6,87895.65085989927,6273.573444796689,222380.35868930304
64,2024-04-22,media:channel_1,38630.64365608546,3404.540638020508,100567.90908888383
64,2024-04-22,media:channel_2,0.0,0.0,0.0
64,2024-04-22,media:channel_3,3927.280968934402,3.5539315429465033,18988.790275343745
64,2024-04-22,media:channel_4,42454.90336177825,1592.856408886032,128792.96033233969
64,2024-04-22,media:channel_5,74176.04805107183,5364.603731992117,197577.44704224687
64,2024-04-22,media:channel_6,78846.26358564403,5181.150609571507,205869.06467086423
65,2024-04-29,media:channel_1,8552.594793202406,48.674518710512906,33727.7866612114
65,2024-04-29,media:channel_2,61127.86809717658,9290.382041156117,143101.26498301866
65,2024-04-29,media:channel_3,1475.4008319134284,0.046735276570673716,8296.4121833589
65,2024-04-29,media:channel_4,236826.7070259783,74441.65314973632,409686.8727382141
65,2024-04-29,media:channel_5,31166.50293858287,455.420980823531,132569.33147419986
65,2024-04-29,media:channel_6,30179.684732774393,308.31024295844674,132314.05596092902
66,2024-05-06,media:channel_1,2474.6295025902673,0.7604726653038479,11876.626653457244
66,2024-05-06,media:channel_2,24906.03542631633,652.5513558065882,70530.5990169662
66,2024-05-06,media:channel_3,78090.76894341601,11211.519318952518,161871.83684254586
66,2024-05-06,media:channel_4,45826.31356980149,2269.6312894195753,129920.775290597
66,2024-05-06,media:channel_5,16505.441954986058,13.348516247730124,78818.60502997557
66,2024-05-06,media:channel_6,14228.564597976832,7.930395126048673,69667.88382645656
67,2024-05-13,media:channel_1,0.0,0.0,0.0
67,2024-05-13,media:channel_2,11808.521171825421,23.66962651877558,41336.03540608338
67,2024-05-13,media:channel_3,12673.14826846405,336.050229400607,41719.73754908452
67,2024-05-13,media:channel_4,319162.7654165343,91936.7668473585,578701.74001176
67,2024-05-13,media:channel_5,52944.85337501834,3973.2145466334105,139929.6976532157
67,2024-05-13,media:channel_6,54290.93139501471,4013.1395175929893,146699.91636486037
68,2024-05-20,media:channel_1,0.0,0.0,0.0
68,2024-05-20,media:channel_2,6177.171383887008,1.055564061892192,25515.361413380753
68,2024-05-20,media:channel_3,100601.23795600129,14468.906131999627,199590.48293199277
68,2024-05-20,media:channel_4,71702.04912784546,3671.4129977563475,193189.52217480517
68,2024-05-20,media:channel_5,66528.75311055568,5182.411329781023,174032.6099784023
68,2024-05-20,media:channel_6,62363.49014406175,4352.309656873906,165964.05553749457
69,2024-05-27,media:channel_1,67428.59946236138,32400.782777224347,115526.29756535351
69,2024-05-27,media:channel_2,0.0,0.0,0.0
69,2024-05-27,media:channel_3,17749.85314621191,441.40068352624684,59435.23824260812
69,2024-05-27,media:channel_4,17913.808922264463,40.91322770154322,66781.38349158592
69,2024-05-27,media:channel_5,66377.07984769692,4961.742840139365,181015.93197296257
69,2024-05-27,media:channel_6,62449.57865859692,4099.307657073966,166950.5798928282
70,2024-06-03,media:channel_1,9924.030674878593,876.4824964652365,25703.913706465435
70,2024-06-03,media:channel_2,0.0,0.0,0.0
70,2024-06-03,media:channel_3,130732.75845691908,19682.29055987297,260252.52753854834
70,2024-06-03,media:channel_4,5890.176477209442,0.5628282172410287,28220.061908884483
70,2024-06-03,media:channel_5,57815.55132252817,3779.3082832901023,158113.43669390908
70,2024-06-03,media:channel_6,59777.688364623245,3816.4732901078755,158353.422854875
71,2024-06-10,media:channel_1,2206.5012595923404,12.531031220777969,8689.49349399698
71,2024-06-10,media:channel_2,12447.116204921434,1808.8012423726545,29665.201589806973
71,2024-06-10,media:channel_3,24482.27223203632,624.6496189010422,81539.22429990684
71,2024-06-10,media:channel_4,94795.77362871983,29043.38016090923,165260.52406837002
71,2024-06-10,media:channel_5,68658.10889527111,5105.667160167021,187393.13585007857
71,2024-06-10,media:channel_6,66699.67767992799,4434.840699967262,178187.8048391372
72,2024-06-17,media:channel_1,638.161146497534,0.19578019281160344,3058.0591115598777
72,2024-06-17,media:channel_2,4846.109793271264,125.09389619438022,13808.989805998477
72,2024-06-17,media:channel_3,6750.045364226784,6.535436922913161,32629.62031265216
72,2024-06-17,media:channel_4,15611.295590892178,801.2203073358856,43676.34376644816
72,2024-06-17,media:channel_5,59563.06085946345,3981.593020153505,164537.71520441765
72,2024-06-17,media:channel_6,66196.09249602708,4294.5539978577235,178795.5923223689
73,2024-06-24,media:channel_1,0.0,0.0,0.0
73,2024-06-24,media:channel_2,164914.26795735225,26209.468402576415,332048.05298150633
73,2024-06-24,media:channel_3,2676.5732950346596,0.086065836681402,15266.747763107005
73,2024-06-24,media:channel_4,3946.0565770275207,8.930681090104173,14668.723174813436
73,2024-06-24,media:channel_5,51892.297683005425,3425.7855727067445,140375.145058163
73,2024-06-24,media:channel_6,59384.906598023466,3777.4452587022215,157867.80512339916
74,2024-07-01,media:channel_1,48816.39354212243,23382.7170095281,84274.09357213273
74,2024-07-01,media:channel_2,84200.7633062713,2540.4851734059403,226112.4724201909
74,2024-07-01,media:channel_3,0.0,0.0,0.0
74,2024-07-01,media:channel_4,1289.701448876522,0.12285608736020628,6171.682712407676
74,2024-07-01,media:channel_5,51750.103633913335,3480.2078716088877,138387.58130228217
74,2024-07-01,media:channel_6,56945.44550468092,3628.8651012859777,153403.10286782344
75,2024-07-08,media:channel_1,7155.849582228513,631.8477488872052,18530.047451257164
75,2024-07-08,media:channel_2,140261.2923149938,20576.120142534437,300028.5321188404
75,2024-07-08,media:channel_3,0.0,0.0,0.0
75,2024-07-08,media:channel_4,0.0,0.0,0.0
75,2024-07-08,media:channel_5,50012.27180042766,3371.067732775922,130896.35146570315
75,2024-07-08,media:channel_6,53580.729965926155,3421.1144758282276,145549.1419702678
76,2024-07-15,media:channel_1,219358.65285754044,112958.27867327069,350162.6069013427
76,2024-07-15,media:channel_2,71070.05337305467,1521.0811027510113,213195.51485188873
76,2024-07-15,media:channel_3,0.0,0.0,0.0
76,2024-07-15,media:channel_4,0.0,0.0,0.0
76,2024-07-15,media:channel_5,45683.07091679908,2925.1407459049315,121811.49932805607
76,2024-07-15,media:channel_6,46505.74275710045,2805.839056025805,132044.20809620578
77,2024-07-22,media:channel_1,35323.10113301051,3098.1669750553056,92134.95497656547
77,2024-07-22,media:channel_2,135111.1156083235,20066.88079143407,286437.3976501684
77,2024-07-22,media:channel_3,0.0,0.0,0.0
77,2024-07-22,media:channel_4,0.0,0.0,0.0
77,2024-07-22,media:channel_5,40811.78938665365,2492.1291345798168,111674.28842976336
77,2024-07-22,media:channel_6,45476.95130827509,2814.4909967992658,125771.1037184778
78,2024-07-29,media:channel_1,7785.855506407251,44.29381981271097,30696.472337790365
78,2024-07-29,media:channel_2,66254.36075016217,1565.1968117991864,188273.6186510748
78,2024-07-29,media:channel_3,0.0,0.0,0.0
78,2024-07-29,media:channel_4,0.0,0.0,0.0
78,2024-07-29,media:channel_5,16394.165488264392,186.33253749518406,61249.63667750187
78,2024-07-29,media:channel_6,15934.463961937523,146.65579213773913,64306.25421766328
79,2024-08-05,media:channel_1,2252.606474879232,0.6920302463615534,10808.041957232761
79,2024-08-05,media:channel_2,46829.02842485423,4110.440194543888,132335.69329218246
79,2024-08-05,media:channel_3,0.0,0.0,0.0
79,2024-08-05,media:channel_4,136342.46899885527,42140.59990572492,240547.12629161487
79,2024-08-05,media:channel_5,7766.284048127581,5.518321609054188,36265.18136570547
79,2024-08-05,media:channel_6,6909.250236898722,3.7881954671643223,31371.80970419855
80,2024-08-12,media:channel_1,0.0,0.0,0.0
80,2024-08-12,media:channel_2,22418.445444173856,226.0378855727852,84921.61636875034
80,2024-08-12,media:channel_3,54597.08857405234,7927.929815904476,116455.63523519257
80,2024-08-12,media:channel_4,23164.376710531793,1192.0820929698923,64584.092643820164
80,2024-08-12,media:channel_5,29708.76257506896,1999.743739137456,76805.41013769584
80,2024-08-12,media:channel_6,29162.122620896404,2067.7993496468353,78240.79357137301
81,2024-08-19,media:channel_1,59506.51001209312,28551.803869899224,102512.7816914317
81,2024-08-19,media:channel_2,25194.356886484067,3284.230635208717,58935.08620097573
81,2024-08-19,media:channel_3,8559.60921804108,225.52517323497662,28060.509621359663
81,2024-08-19,media:channel_4,120488.78912981147,37008.74732970855,210049.31679629983
81,2024-08-19,media:channel_5,34829.40080413904,2378.827096709132,86893.78115789201
81,2024-08-19,media:channel_6,38988.97653501521,2739.795797262359,106116.19368924772
82,2024-08-26,media:channel_1,8741.685202593602,771.9724769583722,22639.22713143942
82,2024-08-26,media:channel_2,10372.87779766496,221.033168540163,33387.95150948307
82,2024-08-26,media:channel_3,2490.641361679173,2.361755403902183,11816.222851395321
82,2024-08-26,media:channel_4,21153.610599444277,990.7939420070167,60582.385549950806
82,2024-08-26,media:channel_5,41316.74883822547,2777.3470337600684,104987.31068872979
82,2024-08-26,media:channel_6,38203.375954772964,2407.285855361083,101869.30157711927
83,2024-09-02,media:channel_1,217833.9674594648,111933.71428094298,348063.8920265362
83,2024-09-02,media:channel_2,3949.3627667303103,7.87363385197826,14077.441354177581
83,2024-09-02,media:channel_3,986.1229981840352,0.031102198240892213,5522.217289844646
83,2024-09-02,media:channel_4,15195.260712818306,3938.2314669735306,33156.966076202814
83,2024-09-02,media:channel_5,48240.19566719415,3339.9570279461736,123495.5439522192
83,2024-09-02,media:channel_6,48086.30432371883,3222.590890292636,128252.65823962682
84,2024-09-09,media:channel_1,35079.316219973036,3067.4588642530043,91615.39418814458
84,2024-09-09,media:channel_2,75419.11252714257,11433.193647506652,172865.20508430887
84,2024-09-09,media:channel_3,36275.25511390243,5325.945298508276,79293.32864036631
84,2024-09-09,media:channel_4,3245.2101411571884,85.05510762000021,11653.323278658458
84,2024-09-09,media:channel_5,43564.940581274124,2769.6926687527216,115400.51759963988
84,2024-09-09,media:channel_6,45286.72703347686,2844.929535755351,124108.1861002076
85,2024-09-16,media:channel_1,37541.42453994239,16382.45637537464,70724.26457839897
85,2024-09-16,media:channel_2,30682.415726477553,810.3099308771175,86700.45124553225
85,2024-09-16,media:channel_3,75463.86355443709,11090.420959663563,154718.77442351606
85,2024-09-16,media:channel_4,204158.63024270287,66483.6934926412,350559.0676503629
85,2024-09-16,media:channel_5,59176.43599375637,4316.621069533523,158312.98534329704
85,2024-09-16,media:channel_6,54981.954475495026,3686.434922596225,146723.03979937578
86,2024-09-23,media:channel_1,6596.1472354732405,386.23191050394666,21726.480732183492
86,2024-09-23,media:channel_2,14618.91363877053,29.39751246193934,50626.90362024856
86,2024-09-23,media:channel_3,12897.287887314733,305.25866768497355,43458.836603435746
86,2024-09-23,media:channel_4,37385.474971007345,1932.311216245359,103781.06301270994
86,2024-09-23,media:channel_5,60135.36159089838,4352.498558557959,164510.8029916747
86,2024-09-23,media:channel_6,56628.459441015846,3728.8039751380657,152598.782883719
87,2024-09-30,media:channel_1,65195.950894795,31878.665660711235,111286.64777427203
87,2024-09-30,media:channel_2,59161.18624846275,8040.434889369607,134830.091304985
87,2024-09-30,media:channel_3,151854.5814349669,23605.78968176764,309903.6402212239
87,2024-09-30,media:channel_4,9495.318790395502,21.538046492490476,35322.97154360157
87,2024-09-30,media:channel_5,58537.5303571325,4074.508346253502,160559.84793524747
87,2024-09-30,media:channel_6,58264.05578772474,3817.26753790574,156528.14913960805
88,2024-10-07,media:channel_1,9728.36075192358,834.4837930285121,25558.736605061848
88,2024-10-07,media:channel_2,21187.4579260694,552.7626225718798,60111.955678098515
88,2024-10-07,media:channel_3,29417.462305178393,784.8296489205031,96361.6327853975
88,2024-10-07,media:channel_4,3108.029374269549,0.2962909687623234,14877.377073228485
88,2024-10-07,media:channel_5,59832.77906010849,4246.932310047499,163905.8990515899
88,2024-10-07,media:channel_6,58978.10577305602,3836.3194998583294,158381.67947205744
89,2024-10-14,media:channel_1,75993.08956060933,37147.7318283115,128718.46501159803
89,2024-10-14,media:channel_2,97855.07263634773,14283.790282005399,219912.7453849804
89,2024-10-14,media:channel_3,19724.677936910717,2450.8057165265914,52323.013245928996
89,2024-10-14,media:channel_4,0.0,0.0,0.0
89,2024-10-14,media:channel_5,62653.34399732401,4611.048302504031,170728.82981214245
89,2024-10-14,media:channel_6,64328.387874971966,4229.954241648563,170500.6461842519
90,2024-10-21,media:channel_1,11508.382485289681,963.223434280794,30921.486140034674
90,2024-10-21,media:channel_2,86376.72729970096,10730.099366236222,206254.1442599246
90,2024-10-21,media:channel_3,74186.3680325771,10840.18877471178,151640.8679153741
90,2024-10-21,media:channel_4,0.0,0.0,0.0
90,2024-10-21,media:channel_5,74636.72109385321,5725.764708551934,191230.9391475923
90,2024-10-21,media:channel_6,71453.31421710424,4891.337401590566,193917.93399133577
91,2024-10-28,media:channel_1,207101.20559569803,105844.04307417723,331597.24820986093
91,2024-10-28,media:channel_2,38099.38919207527,591.6232192441392,120368.37607326357
91,2024-10-28,media:channel_3,11729.501358340083,299.06476750259515,38779.827746251445
91,2024-10-28,media:channel_4,0.0,0.0,0.0
91,2024-10-28,media:channel_5,29651.52324508696,524.2025546828814,115942.29031579907
91,2024-10-28,media:channel_6,25841.376642170424,292.24801675580534,105957.13971313414
92,2024-11-04,media:channel_1,33130.60806240226,2880.314950958696,86720.62933531594
92,2024-11-04,media:channel_2,19302.07907973868,21.531874131011854,78190.45997050188
92,2024-11-04,media:channel_3,84819.46014644543,12674.807296076055,173435.28232663838
92,2024-11-04,media:channel_4,59944.86130504561,18346.920297938042,106627.96944249439
92,2024-11-04,media:channel_5,15605.05927514427,15.87753978473496,72629.46971576774
92,2024-11-04,media:channel_6,12202.12599541967,7.563989415851082,58025.0464038011
93,2024-11-11,media:channel_1,455120.07110028184,272485.0743242556,632914.1180905757
93,2024-11-11,media:channel_2,5076.68227086694,0.8666589894251115,20954.470916782786
93,2024-11-11,media:channel_3,14585.148792143624,357.12520451682224,49030.93514690549
93,2024-11-11,media:channel_4,53831.603579027316,16215.30802987357,95597.11194243834
93,2024-11-11,media:channel_5,78775.95035523009,5770.7553647199875,201191.6832326173
93,2024-11-11,media:channel_6,73451.01916888567,5851.557293990666,187973.89251115336
94,2024-11-18,media:channel_1,108431.52596337267,9971.55348773732,278464.56204719155
94,2024-11-18,media:channel_2,0.0,0.0,0.0
94,2024-11-18,media:channel_3,3917.5626820633884,3.735567854148885,18682.685198044623
94,2024-11-18,media:channel_4,9585.197964940906,376.52325880859826,28203.97325598255
94,2024-11-18,media:channel_5,70646.66233240733,5294.4536696418145,185163.69556950193
94,2024-11-18,media:channel_6,79194.39331190372,5782.727017819774,199886.58342086975
95,2024-11-25,media:channel_1,289048.91667128645,159449.99015797133,446965.84920825844
95,2024-11-25,media:channel_2,70441.15454143098,10836.207128052578,162978.63249070256
95,2024-11-25,media:channel_3,37335.54741961723,5406.614531280105,79274.23446759682
95,2024-11-25,media:channel_4,28011.381206998823,8215.496914176558,50036.00039137149
95,2024-11-25,media:channel_5,72037.43935339637,5345.45077127988,190872.44208267878
95,2024-11-25,media:channel_6,76458.10404786484,5148.881671452492,198319.0664833874
96,2024-12-02,media:channel_1,52839.810675484725,4135.336848127411,155784.3064409434
96,2024-12-02,media:channel_2,29113.714423685353,767.1016254509134,82245.47586872074
96,2024-12-02,media:channel_3,5518.660892409041,144.9198048741541,18491.874178163525
96,2024-12-02,media:channel_4,4662.419704736542,208.811137014109,13639.370020518909
96,2024-12-02,media:channel_5,77867.80813089473,5896.626915086808,201235.4756079143
96,2024-12-02,media:channel_6,81810.19886169807,5707.215309047717,211883.41985067812
97,2024-12-09,media:channel_1,390730.6122921368,238130.34564168236,560062.5677211382
97,2024-12-09,media:channel_2,78786.61826851632,10916.070077096216,177956.43687991038
97,2024-12-09,media:channel_3,1604.2757243936637,1.5176265613251314,7602.6968763526
97,2024-12-09,media:channel_4,97252.82786904417,30049.817628757894,169915.10585497573
97,2024-12-09,media:channel_5,88439.88354060681,6356.943311246855,235538.41943965745
97,2024-12-09,media:channel_6,88949.53309940596,6505.193922932395,224789.6212148528
98,2024-12-16,media:channel_1,462365.232150313,279848.8950048593,643317.5841959812
98,2024-12-16,media:channel_2,60888.01336002061,6572.417099261727,154726.46574692932
98,2024-12-16,media:channel_3,635.0381354047151,0.019985779258009248,3548.782591098396
98,2024-12-16,media:channel_4,16208.506645093876,814.9836504186177,45195.310729063116
98,2024-12-16,media:channel_5,88722.3352556318,6395.395556549276,237372.89876920052
98,2024-12-16,media:channel_6,88848.6728374638,6370.296419408246,224563.0825801945
99,2024-12-23,media:channel_1,325148.31874458585,173031.59740452093,503100.6992966422
99,2024-12-23,media:channel_2,139022.67253997165,20238.330752821676,290046.95300250617
99,2024-12-23,media:channel_3,121557.92724743305,18522.03508138281,245082.83648236707
99,2024-12-23,media:channel_4,168741.26384138106,53430.622997544866,295872.1237510288
99,2024-12-23,media:channel_5,81285.55016018766,5996.087389752081,214352.3037482324
99,2024-12-23,media:channel_6,92468.587327472,6766.669747145894,235024.36002684713
100,2024-12-30,media:channel_1,68235.4109709252,3889.5482275817485,214103.17764106177
100,2024-12-30,media:channel_2,68136.49545136206,1679.812221974958,193463.8080869613
100,2024-12-30,media:channel_3,21514.479465420412,581.6369650819329,69538.18316928895
100,2024-12-30,media:channel_4,156643.79927921132,49861.77538501843,269172.8202968367
100,2024-12-30,media:channel_5,89340.5031666643,6406.348088576141,238283.9014024329
100,2024-12-30,media:channel_6,91092.99301840285,6531.452978123798,233144.44028062903
101,2025-01-06,media:channel_1,265079.59690575494,143552.78090883925,412269.7342204851
101,2025-01-06,media:channel_2,52937.89149821957,4606.693196527224,147104.436191965
101,2025-01-06,media:channel_3,6308.073396979858,6.091412686779125,30423.82130493346
101,2025-01-06,media:channel_4,200755.42007857488,62474.08314664501,343577.7992671333
101,2025-01-06,media:channel_5,88795.40244360804,6411.174979719898,237863.48645582784
101,2025-01-06,media:channel_6,92502.79196869233,6719.875654373378,235579.63057443258
102,2025-01-13,media:channel_1,74418.0321066368,25428.004955722827,158088.5780059767
102,2025-01-13,media:channel_2,24296.45634779084,253.85162463684432,91421.97018685493
102,2025-01-13,media:channel_3,2500.85971228362,0.08021843613544362,14231.519597523411
102,2025-01-13,media:channel_4,213108.0760795062,66340.18731338985,364419.6592061366
102,2025-01-13,media:channel_5,90660.3771539535,6431.178864223605,244426.70943128725
102,2025-01-13,media:channel_6,95361.52371104663,7049.599850257745,244938.79112125374
103,2025-01-20,media:channel_1,146300.83284704253,72417.48068539576,242831.75749375246
103,2025-01-20,media:channel_2,127684.01941850499,19748.77208479586,270610.39235803206
103,2025-01-20,media:channel_3,142113.484402787,22189.601351509704,287790.156638237
103,2025-01-20,media:channel_4,154360.50565832085,47541.03396699447,273062.2762882321
103,2025-01-20,media:channel_5,93777.31338799224,6551.200385491506,255758.98743382166
103,2025-01-20,media:channel_6,101748.5855508892,7786.782886700962,261529.76222420714
104,2025-01-27,media:channel_1,23866.2137331733,1793.8677228479878,71076.33410936662
104,2025-01-27,media:channel_2,59658.40623749453,1624.8516965444264,164237.26797087755
104,2025-01-27,media:channel_3,26435.32752137551,724.1496986192467,83306.94807951606
104,2025-01-27,media:channel_4,260752.53603452834,79405.62192550744,450460.1547621767
104,2025-01-27,media:channel_5,39208.53608940792,778.8460037258795,149635.93383397913
104,2025-01-27,media:channel_6,40196.47284652633,536.029900769711,157010.3338314118
