observation,date,panel_cell,geo,component,mean,lower_5,upper_95
1,2023-02-06,UK,UK,intercept,1.4851759079997e6,1.3548164698294883e6,1.5964220799195594e6
1,2023-02-06,UK,UK,holiday,0.0,0.0,0.0
1,2023-02-06,UK,UK,seasonality,745866.9568902092,630368.2675324747,857653.2904317693
1,2023-02-06,FR,FR,intercept,1.5194208103121747e6,1.402527502569883e6,1.6333336337843963e6
1,2023-02-06,FR,FR,holiday,0.0,0.0,0.0
1,2023-02-06,FR,FR,seasonality,740214.0682112441,623997.6098082436,856039.9541246106
1,2023-02-06,DE,DE,intercept,1.5173194963665123e6,1.402559917227149e6,1.6318840448004808e6
1,2023-02-06,DE,DE,holiday,0.0,0.0,0.0
1,2023-02-06,DE,DE,seasonality,752312.9303328814,625255.1955436618,867631.30276632
2,2023-02-13,UK,UK,intercept,1.4851759079997e6,1.3548164698294883e6,1.5964220799195594e6
2,2023-02-13,UK,UK,holiday,0.0,0.0,0.0
2,2023-02-13,UK,UK,seasonality,721734.6897717135,612049.7484756259,830547.0875495127
2,2023-02-13,FR,FR,intercept,1.5194208103121747e6,1.402527502569883e6,1.6333336337843963e6
2,2023-02-13,FR,FR,holiday,0.0,0.0,0.0
2,2023-02-13,FR,FR,seasonality,716082.3766153015,602244.1253506169,831435.0206506461
2,2023-02-13,DE,DE,intercept,1.5173194963665123e6,1.402559917227149e6,1.6318840448004808e6
2,2023-02-13,DE,DE,holiday,0.0,0.0,0.0
2,2023-02-13,DE,DE,seasonality,729490.8663021071,606817.1203012571,843585.4934331259
3,2023-02-20,UK,UK,intercept,1.4851759079997e6,1.3548164698294883e6,1.5964220799195594e6
3,2023-02-20,UK,UK,holiday,0.0,0.0,0.0
3,2023-02-20,UK,UK,seasonality,684925.2367598007,577300.894270586,795511.8661890404
3,2023-02-20,FR,FR,intercept,1.5194208103121747e6,1.402527502569883e6,1.6333336337843963e6
3,2023-02-20,FR,FR,holiday,0.0,0.0,0.0
3,2023-02-20,FR,FR,seasonality,679963.4034735006,564395.105409822,790275.6659090437
3,2023-02-20,DE,DE,intercept,1.5173194963665123e6,1.402559917227149e6,1.6318840448004808e6
3,2023-02-20,DE,DE,holiday,0.0,0.0,0.0
3,2023-02-20,DE,DE,seasonality,694253.6660435245,579124.5365003481,809500.3753294154
4,2023-02-27,UK,UK,intercept,1.4851759079997e6,1.3548164698294883e6,1.5964220799195594e6
4,2023-02-27,UK,UK,holiday,0.0,0.0,0.0
4,2023-02-27,UK,UK,seasonality,637060.0735923252,525817.3527275546,742127.9875665687
4,2023-02-27,FR,FR,intercept,1.5194208103121747e6,1.402527502569883e6,1.6333336337843963e6
4,2023-02-27,FR,FR,holiday,0.0,0.0,0.0
4,2023-02-27,FR,FR,seasonality,633441.3087057936,519486.80668093916,737080.7651403317
4,2023-02-27,DE,DE,intercept,1.5173194963665123e6,1.402559917227149e6,1.6318840448004808e6
4,2023-02-27,DE,DE,holiday,0.0,0.0,0.0
4,2023-02-27,DE,DE,seasonality,648132.7798992493,535742.1825958899,765628.0660370509
5,2023-03-06,UK,UK,intercept,1.4851759079997e6,1.3548164698294883e6,1.5964220799195594e6
5,2023-03-06,UK,UK,holiday,0.0,0.0,0.0
5,2023-03-06,UK,UK,seasonality,579986.3711441635,472747.9972479192,677740.6758436065
5,2023-03-06,FR,FR,intercept,1.5194208103121747e6,1.402527502569883e6,1.6333336337843963e6
5,2023-03-06,FR,FR,holiday,0.0,0.0,0.0
5,2023-03-06,FR,FR,seasonality,578282.9758187783,466505.5595846729,676031.1627309293
5,2023-03-06,DE,DE,intercept,1.5173194963665123e6,1.402559917227149e6,1.6318840448004808e6
5,2023-03-06,DE,DE,holiday,0.0,0.0,0.0
5,2023-03-06,DE,DE,seasonality,592865.1343245166,481791.0272176091,704839.9182859238
6,2023-03-13,UK,UK,intercept,1.4851759079997e6,1.3548164698294883e6,1.5964220799195594e6
6,2023-03-13,UK,UK,holiday,-87542.85156523508,-142230.36235198812,-31152.85374005116
6,2023-03-13,UK,UK,seasonality,515683.6358422169,418069.65289824473,604341.0444219034
6,2023-03-13,FR,FR,intercept,1.5194208103121747e6,1.402527502569883e6,1.6333336337843963e6
6,2023-03-13,FR,FR,holiday,0.0,0.0,0.0
6,2023-03-13,FR,FR,seasonality,516349.3266309424,405668.4408259589,607761.1499684881
6,2023-03-13,DE,DE,intercept,1.5173194963665123e6,1.402559917227149e6,1.6318840448004808e6
6,2023-03-13,DE,DE,holiday,0.0,0.0,0.0
6,2023-03-13,DE,DE,seasonality,530306.2742347722,416255.53600439645,642919.647706186
7,2023-03-20,UK,UK,intercept,1.4851759079997e6,1.3548164698294883e6,1.5964220799195594e6
7,2023-03-20,UK,UK,holiday,0.0,0.0,0.0
7,2023-03-20,UK,UK,seasonality,446168.49291024386,348732.70132487855,537192.8442390461
7,2023-03-20,FR,FR,intercept,1.5194208103121747e6,1.402527502569883e6,1.6333336337843963e6
7,2023-03-20,FR,FR,holiday,0.0,0.0,0.0
7,2023-03-20,FR,FR,seasonality,449507.0656172719,343337.9057120957,540211.2729773212
7,2023-03-20,DE,DE,intercept,1.5173194963665123e6,1.402559917227149e6,1.6318840448004808e6
7,2023-03-20,DE,DE,holiday,0.0,0.0,0.0
7,2023-03-20,DE,DE,seasonality,462342.58696481824,350599.7437253238,570877.3379404568
8,2023-03-27,UK,UK,intercept,1.4851759079997e6,1.3548164698294883e6,1.5964220799195594e6
8,2023-03-27,UK,UK,holiday,0.0,0.0,0.0
8,2023-03-27,UK,UK,seasonality,373402.83267692075,282711.1364398088,462994.47341492726
8,2023-03-27,FR,FR,intercept,1.5194208103121747e6,1.402527502569883e6,1.6333336337843963e6
8,2023-03-27,FR,FR,holiday,0.0,0.0,0.0
8,2023-03-27,FR,FR,seasonality,379545.6706200045,276536.90688213834,467975.5734830331
8,2023-03-27,DE,DE,intercept,1.5173194963665123e6,1.402559917227149e6,1.6318840448004808e6
8,2023-03-27,DE,DE,holiday,0.0,0.0,0.0
8,2023-03-27,DE,DE,seasonality,390807.39445162326,278967.6572349793,499698.7212070694
9,2023-04-03,UK,UK,intercept,1.4851759079997e6,1.3548164698294883e6,1.5964220799195594e6
9,2023-04-03,UK,UK,holiday,-87542.85156523508,-142230.36235198812,-31152.85374005116
9,2023-04-03,UK,UK,seasonality,299210.26632434555,210359.94357596422,390528.7260251771
9,2023-04-03,FR,FR,intercept,1.5194208103121747e6,1.402527502569883e6,1.6333336337843963e6
9,2023-04-03,FR,FR,holiday,0.0,0.0,0.0
9,2023-04-03,FR,FR,seasonality,308104.06303006323,212303.69255642244,394561.54782099236
9,2023-04-03,DE,DE,intercept,1.5173194963665123e6,1.402559917227149e6,1.6318840448004808e6
9,2023-04-03,DE,DE,holiday,-89298.20137947115,-145082.26899735534,-31777.509609123146
9,2023-04-03,DE,DE,seasonality,317405.39516847726,209788.60853650348,419965.3452828068
10,2023-04-10,UK,UK,intercept,1.4851759079997e6,1.3548164698294883e6,1.5964220799195594e6
10,2023-04-10,UK,UK,holiday,-87542.85156523508,-142230.36235198812,-31152.85374005116
10,2023-04-10,UK,UK,seasonality,225205.2832362808,136296.74648975176,315972.15578520106
10,2023-04-10,FR,FR,intercept,1.5194208103121747e6,1.402527502569883e6,1.6333336337843963e6
10,2023-04-10,FR,FR,holiday,-88420.94539555056,-143656.99629675687,-31465.33075190032
10,2023-04-10,FR,FR,seasonality,236610.75620644115,144540.2174709925,323067.3374733915
10,2023-04-10,DE,DE,intercept,1.5173194963665123e6,1.402559917227149e6,1.6318840448004808e6
10,2023-04-10,DE,DE,holiday,-89298.20137947115,-145082.26899735534,-31777.509609123146
10,2023-04-10,DE,DE,seasonality,243649.37881400567,141681.82821628137,343570.0538201787
11,2023-04-17,UK,UK,intercept,1.4851759079997e6,1.3548164698294883e6,1.5964220799195594e6
11,2023-04-17,UK,UK,holiday,0.0,0.0,0.0
11,2023-04-17,UK,UK,seasonality,152738.70059609573,59989.337437185735,250590.36940256145
11,2023-04-17,FR,FR,intercept,1.5194208103121747e6,1.402527502569883e6,1.6333336337843963e6
11,2023-04-17,FR,FR,holiday,0.0,0.0,0.0
11,2023-04-17,FR,FR,seasonality,166240.4335784879,76872.60543703842,252581.88659322637
11,2023-04-17,DE,DE,intercept,1.5173194963665123e6,1.402559917227149e6,1.6318840448004808e6
11,2023-04-17,DE,DE,holiday,0.0,0.0,0.0
11,2023-04-17,DE,DE,seasonality,170812.3581427348,76744.54753173003,266117.46696274675
12,2023-04-24,UK,UK,intercept,1.4851759079997e6,1.3548164698294883e6,1.5964220799195594e6
12,2023-04-24,UK,UK,holiday,0.0,0.0,0.0
12,2023-04-24,UK,UK,seasonality,82861.99433771054,-11095.041561821998,179305.51660355696
12,2023-04-24,FR,FR,intercept,1.5194208103121747e6,1.402527502569883e6,1.6333336337843963e6
12,2023-04-24,FR,FR,holiday,0.0,0.0,0.0
12,2023-04-24,FR,FR,seasonality,97888.89748142776,6569.178742120321,186289.127733953
12,2023-04-24,DE,DE,intercept,1.5173194963665123e6,1.402559917227149e6,1.6318840448004808e6
12,2023-04-24,DE,DE,holiday,0.0,0.0,0.0
12,2023-04-24,DE,DE,seasonality,99897.30957407142,5081.9313119910785,190720.33281103068
13,2023-05-01,UK,UK,intercept,1.4851759079997e6,1.3548164698294883e6,1.5964220799195594e6
13,2023-05-01,UK,UK,holiday,-87542.85156523508,-142230.36235198812,-31152.85374005116
13,2023-05-01,UK,UK,seasonality,16311.957664773025,-80141.70687286396,115878.002175535
13,2023-05-01,FR,FR,intercept,1.5194208103121747e6,1.402527502569883e6,1.6333336337843963e6
13,2023-05-01,FR,FR,holiday,-88420.94539555056,-143656.99629675687,-31465.33075190032
13,2023-05-01,FR,FR,seasonality,32167.215528353518,-60228.614940830084,124633.78378892127
13,2023-05-01,DE,DE,intercept,1.5173194963665123e6,1.402559917227149e6,1.6318840448004808e6
13,2023-05-01,DE,DE,holiday,-89298.20137947115,-145082.26899735534,-31777.509609123146
13,2023-05-01,DE,DE,seasonality,31625.64323786201,-63778.248420082266,124616.55665025597
14,2023-05-08,UK,UK,intercept,1.4851759079997e6,1.3548164698294883e6,1.5964220799195594e6
14,2023-05-08,UK,UK,holiday,0.0,0.0,0.0
14,2023-05-08,UK,UK,seasonality,-46484.08413926657,-147945.61439553482,55167.14976460741
14,2023-05-08,FR,FR,intercept,1.5194208103121747e6,1.402527502569883e6,1.6333336337843963e6
14,2023-05-08,FR,FR,holiday,-88420.94539555056,-143656.99629675687,-31465.33075190032
14,2023-05-08,FR,FR,seasonality,-30585.26168178218,-123611.8694179392,63702.74142838364
14,2023-05-08,DE,DE,intercept,1.5173194963665123e6,1.402559917227149e6,1.6318840448004808e6
14,2023-05-08,DE,DE,holiday,0.0,0.0,0.0
14,2023-05-08,DE,DE,seasonality,-33555.60348425253,-133128.35695948807,66177.22644728552
15,2023-05-15,UK,UK,intercept,1.4851759079997e6,1.3548164698294883e6,1.5964220799195594e6
15,2023-05-15,UK,UK,holiday,0.0,0.0,0.0
15,2023-05-15,UK,UK,seasonality,-105383.49506988082,-204442.93667685142,-4729.101554183892
15,2023-05-15,FR,FR,intercept,1.5194208103121747e6,1.402527502569883e6,1.6333336337843963e6
15,2023-05-15,FR,FR,holiday,-88420.94539555056,-143656.99629675687,-31465.33075190032
15,2023-05-15,FR,FR,seasonality,-90270.46227803254,-185342.19684064144,1443.5021787714934
15,2023-05-15,DE,DE,intercept,1.5173194963665123e6,1.402559917227149e6,1.6318840448004808e6
15,2023-05-15,DE,DE,holiday,-89298.20137947115,-145082.26899735534,-31777.509609123146
15,2023-05-15,DE,DE,seasonality,-95448.9713938892,-195350.80343829253,1281.9398888548103
16,2023-05-22,UK,UK,intercept,1.4851759079997e6,1.3548164698294883e6,1.5964220799195594e6
16,2023-05-22,UK,UK,holiday,0.0,0.0,0.0
16,2023-05-22,UK,UK,seasonality,-160486.13227094302,-256381.41884832617,-56777.640025016
16,2023-05-22,FR,FR,intercept,1.5194208103121747e6,1.402527502569883e6,1.6333336337843963e6
16,2023-05-22,FR,FR,holiday,0.0,0.0,0.0
16,2023-05-22,FR,FR,seasonality,-146986.2157002911,-248234.5540735598,-50940.39130105308
16,2023-05-22,DE,DE,intercept,1.5173194963665123e6,1.402559917227149e6,1.6318840448004808e6
16,2023-05-22,DE,DE,holiday,0.0,0.0,0.0
16,2023-05-22,DE,DE,seasonality,-154066.34785762095,-253943.39596389633,-56618.934683347456
17,2023-05-29,UK,UK,intercept,1.4851759079997e6,1.3548164698294883e6,1.5964220799195594e6
17,2023-05-29,UK,UK,holiday,-87542.85156523508,-142230.36235198812,-31152.85374005116
17,2023-05-29,UK,UK,seasonality,-212077.89837885107,-308169.63238685305,-113711.2971712861
17,2023-05-29,FR,FR,intercept,1.5194208103121747e6,1.402527502569883e6,1.6333336337843963e6
17,2023-05-29,FR,FR,holiday,-88420.94539555056,-143656.99629675687,-31465.33075190032
17,2023-05-29,FR,FR,seasonality,-200969.294562485,-304912.3261813167,-100329.83137996051
17,2023-05-29,DE,DE,intercept,1.5173194963665123e6,1.402559917227149e6,1.6318840448004808e6
17,2023-05-29,DE,DE,holiday,-89298.20137947115,-145082.26899735534,-31777.509609123146
17,2023-05-29,DE,DE,seasonality,-209576.36808376334,-311176.0319420513,-108404.47631272179
18,2023-06-05,UK,UK,intercept,1.4851759079997e6,1.3548164698294883e6,1.5964220799195594e6
18,2023-06-05,UK,UK,holiday,0.0,0.0,0.0
18,2023-06-05,UK,UK,seasonality,-260564.03460643365,-358285.9903738767,-163563.7652670906
18,2023-06-05,FR,FR,intercept,1.5194208103121747e6,1.402527502569883e6,1.6333336337843963e6
18,2023-06-05,FR,FR,holiday,0.0,0.0,0.0
18,2023-06-05,FR,FR,seasonality,-252530.90661506628,-355157.0519186159,-147635.11974636454
18,2023-06-05,DE,DE,intercept,1.5173194963665123e6,1.402559917227149e6,1.6318840448004808e6
18,2023-06-05,DE,DE,holiday,0.0,0.0,0.0
18,2023-06-05,DE,DE,seasonality,-262243.237190634,-363893.8443703405,-159835.96390474675
19,2023-06-12,UK,UK,intercept,1.4851759079997e6,1.3548164698294883e6,1.5964220799195594e6
19,2023-06-12,UK,UK,holiday,0.0,0.0,0.0
19,2023-06-12,UK,UK,seasonality,-306396.73206384253,-407888.39047818014,-205937.45740360394
19,2023-06-12,FR,FR,intercept,1.5194208103121747e6,1.402527502569883e6,1.6333336337843963e6
19,2023-06-12,FR,FR,holiday,0.0,0.0,0.0
19,2023-06-12,FR,FR,seasonality,-301989.0966071174,-404229.98948890175,-197805.84546309218
19,2023-06-12,DE,DE,intercept,1.5173194963665123e6,1.402559917227149e6,1.6318840448004808e6
19,2023-06-12,DE,DE,holiday,0.0,0.0,0.0
19,2023-06-12,DE,DE,seasonality,-312361.24938010616,-413459.2180264728,-208695.91156554443
20,2023-06-19,UK,UK,intercept,1.4851759079997e6,1.3548164698294883e6,1.5964220799195594e6
20,2023-06-19,UK,UK,holiday,0.0,0.0,0.0
20,2023-06-19,UK,UK,seasonality,-350001.94929685094,-448329.1020212398,-251739.42552623834
20,2023-06-19,FR,FR,intercept,1.5194208103121747e6,1.402527502569883e6,1.6333336337843963e6
20,2023-06-19,FR,FR,holiday,0.0,0.0,0.0
20,2023-06-19,FR,FR,seasonality,-349602.6787409186,-451219.53894797,-246084.92086515267
20,2023-06-19,DE,DE,intercept,1.5173194963665123e6,1.402559917227149e6,1.6318840448004808e6
20,2023-06-19,DE,DE,holiday,0.0,0.0,0.0
20,2023-06-19,DE,DE,seasonality,-360189.51132346754,-460479.4696055008,-256749.0473043981
21,2023-06-26,UK,UK,intercept,1.4851759079997e6,1.3548164698294883e6,1.5964220799195594e6
21,2023-06-26,UK,UK,holiday,0.0,0.0,0.0
21,2023-06-26,UK,UK,seasonality,-391710.34208892024,-491893.63629714627,-288706.9465124644
21,2023-06-26,FR,FR,intercept,1.5194208103121747e6,1.402527502569883e6,1.6333336337843963e6
21,2023-06-26,FR,FR,holiday,0.0,0.0,0.0
21,2023-06-26,FR,FR,seasonality,-395511.2041815812,-497017.75460853305,-292678.53225352545
21,2023-06-26,DE,DE,intercept,1.5173194963665123e6,1.402559917227149e6,1.6318840448004808e6
21,2023-06-26,DE,DE,holiday,0.0,0.0,0.0
21,2023-06-26,DE,DE,seasonality,-405891.33696837357,-512557.2660335997,-303951.8716952895
22,2023-07-03,UK,UK,intercept,1.4851759079997e6,1.3548164698294883e6,1.5964220799195594e6
22,2023-07-03,UK,UK,holiday,0.0,0.0,0.0
22,2023-07-03,UK,UK,seasonality,-431696.9365812463,-523242.9303631884,-328490.67711387255
22,2023-07-03,FR,FR,intercept,1.5194208103121747e6,1.402527502569883e6,1.6333336337843963e6
22,2023-07-03,FR,FR,holiday,0.0,0.0,0.0
22,2023-07-03,FR,FR,seasonality,-439685.0818441523,-541035.7865898841,-337490.1793997958
22,2023-07-03,DE,DE,intercept,1.5173194963665123e6,1.402559917227149e6,1.6318840448004808e6
22,2023-07-03,DE,DE,holiday,0.0,0.0,0.0
22,2023-07-03,DE,DE,seasonality,-449482.4730961827,-559285.0615813043,-349227.7476055382
23,2023-07-10,UK,UK,intercept,1.4851759079997e6,1.3548164698294883e6,1.5964220799195594e6
23,2023-07-10,UK,UK,holiday,-87542.85156523508,-142230.36235198812,-31152.85374005116
23,2023-07-10,UK,UK,seasonality,-469933.6251325458,-564015.4042787891,-360294.29719477583
23,2023-07-10,FR,FR,intercept,1.5194208103121747e6,1.402527502569883e6,1.6333336337843963e6
23,2023-07-10,FR,FR,holiday,-88420.94539555056,-143656.99629675687,-31465.33075190032
23,2023-07-10,FR,FR,seasonality,-481889.33727339114,-580239.4660268379,-374316.8266875667
23,2023-07-10,DE,DE,intercept,1.5173194963665123e6,1.402559917227149e6,1.6318840448004808e6
23,2023-07-10,DE,DE,holiday,0.0,0.0,0.0
23,2023-07-10,DE,DE,seasonality,-490791.7574231358,-596144.8713990696,-384717.2228469918
24,2023-07-17,UK,UK,intercept,1.4851759079997e6,1.3548164698294883e6,1.5964220799195594e6
24,2023-07-17,UK,UK,holiday,0.0,0.0,0.0
24,2023-07-17,UK,UK,seasonality,-506157.7685885568,-603804.7896274896,-397664.6216433163
24,2023-07-17,FR,FR,intercept,1.5194208103121747e6,1.402527502569883e6,1.6333336337843963e6
24,2023-07-17,FR,FR,holiday,0.0,0.0,0.0
24,2023-07-17,FR,FR,seasonality,-521663.65110396204,-619048.8608484812,-411317.24115778005
24,2023-07-17,DE,DE,intercept,1.5173194963665123e6,1.402559917227149e6,1.6318840448004808e6
24,2023-07-17,DE,DE,holiday,0.0,0.0,0.0
24,2023-07-17,DE,DE,seasonality,-529437.0367208178,-632419.206290028,-424512.63182750356
25,2023-07-24,UK,UK,intercept,1.4851759079997e6,1.3548164698294883e6,1.5964220799195594e6
25,2023-07-24,UK,UK,holiday,0.0,0.0,0.0
25,2023-07-24,UK,UK,seasonality,-539859.1954972033,-635192.6121713225,-431131.9739149982
25,2023-07-24,FR,FR,intercept,1.5194208103121747e6,1.402527502569883e6,1.6333336337843963e6
25,2023-07-24,FR,FR,holiday,0.0,0.0,0.0
25,2023-07-24,FR,FR,seasonality,-558320.3148317323,-654388.5163899836,-449248.5068045761
25,2023-07-24,DE,DE,intercept,1.5173194963665123e6,1.402559917227149e6,1.6318840448004808e6
25,2023-07-24,DE,DE,holiday,0.0,0.0,0.0
25,2023-07-24,DE,DE,seasonality,-564818.2268467947,-674501.2139503997,-462180.73545662896
26,2023-07-31,UK,UK,intercept,1.4851759079997e6,1.3548164698294883e6,1.5964220799195594e6
26,2023-07-31,UK,UK,holiday,0.0,0.0,0.0
26,2023-07-31,UK,UK,seasonality,-570286.7565329404,-665494.0099309972,-458055.3939238795
26,2023-07-31,FR,FR,intercept,1.5194208103121747e6,1.402527502569883e6,1.6333336337843963e6
26,2023-07-31,FR,FR,holiday,0.0,0.0,0.0
26,2023-07-31,FR,FR,seasonality,-590960.6363062786,-685967.6282687465,-479589.5948891565
26,2023-07-31,DE,DE,intercept,1.5173194963665123e6,1.402559917227149e6,1.6318840448004808e6
26,2023-07-31,DE,DE,holiday,0.0,0.0,0.0
26,2023-07-31,DE,DE,seasonality,-596128.3352433776,-699756.8214967051,-497534.1831085247
27,2023-08-07,UK,UK,intercept,1.4851759079997e6,1.3548164698294883e6,1.5964220799195594e6
27,2023-08-07,UK,UK,holiday,-87542.85156523508,-142230.36235198812,-31152.85374005116
27,2023-08-07,UK,UK,seasonality,-596474.387358343,-693521.6445273767,-485600.8967404304
27,2023-08-07,FR,FR,intercept,1.5194208103121747e6,1.402527502569883e6,1.6333336337843963e6
27,2023-08-07,FR,FR,holiday,0.0,0.0,0.0
27,2023-08-07,FR,FR,seasonality,-618509.1853009382,-713061.9389263078,-510124.57169062796
27,2023-08-07,DE,DE,intercept,1.5173194963665123e6,1.402559917227149e6,1.6318840448004808e6
27,2023-08-07,DE,DE,holiday,0.0,0.0,0.0
27,2023-08-07,DE,DE,seasonality,-622382.1516835621,-724701.3398585763,-520950.868689944
28,2023-08-14,UK,UK,intercept,1.4851759079997e6,1.3548164698294883e6,1.5964220799195594e6
28,2023-08-14,UK,UK,holiday,0.0,0.0,0.0
28,2023-08-14,UK,UK,seasonality,-617285.4260134347,-716589.4579507137,-505405.21799889073
28,2023-08-14,FR,FR,intercept,1.5194208103121747e6,1.402527502569883e6,1.6333336337843963e6
28,2023-08-14,FR,FR,holiday,-88420.94539555056,-143656.99629675687,-31465.33075190032
28,2023-08-14,FR,FR,seasonality,-639764.157767276,-737419.9725873302,-535416.4681997773
28,2023-08-14,DE,DE,intercept,1.5173194963665123e6,1.402559917227149e6,1.6318840448004808e6
28,2023-08-14,DE,DE,holiday,0.0,0.0,0.0
28,2023-08-14,DE,DE,seasonality,-642461.210293842,-746334.105924917,-537861.1961706246
29,2023-08-21,UK,UK,intercept,1.4851759079997e6,1.3548164698294883e6,1.5964220799195594e6
29,2023-08-21,UK,UK,holiday,0.0,0.0,0.0
29,2023-08-21,UK,UK,seasonality,-631472.7925353314,-733272.9076006308,-521001.4054862236
29,2023-08-21,FR,FR,intercept,1.5194208103121747e6,1.402527502569883e6,1.6333336337843963e6
29,2023-08-21,FR,FR,holiday,0.0,0.0,0.0
29,2023-08-21,FR,FR,seasonality,-653461.1212947705,-756678.7808858097,-550121.4295795786
29,2023-08-21,DE,DE,intercept,1.5173194963665123e6,1.402559917227149e6,1.6318840448004808e6
29,2023-08-21,DE,DE,holiday,0.0,0.0,0.0
29,2023-08-21,DE,DE,seasonality,-655172.60001661,-763996.3335277572,-554018.4466545442
30,2023-08-28,UK,UK,intercept,1.4851759079997e6,1.3548164698294883e6,1.5964220799195594e6
30,2023-08-28,UK,UK,holiday,-87542.85156523508,-142230.36235198812,-31152.85374005116
30,2023-08-28,UK,UK,seasonality,-637751.6358085092,-738174.8806819582,-528466.9134912547
30,2023-08-28,FR,FR,intercept,1.5194208103121747e6,1.402527502569883e6,1.6333336337843963e6
30,2023-08-28,FR,FR,holiday,0.0,0.0,0.0
30,2023-08-28,FR,FR,seasonality,-658346.5437646217,-763210.289201151,-556982.2391920872
30,2023-08-28,DE,DE,intercept,1.5173194963665123e6,1.402559917227149e6,1.6318840448004808e6
30,2023-08-28,DE,DE,holiday,0.0,0.0,0.0
30,2023-08-28,DE,DE,seasonality,-659318.3121597639,-763830.7984606236,-556977.4237307806
31,2023-09-04,UK,UK,intercept,1.4851759079997e6,1.3548164698294883e6,1.5964220799195594e6
31,2023-09-04,UK,UK,holiday,0.0,0.0,0.0
31,2023-09-04,UK,UK,seasonality,-634880.2447682307,-736970.1996497008,-530962.4856422392
31,2023-09-04,FR,FR,intercept,1.5194208103121747e6,1.402527502569883e6,1.6333336337843963e6
31,2023-09-04,FR,FR,holiday,0.0,0.0,0.0
31,2023-09-04,FR,FR,seasonality,-653256.8531565116,-755439.4649316906,-552396.1316232643
31,2023-09-04,DE,DE,intercept,1.5173194963665123e6,1.402559917227149e6,1.6318840448004808e6
31,2023-09-04,DE,DE,holiday,0.0,0.0,0.0
31,2023-09-04,DE,DE,seasonality,-653771.1150954119,-757418.8320824035,-554713.8284697983
32,2023-09-11,UK,UK,intercept,1.4851759079997e6,1.3548164698294883e6,1.5964220799195594e6
32,2023-09-11,UK,UK,holiday,0.0,0.0,0.0
32,2023-09-11,UK,UK,seasonality,-621744.4559361995,-728391.5464740226,-522404.78577294206
32,2023-09-11,FR,FR,intercept,1.5194208103121747e6,1.402527502569883e6,1.6333336337843963e6
32,2023-09-11,FR,FR,holiday,0.0,0.0,0.0
32,2023-09-11,FR,FR,seasonality,-637198.3679840286,-736295.6334312959,-535777.6238619534
32,2023-09-11,DE,DE,intercept,1.5173194963665123e6,1.402559917227149e6,1.6318840448004808e6
32,2023-09-11,DE,DE,holiday,0.0,0.0,0.0
32,2023-09-11,DE,DE,seasonality,-637552.4791452773,-746210.7787784983,-536021.6001306024
33,2023-09-18,UK,UK,intercept,1.4851759079997e6,1.3548164698294883e6,1.5964220799195594e6
33,2023-09-18,UK,UK,holiday,0.0,0.0,0.0
33,2023-09-18,UK,UK,seasonality,-597440.5007552605,-699122.4950405097,-499080.660453471
33,2023-09-18,FR,FR,intercept,1.5194208103121747e6,1.402527502569883e6,1.6333336337843963e6
33,2023-09-18,FR,FR,holiday,0.0,0.0,0.0
33,2023-09-18,FR,FR,seasonality,-609423.2997685871,-706077.5118141527,-508693.700468379
33,2023-09-18,DE,DE,intercept,1.5173194963665123e6,1.402559917227149e6,1.6318840448004808e6
33,2023-09-18,DE,DE,holiday,0.0,0.0,0.0
33,2023-09-18,DE,DE,seasonality,-609907.867492057,-712945.3292802625,-513098.71688978054
34,2023-09-25,UK,UK,intercept,1.4851759079997e6,1.3548164698294883e6,1.5964220799195594e6
34,2023-09-25,UK,UK,holiday,0.0,0.0,0.0
34,2023-09-25,UK,UK,seasonality,-561351.2422178334,-661739.9455408561,-468441.0340824603
34,2023-09-25,FR,FR,intercept,1.5194208103121747e6,1.402527502569883e6,1.6333336337843963e6
34,2023-09-25,FR,FR,holiday,0.0,0.0,0.0
34,2023-09-25,FR,FR,seasonality,-569497.1705540984,-662111.0584444937,-470243.3427663024
34,2023-09-25,DE,DE,intercept,1.5173194963665123e6,1.402559917227149e6,1.6318840448004808e6
34,2023-09-25,DE,DE,holiday,0.0,0.0,0.0
34,2023-09-25,DE,DE,seasonality,-570374.7748302903,-670981.5397331257,-475369.46081360127
35,2023-10-02,UK,UK,intercept,1.4851759079997e6,1.3548164698294883e6,1.5964220799195594e6
35,2023-10-02,UK,UK,holiday,0.0,0.0,0.0
35,2023-10-02,UK,UK,seasonality,-513211.0517198236,-615290.4663282229,-423329.47469632095
35,2023-10-02,FR,FR,intercept,1.5194208103121747e6,1.402527502569883e6,1.6333336337843963e6
35,2023-10-02,FR,FR,holiday,0.0,0.0,0.0
35,2023-10-02,FR,FR,seasonality,-517353.40277549194,-611015.5387413503,-419311.52504093
35,2023-10-02,DE,DE,intercept,1.5173194963665123e6,1.402559917227149e6,1.6318840448004808e6
35,2023-10-02,DE,DE,holiday,-89298.20137947115,-145082.26899735534,-31777.509609123146
35,2023-10-02,DE,DE,seasonality,-518839.23186270753,-616326.3005002617,-424866.7312127091
36,2023-10-09,UK,UK,intercept,1.4851759079997e6,1.3548164698294883e6,1.5964220799195594e6
36,2023-10-09,UK,UK,holiday,0.0,0.0,0.0
36,2023-10-09,UK,UK,seasonality,-453155.15767927986,-554593.1728690581,-359435.656191551
36,2023-10-09,FR,FR,intercept,1.5194208103121747e6,1.402527502569883e6,1.6333336337843963e6
36,2023-10-09,FR,FR,holiday,0.0,0.0,0.0
36,2023-10-09,FR,FR,seasonality,-453331.50308524224,-543706.1755535568,-358568.7401520814
36,2023-10-09,DE,DE,intercept,1.5173194963665123e6,1.402559917227149e6,1.6318840448004808e6
36,2023-10-09,DE,DE,holiday,0.0,0.0,0.0
36,2023-10-09,DE,DE,seasonality,-455577.08243234886,-552265.8679227439,-360376.6119545789
37,2023-10-16,UK,UK,intercept,1.4851759079997e6,1.3548164698294883e6,1.5964220799195594e6
37,2023-10-16,UK,UK,holiday,0.0,0.0,0.0
37,2023-10-16,UK,UK,seasonality,-381750.12481134647,-480690.7956341666,-288646.8827867136
37,2023-10-16,FR,FR,intercept,1.5194208103121747e6,1.402527502569883e6,1.6333336337843963e6
37,2023-10-16,FR,FR,holiday,0.0,0.0,0.0
37,2023-10-16,FR,FR,seasonality,-378196.13877234,-471557.8312627135,-286212.2371654451
37,2023-10-16,DE,DE,intercept,1.5173194963665123e6,1.402559917227149e6,1.6318840448004808e6
37,2023-10-16,DE,DE,holiday,0.0,0.0,0.0
37,2023-10-16,DE,DE,seasonality,-381277.14819373173,-474038.4661261393,-284188.17588736076
38,2023-10-23,UK,UK,intercept,1.4851759079997e6,1.3548164698294883e6,1.5964220799195594e6
38,2023-10-23,UK,UK,holiday,0.0,0.0,0.0
38,2023-10-23,UK,UK,seasonality,-300003.1502909061,-395877.0646303117,-204737.2275176646
38,2023-10-23,FR,FR,intercept,1.5194208103121747e6,1.402527502569883e6,1.6333336337843963e6
38,2023-10-23,FR,FR,holiday,0.0,0.0,0.0
38,2023-10-23,FR,FR,seasonality,-293135.44556743454,-384208.982260964,-211761.74425072092
38,2023-10-23,DE,DE,intercept,1.5173194963665123e6,1.402559917227149e6,1.6318840448004808e6
38,2023-10-23,DE,DE,holiday,0.0,0.0,0.0
38,2023-10-23,DE,DE,seasonality,-297044.37764856947,-390588.127523824,-199754.67570317982
39,2023-10-30,UK,UK,intercept,1.4851759079997e6,1.3548164698294883e6,1.5964220799195594e6
39,2023-10-30,UK,UK,holiday,0.0,0.0,0.0
39,2023-10-30,UK,UK,seasonality,-209349.03195787544,-300831.6783560775,-114126.32864145683
39,2023-10-30,FR,FR,intercept,1.5194208103121747e6,1.402527502569883e6,1.6333336337843963e6
39,2023-10-30,FR,FR,holiday,-88420.94539555056,-143656.99629675687,-31465.33075190032
39,2023-10-30,FR,FR,seasonality,-199738.04978561256,-288271.81679190195,-115037.15885811567
39,2023-10-30,DE,DE,intercept,1.5173194963665123e6,1.402559917227149e6,1.6318840448004808e6
39,2023-10-30,DE,DE,holiday,0.0,0.0,0.0
39,2023-10-30,DE,DE,seasonality,-204382.17634565808,-294807.6170622105,-104558.08273699235
40,2023-11-06,UK,UK,intercept,1.4851759079997e6,1.3548164698294883e6,1.5964220799195594e6
40,2023-11-06,UK,UK,holiday,0.0,0.0,0.0
40,2023-11-06,UK,UK,seasonality,-111614.9075347249,-197751.39893789132,-23456.02842407202
40,2023-11-06,FR,FR,intercept,1.5194208103121747e6,1.402527502569883e6,1.6333336337843963e6
40,2023-11-06,FR,FR,holiday,-88420.94539555056,-143656.99629675687,-31465.33075190032
40,2023-11-06,FR,FR,seasonality,-99949.47066356472,-190889.90079890893,-8033.73030385019
40,2023-11-06,DE,DE,intercept,1.5173194963665123e6,1.402559917227149e6,1.6318840448004808e6
40,2023-11-06,DE,DE,holiday,0.0,0.0,0.0
40,2023-11-06,DE,DE,seasonality,-105154.27038041057,-198040.9775131654,-9281.612876322995
41,2023-11-13,UK,UK,intercept,1.4851759079997e6,1.3548164698294883e6,1.5964220799195594e6
41,2023-11-13,UK,UK,holiday,0.0,0.0,0.0
41,2023-11-13,UK,UK,seasonality,-8964.111388508127,-94434.72386939188,77621.15235040971
41,2023-11-13,FR,FR,intercept,1.5194208103121747e6,1.402527502569883e6,1.6333336337843963e6
41,2023-11-13,FR,FR,holiday,0.0,0.0,0.0
41,2023-11-13,FR,FR,seasonality,3990.277215698383,-84052.90971988576,94202.6801490664
41,2023-11-13,DE,DE,intercept,1.5173194963665123e6,1.402559917227149e6,1.6318840448004808e6
41,2023-11-13,DE,DE,holiday,0.0,0.0,0.0
41,2023-11-13,DE,DE,seasonality,-1527.6000110886537,-94930.49646844123,92442.47820676955
42,2023-11-20,UK,UK,intercept,1.4851759079997e6,1.3548164698294883e6,1.5964220799195594e6
42,2023-11-20,UK,UK,holiday,0.0,0.0,0.0
42,2023-11-20,UK,UK,seasonality,96178.32481592562,9116.692795533174,174752.86587926903
42,2023-11-20,FR,FR,intercept,1.5194208103121747e6,1.402527502569883e6,1.6333336337843963e6
42,2023-11-20,FR,FR,holiday,0.0,0.0,0.0
42,2023-11-20,FR,FR,seasonality,109625.00243853233,21139.378123338152,201567.15344063676
42,2023-11-20,DE,DE,intercept,1.5173194963665123e6,1.402559917227149e6,1.6318840448004808e6
42,2023-11-20,DE,DE,holiday,0.0,0.0,0.0
42,2023-11-20,DE,DE,seasonality,104101.19130513075,10130.62323936152,200716.16742264226
43,2023-11-27,UK,UK,intercept,1.4851759079997e6,1.3548164698294883e6,1.5964220799195594e6
43,2023-11-27,UK,UK,holiday,-87542.85156523508,-142230.36235198812,-31152.85374005116
43,2023-11-27,UK,UK,seasonality,201214.95688901725,111895.87749741934,287027.873334097
43,2023-11-27,FR,FR,intercept,1.5194208103121747e6,1.402527502569883e6,1.6333336337843963e6
43,2023-11-27,FR,FR,holiday,0.0,0.0,0.0
43,2023-11-27,FR,FR,seasonality,214372.7938769103,124985.73662558645,309822.9703895663
43,2023-11-27,DE,DE,intercept,1.5173194963665123e6,1.402559917227149e6,1.6318840448004808e6
43,2023-11-27,DE,DE,holiday,0.0,0.0,0.0
43,2023-11-27,DE,DE,seasonality,209192.17615322975,110629.34075386869,307386.3831923868
44,2023-12-04,UK,UK,intercept,1.4851759079997e6,1.3548164698294883e6,1.5964220799195594e6
44,2023-12-04,UK,UK,holiday,0.0,0.0,0.0
44,2023-12-04,UK,UK,seasonality,303475.5788363088,208863.82162850813,392476.9893015988
44,2023-12-04,FR,FR,intercept,1.5194208103121747e6,1.402527502569883e6,1.6333336337843963e6
44,2023-12-04,FR,FR,holiday,0.0,0.0,0.0
44,2023-12-04,FR,FR,seasonality,315624.1383262179,223612.10551834924,411195.82701002044
44,2023-12-04,DE,DE,intercept,1.5173194963665123e6,1.402559917227149e6,1.6318840448004808e6
44,2023-12-04,DE,DE,holiday,0.0,0.0,0.0
44,2023-12-04,DE,DE,seasonality,311157.2343702021,208539.68874891885,411425.68447438587
45,2023-12-11,UK,UK,intercept,1.4851759079997e6,1.3548164698294883e6,1.5964220799195594e6
45,2023-12-11,UK,UK,holiday,0.0,0.0,0.0
45,2023-12-11,UK,UK,seasonality,400322.21571351506,304418.7368455939,497344.39579241595
45,2023-12-11,FR,FR,intercept,1.5194208103121747e6,1.402527502569883e6,1.6333336337843963e6
45,2023-12-11,FR,FR,holiday,0.0,0.0,0.0
45,2023-12-11,FR,FR,seasonality,410842.77256262663,318180.79837229534,507776.9830850595
45,2023-12-11,DE,DE,intercept,1.5173194963665123e6,1.402559917227149e6,1.6318840448004808e6
45,2023-12-11,DE,DE,holiday,0.0,0.0,0.0
45,2023-12-11,DE,DE,seasonality,407459.07354494144,303730.56998363865,504873.2300297426
46,2023-12-18,UK,UK,intercept,1.4851759079997e6,1.3548164698294883e6,1.5964220799195594e6
46,2023-12-18,UK,UK,holiday,0.0,0.0,0.0
46,2023-12-18,UK,UK,seasonality,489254.10990830616,385822.9237235011,591202.8359167286
46,2023-12-18,FR,FR,intercept,1.5194208103121747e6,1.402527502569883e6,1.6333336337843963e6
46,2023-12-18,FR,FR,holiday,0.0,0.0,0.0
46,2023-12-18,FR,FR,seasonality,497664.1693565273,396873.4557668961,595159.6240554434
46,2023-12-18,DE,DE,intercept,1.5173194963665123e6,1.402559917227149e6,1.6318840448004808e6
46,2023-12-18,DE,DE,holiday,0.0,0.0,0.0
46,2023-12-18,DE,DE,seasonality,495709.1927065294,389811.0179050473,596586.9600653407
47,2023-12-25,UK,UK,intercept,1.4851759079997e6,1.3548164698294883e6,1.5964220799195594e6
47,2023-12-25,UK,UK,holiday,-175085.70313047015,-284460.72470397624,-62305.70748010232
47,2023-12-25,UK,UK,seasonality,568007.3256709853,460826.2586575095,675748.251992698
47,2023-12-25,FR,FR,intercept,1.5194208103121747e6,1.402527502569883e6,1.6333336337843963e6
47,2023-12-25,FR,FR,holiday,-88420.94539555056,-143656.99629675687,-31465.33075190032
47,2023-12-25,FR,FR,seasonality,573986.6665820564,465175.29469837097,671221.1162265558
47,2023-12-25,DE,DE,intercept,1.5173194963665123e6,1.402559917227149e6,1.6318840448004808e6
47,2023-12-25,DE,DE,holiday,-178596.4027589423,-290164.53799471067,-63555.01921824629
47,2023-12-25,DE,DE,seasonality,573759.8369152406,464145.1211015275,676786.0325269104
48,2024-01-01,UK,UK,intercept,1.4851759079997e6,1.3548164698294883e6,1.5964220799195594e6
48,2024-01-01,UK,UK,holiday,-175085.70313047015,-284460.72470397624,-62305.70748010232
48,2024-01-01,UK,UK,seasonality,636779.024801238,524221.1337761489,740199.984484648
48,2024-01-01,FR,FR,intercept,1.5194208103121747e6,1.402527502569883e6,1.6333336337843963e6
48,2024-01-01,FR,FR,holiday,-88420.94539555056,-143656.99629675687,-31465.33075190032
48,2024-01-01,FR,FR,seasonality,640093.5980009852,526058.4394719357,739884.7850146625
48,2024-01-01,DE,DE,intercept,1.5173194963665123e6,1.402559917227149e6,1.6318840448004808e6
48,2024-01-01,DE,DE,holiday,-89298.20137947115,-145082.26899735534,-31777.509609123146
48,2024-01-01,DE,DE,seasonality,641901.6354371047,532590.7068692836,750039.1401639123
49,2024-01-08,UK,UK,intercept,1.4851759079997e6,1.3548164698294883e6,1.5964220799195594e6
49,2024-01-08,UK,UK,holiday,0.0,0.0,0.0
49,2024-01-08,UK,UK,seasonality,689250.4222815032,572469.8369440046,794787.6063328283
49,2024-01-08,FR,FR,intercept,1.5194208103121747e6,1.402527502569883e6,1.6333336337843963e6
49,2024-01-08,FR,FR,holiday,0.0,0.0,0.0
49,2024-01-08,FR,FR,seasonality,690039.0185457576,573908.3134985506,797195.7188796609
49,2024-01-08,DE,DE,intercept,1.5173194963665123e6,1.402559917227149e6,1.6318840448004808e6
49,2024-01-08,DE,DE,holiday,0.0,0.0,0.0
49,2024-01-08,DE,DE,seasonality,693962.8381446144,582199.8831999766,811820.6889932608
50,2024-01-15,UK,UK,intercept,1.4851759079997e6,1.3548164698294883e6,1.5964220799195594e6
50,2024-01-15,UK,UK,holiday,0.0,0.0,0.0
50,2024-01-15,UK,UK,seasonality,726954.8755664926,608500.501926167,834604.5143901011
50,2024-01-15,FR,FR,intercept,1.5194208103121747e6,1.402527502569883e6,1.6333336337843963e6
50,2024-01-15,FR,FR,holiday,0.0,0.0,0.0
50,2024-01-15,FR,FR,seasonality,725443.0953176591,609396.6696988157,832455.2082343985
50,2024-01-15,DE,DE,intercept,1.5173194963665123e6,1.402559917227149e6,1.6318840448004808e6
50,2024-01-15,DE,DE,holiday,0.0,0.0,0.0
50,2024-01-15,DE,DE,seasonality,731534.6838753723,613594.1314051698,848268.390100033
51,2024-01-22,UK,UK,intercept,1.4851759079997e6,1.3548164698294883e6,1.5964220799195594e6
51,2024-01-22,UK,UK,holiday,0.0,0.0,0.0
51,2024-01-22,UK,UK,seasonality,749316.8806676824,631747.2656189868,860091.290010135
51,2024-01-22,FR,FR,intercept,1.5194208103121747e6,1.402527502569883e6,1.6333336337843963e6
51,2024-01-22,FR,FR,holiday,0.0,0.0,0.0
51,2024-01-22,FR,FR,seasonality,745890.7099267846,626518.9012439477,858581.87581002
51,2024-01-22,DE,DE,intercept,1.5173194963665123e6,1.402559917227149e6,1.6318840448004808e6
51,2024-01-22,DE,DE,holiday,0.0,0.0,0.0
51,2024-01-22,DE,DE,seasonality,754099.6090766144,638160.4801319648,872979.9546578072
52,2024-01-29,UK,UK,intercept,1.4851759079997e6,1.3548164698294883e6,1.5964220799195594e6
52,2024-01-29,UK,UK,holiday,0.0,0.0,0.0
52,2024-01-29,UK,UK,seasonality,756261.0128861008,641325.2937673703,868158.7733823641
52,2024-01-29,FR,FR,intercept,1.5194208103121747e6,1.402527502569883e6,1.6333336337843963e6
52,2024-01-29,FR,FR,holiday,0.0,0.0,0.0
52,2024-01-29,FR,FR,seasonality,751440.217359377,636292.0439345842,867569.2406229639
52,2024-01-29,DE,DE,intercept,1.5173194963665123e6,1.402559917227149e6,1.6318840448004808e6
52,2024-01-29,DE,DE,holiday,0.0,0.0,0.0
52,2024-01-29,DE,DE,seasonality,761612.0745361344,638122.854046004,878747.130286665
53,2024-02-05,UK,UK,intercept,1.4851759079997e6,1.3548164698294883e6,1.5964220799195594e6
53,2024-02-05,UK,UK,holiday,0.0,0.0,0.0
53,2024-02-05,UK,UK,seasonality,748198.679018645,632809.0460868018,861240.3058238729
53,2024-02-05,FR,FR,intercept,1.5194208103121747e6,1.402527502569883e6,1.6333336337843963e6
53,2024-02-05,FR,FR,holiday,0.0,0.0,0.0
53,2024-02-05,FR,FR,seasonality,742602.1391218688,626745.2912162093,857740.2570129861
53,2024-02-05,DE,DE,intercept,1.5173194963665123e6,1.402559917227149e6,1.6318840448004808e6
53,2024-02-05,DE,DE,holiday,0.0,0.0,0.0
53,2024-02-05,DE,DE,seasonality,754482.9901062696,627007.4562366568,870185.6808178894
54,2024-02-12,UK,UK,intercept,1.4851759079997e6,1.3548164698294883e6,1.5964220799195594e6
54,2024-02-12,UK,UK,holiday,0.0,0.0,0.0
54,2024-02-12,UK,UK,seasonality,725992.6071565888,614313.129825775,834633.098238045
54,2024-02-12,FR,FR,intercept,1.5194208103121747e6,1.402527502569883e6,1.6333336337843963e6
54,2024-02-12,FR,FR,holiday,0.0,0.0,0.0
54,2024-02-12,FR,FR,seasonality,720297.6624204981,605335.243751807,835360.8731412572
54,2024-02-12,DE,DE,intercept,1.5173194963665123e6,1.402559917227149e6,1.6318840448004808e6
54,2024-02-12,DE,DE,holiday,0.0,0.0,0.0
54,2024-02-12,DE,DE,seasonality,733543.7652796273,609089.471563165,848645.8431546786
55,2024-02-19,UK,UK,intercept,1.4851759079997e6,1.3548164698294883e6,1.5964220799195594e6
55,2024-02-19,UK,UK,holiday,0.0,0.0,0.0
55,2024-02-19,UK,UK,seasonality,690901.294132037,583113.792001404,801499.6974794968
55,2024-02-19,FR,FR,intercept,1.5194208103121747e6,1.402527502569883e6,1.6333336337843963e6
55,2024-02-19,FR,FR,holiday,0.0,0.0,0.0
55,2024-02-19,FR,FR,seasonality,685799.5151224087,569625.0704832724,796192.4565415488
55,2024-02-19,DE,DE,intercept,1.5173194963665123e6,1.402559917227149e6,1.6318840448004808e6
55,2024-02-19,DE,DE,holiday,0.0,0.0,0.0
55,2024-02-19,DE,DE,seasonality,699992.2378013445,584181.2309932362,813723.3466223605
56,2024-02-26,UK,UK,intercept,1.4851759079997e6,1.3548164698294883e6,1.5964220799195594e6
56,2024-02-26,UK,UK,holiday,0.0,0.0,0.0
56,2024-02-26,UK,UK,seasonality,644506.7005176113,534868.4864683056,749513.4279579604
56,2024-02-26,FR,FR,intercept,1.5194208103121747e6,1.402527502569883e6,1.6333336337843963e6
56,2024-02-26,FR,FR,holiday,0.0,0.0,0.0
56,2024-02-26,FR,FR,seasonality,640658.7154814457,528143.4699146199,746021.5216597589
56,2024-02-26,DE,DE,intercept,1.5173194963665123e6,1.402559917227149e6,1.6318840448004808e6
56,2024-02-26,DE,DE,holiday,0.0,0.0,0.0
56,2024-02-26,DE,DE,seasonality,655323.6894583064,540488.190508665,775003.2930476982
57,2024-03-04,UK,UK,intercept,1.4851759079997e6,1.3548164698294883e6,1.5964220799195594e6
57,2024-03-04,UK,UK,holiday,0.0,0.0,0.0
57,2024-03-04,UK,UK,seasonality,588629.3618298827,480351.75610206515,688130.0401101183
57,2024-03-04,FR,FR,intercept,1.5194208103121747e6,1.402527502569883e6,1.6333336337843963e6
57,2024-03-04,FR,FR,holiday,0.0,0.0,0.0
57,2024-03-04,FR,FR,seasonality,586621.4216350495,475163.7588280807,686061.0228107808
57,2024-03-04,DE,DE,intercept,1.5173194963665123e6,1.402559917227149e6,1.6318840448004808e6
57,2024-03-04,DE,DE,holiday,0.0,0.0,0.0
57,2024-03-04,DE,DE,seasonality,601250.9286304257,491373.65306114376,714048.2426496431
58,2024-03-11,UK,UK,intercept,1.4851759079997e6,1.3548164698294883e6,1.5964220799195594e6
58,2024-03-11,UK,UK,holiday,-87542.85156523508,-142230.36235198812,-31152.85374005116
58,2024-03-11,UK,UK,seasonality,525235.7227835136,426101.84461828606,614077.6086243695
58,2024-03-11,FR,FR,intercept,1.5194208103121747e6,1.402527502569883e6,1.6333336337843963e6
58,2024-03-11,FR,FR,holiday,0.0,0.0,0.0
58,2024-03-11,FR,FR,seasonality,525540.5880741758,415731.3882939265,616409.3006373046
58,2024-03-11,DE,DE,intercept,1.5173194963665123e6,1.402559917227149e6,1.6318840448004808e6
58,2024-03-11,DE,DE,holiday,0.0,0.0,0.0
58,2024-03-11,DE,DE,seasonality,539617.9599602108,426774.462055563,652636.7013321115
59,2024-03-18,UK,UK,intercept,1.4851759079997e6,1.3548164698294883e6,1.5964220799195594e6
59,2024-03-18,UK,UK,holiday,-87542.85156523508,-142230.36235198812,-31152.85374005116
59,2024-03-18,UK,UK,seasonality,456342.8635300433,359679.67630087625,546767.200647335
59,2024-03-18,FR,FR,intercept,1.5194208103121747e6,1.402527502569883e6,1.6333336337843963e6
59,2024-03-18,FR,FR,holiday,0.0,0.0,0.0
59,2024-03-18,FR,FR,seasonality,459287.3481158255,351724.84563427395,550297.5758880025
59,2024-03-18,DE,DE,intercept,1.5173194963665123e6,1.402559917227149e6,1.6318840448004808e6
59,2024-03-18,DE,DE,holiday,0.0,0.0,0.0
59,2024-03-18,DE,DE,seasonality,472312.04268838844,360686.0658228439,581182.0124382629
60,2024-03-25,UK,UK,intercept,1.4851759079997e6,1.3548164698294883e6,1.5964220799195594e6
60,2024-03-25,UK,UK,holiday,-87542.85156523508,-142230.36235198812,-31152.85374005116
60,2024-03-25,UK,UK,seasonality,383925.8531498514,291704.45063659543,474516.8950423209
60,2024-03-25,FR,FR,intercept,1.5194208103121747e6,1.402527502569883e6,1.6333336337843963e6
60,2024-03-25,FR,FR,holiday,0.0,0.0,0.0
60,2024-03-25,FR,FR,seasonality,389666.97191391187,285724.2217022862,478562.2231013935
60,2024-03-25,DE,DE,intercept,1.5173194963665123e6,1.402559917227149e6,1.6318840448004808e6
60,2024-03-25,DE,DE,holiday,-89298.20137947115,-145082.26899735534,-31777.509609123146
60,2024-03-25,DE,DE,seasonality,401178.9458730667,290790.43980483233,509149.9610243172
61,2024-04-01,UK,UK,intercept,1.4851759079997e6,1.3548164698294883e6,1.5964220799195594e6
61,2024-04-01,UK,UK,holiday,-87542.85156523508,-142230.36235198812,-31152.85374005116
61,2024-04-01,UK,UK,seasonality,309832.73363863595,219650.44583285222,401810.026823087
61,2024-04-01,FR,FR,intercept,1.5194208103121747e6,1.402527502569883e6,1.6333336337843963e6
61,2024-04-01,FR,FR,holiday,-88420.94539555056,-143656.99629675687,-31465.33075190032
61,2024-04-01,FR,FR,seasonality,318343.9039756475,220755.6824933636,405778.69651930354
61,2024-04-01,DE,DE,intercept,1.5173194963665123e6,1.402559917227149e6,1.6318840448004808e6
61,2024-04-01,DE,DE,holiday,-89298.20137947115,-145082.26899735534,-31777.509609123146
61,2024-04-01,DE,DE,seasonality,327945.94172329694,218975.68533950526,431503.5641136612
62,2024-04-08,UK,UK,intercept,1.4851759079997e6,1.3548164698294883e6,1.5964220799195594e6
62,2024-04-08,UK,UK,holiday,0.0,0.0,0.0
62,2024-04-08,UK,UK,seasonality,235711.6217977686,146902.4453526497,326587.72100223723
62,2024-04-08,FR,FR,intercept,1.5194208103121747e6,1.402527502569883e6,1.6333336337843963e6
62,2024-04-08,FR,FR,holiday,0.0,0.0,0.0
62,2024-04-08,FR,FR,seasonality,246779.78363376972,153348.52065819857,333136.5716829208
62,2024-04-08,DE,DE,intercept,1.5173194963665123e6,1.402559917227149e6,1.6318840448004808e6
62,2024-04-08,DE,DE,holiday,0.0,0.0,0.0
62,2024-04-08,DE,DE,seasonality,254156.55423987593,151070.10736831016,354842.907029973
63,2024-04-15,UK,UK,intercept,1.4851759079997e6,1.3548164698294883e6,1.5964220799195594e6
63,2024-04-15,UK,UK,holiday,0.0,0.0,0.0
63,2024-04-15,UK,UK,seasonality,162953.64766739908,70411.07508368595,260689.3425102413
63,2024-04-15,FR,FR,intercept,1.5194208103121747e6,1.402527502569883e6,1.6333336337843963e6
63,2024-04-15,FR,FR,holiday,0.0,0.0,0.0
63,2024-04-15,FR,FR,seasonality,176187.5322293676,85228.4798792619,263810.92973864847
63,2024-04-15,DE,DE,intercept,1.5173194963665123e6,1.402559917227149e6,1.6318840448004808e6
63,2024-04-15,DE,DE,holiday,0.0,0.0,0.0
63,2024-04-15,DE,DE,seasonality,181120.33063571426,86295.55449625224,276664.3595301534
64,2024-04-22,UK,UK,intercept,1.4851759079997e6,1.3548164698294883e6,1.5964220799195594e6
64,2024-04-22,UK,UK,holiday,0.0,0.0,0.0
64,2024-04-22,UK,UK,seasonality,92654.4718103541,-1555.5095080281062,188915.12629735688
64,2024-04-22,FR,FR,intercept,1.5194208103121747e6,1.402527502569883e6,1.6333336337843963e6
64,2024-04-22,FR,FR,holiday,0.0,0.0,0.0
64,2024-04-22,FR,FR,seasonality,107503.60021776488,17640.035744012643,196073.51987584407
64,2024-04-22,DE,DE,intercept,1.5173194963665123e6,1.402559917227149e6,1.6318840448004808e6
64,2024-04-22,DE,DE,holiday,0.0,0.0,0.0
64,2024-04-22,DE,DE,seasonality,109879.97191082443,15752.108434117945,200957.8252718116
65,2024-04-29,UK,UK,intercept,1.4851759079997e6,1.3548164698294883e6,1.5964220799195594e6
65,2024-04-29,UK,UK,holiday,0.0,0.0,0.0
65,2024-04-29,UK,UK,seasonality,25595.997119881842,-69954.89215584856,125531.44968894297
65,2024-04-29,FR,FR,intercept,1.5194208103121747e6,1.402527502569883e6,1.6333336337843963e6
65,2024-04-29,FR,FR,holiday,-88420.94539555056,-143656.99629675687,-31465.33075190032
65,2024-04-29,FR,FR,seasonality,41379.36411078087,-52921.8627050439,132529.4289513554
65,2024-04-29,DE,DE,intercept,1.5173194963665123e6,1.402559917227149e6,1.6318840448004808e6
65,2024-04-29,DE,DE,holiday,-89298.20137947115,-145082.26899735534,-31777.509609123146
65,2024-04-29,DE,DE,seasonality,41197.101153408825,-54506.1478751475,131548.65386202902
66,2024-05-06,UK,UK,intercept,1.4851759079997e6,1.3548164698294883e6,1.5964220799195594e6
66,2024-05-06,UK,UK,holiday,-87542.85156523508,-142230.36235198812,-31152.85374005116
66,2024-05-06,UK,UK,seasonality,-37751.3202985926,-139441.94901135625,62369.06001117863
66,2024-05-06,FR,FR,intercept,1.5194208103121747e6,1.402527502569883e6,1.6333336337843963e6
66,2024-05-06,FR,FR,holiday,-176841.89079110112,-287313.99259351374,-62930.66150380064
66,2024-05-06,FR,FR,seasonality,-21808.488405739274,-114661.54907160498,73983.14597363559
66,2024-05-06,DE,DE,intercept,1.5173194963665123e6,1.402559917227149e6,1.6318840448004808e6
66,2024-05-06,DE,DE,holiday,-89298.20137947115,-145082.26899735534,-31777.509609123146
66,2024-05-06,DE,DE,seasonality,-24443.174505391013,-124016.1510984394,75332.33022595968
67,2024-05-13,UK,UK,intercept,1.4851759079997e6,1.3548164698294883e6,1.5964220799195594e6
67,2024-05-13,UK,UK,holiday,0.0,0.0,0.0
67,2024-05-13,UK,UK,seasonality,-97206.38166632016,-195534.3708010845,6013.527373872468
67,2024-05-13,FR,FR,intercept,1.5194208103121747e6,1.402527502569883e6,1.6333336337843963e6
67,2024-05-13,FR,FR,holiday,0.0,0.0,0.0
67,2024-05-13,FR,FR,seasonality,-81929.87955028584,-176717.94644096956,9699.57678969753
67,2024-05-13,DE,DE,intercept,1.5173194963665123e6,1.402559917227149e6,1.6318840448004808e6
67,2024-05-13,DE,DE,holiday,0.0,0.0,0.0
67,2024-05-13,DE,DE,seasonality,-86809.87436086914,-187294.2723970923,10032.266948690689
68,2024-05-20,UK,UK,intercept,1.4851759079997e6,1.3548164698294883e6,1.5964220799195594e6
68,2024-05-20,UK,UK,holiday,0.0,0.0,0.0
68,2024-05-20,UK,UK,seasonality,-152837.56571897483,-249037.95451915084,-49277.58238244283
68,2024-05-20,FR,FR,intercept,1.5194208103121747e6,1.402527502569883e6,1.6333336337843963e6
68,2024-05-20,FR,FR,holiday,-88420.94539555056,-143656.99629675687,-31465.33075190032
68,2024-05-20,FR,FR,seasonality,-139057.91102402765,-240577.99552732697,-45104.009608594315
68,2024-05-20,DE,DE,intercept,1.5173194963665123e6,1.402559917227149e6,1.6318840448004808e6
68,2024-05-20,DE,DE,holiday,-89298.20137947115,-145082.26899735534,-31777.509609123146
68,2024-05-20,DE,DE,seasonality,-145887.94917041008,-246475.35610262209,-48096.97577381318
69,2024-05-27,UK,UK,intercept,1.4851759079997e6,1.3548164698294883e6,1.5964220799195594e6
69,2024-05-27,UK,UK,holiday,-87542.85156523508,-142230.36235198812,-31152.85374005116
69,2024-05-27,UK,UK,seasonality,-204908.08941329384,-300367.34460615925,-105687.46757052856
69,2024-05-27,FR,FR,intercept,1.5194208103121747e6,1.402527502569883e6,1.6333336337843963e6
69,2024-05-27,FR,FR,holiday,0.0,0.0,0.0
69,2024-05-27,FR,FR,seasonality,-193413.32667550037,-296635.3448141715,-93219.35900104471
69,2024-05-27,DE,DE,intercept,1.5173194963665123e6,1.402559917227149e6,1.6318840448004808e6
69,2024-05-27,DE,DE,holiday,0.0,0.0,0.0
69,2024-05-27,DE,DE,seasonality,-201827.23167212558,-304258.39509227645,-99369.96888857274
70,2024-06-03,UK,UK,intercept,1.4851759079997e6,1.3548164698294883e6,1.5964220799195594e6
70,2024-06-03,UK,UK,holiday,0.0,0.0,0.0
70,2024-06-03,UK,UK,seasonality,-253810.49716159928,-352011.7235473161,-157019.51484852764
70,2024-06-03,FR,FR,intercept,1.5194208103121747e6,1.402527502569883e6,1.6333336337843963e6
70,2024-06-03,FR,FR,holiday,0.0,0.0,0.0
70,2024-06-03,FR,FR,seasonality,-245300.81715455977,-348256.38832321647,-140809.51907823738
70,2024-06-03,DE,DE,intercept,1.5173194963665123e6,1.402559917227149e6,1.6318840448004808e6
70,2024-06-03,DE,DE,holiday,0.0,0.0,0.0
70,2024-06-03,DE,DE,seasonality,-254882.2311394719,-356221.036090552,-152697.2965121086
71,2024-06-10,UK,UK,intercept,1.4851759079997e6,1.3548164698294883e6,1.5964220799195594e6
71,2024-06-10,UK,UK,holiday,0.0,0.0,0.0
71,2024-06-10,UK,UK,seasonality,-299994.7886889839,-399718.1887793708,-199695.60230964172
71,2024-06-10,FR,FR,intercept,1.5194208103121747e6,1.402527502569883e6,1.6333336337843963e6
71,2024-06-10,FR,FR,holiday,0.0,0.0,0.0
71,2024-06-10,FR,FR,seasonality,-295041.58107583254,-397126.2344427764,-191751.0211543248
71,2024-06-10,DE,DE,intercept,1.5173194963665123e6,1.402559917227149e6,1.6318840448004808e6
71,2024-06-10,DE,DE,holiday,0.0,0.0,0.0
71,2024-06-10,DE,DE,seasonality,-305346.993786473,-408446.4457639311,-200680.03620843065
72,2024-06-17,UK,UK,intercept,1.4851759079997e6,1.3548164698294883e6,1.5964220799195594e6
72,2024-06-17,UK,UK,holiday,0.0,0.0,0.0
72,2024-06-17,UK,UK,seasonality,-343895.0468116527,-442078.4228054265,-244006.69421352685
72,2024-06-17,FR,FR,intercept,1.5194208103121747e6,1.402527502569883e6,1.6333336337843963e6
72,2024-06-17,FR,FR,holiday,0.0,0.0,0.0
72,2024-06-17,FR,FR,seasonality,-342906.75733035855,-444788.39224146225,-238320.19426621642
72,2024-06-17,DE,DE,intercept,1.5173194963665123e6,1.402559917227149e6,1.6318840448004808e6
72,2024-06-17,DE,DE,holiday,0.0,0.0,0.0
72,2024-06-17,DE,DE,seasonality,-353489.5195976331,-451595.3438353959,-249753.1813760701
73,2024-06-24,UK,UK,intercept,1.4851759079997e6,1.3548164698294883e6,1.5964220799195594e6
73,2024-06-24,UK,UK,holiday,0.0,0.0,0.0
73,2024-06-24,UK,UK,seasonality,-385859.4867161147,-486206.1689176919,-283651.08840647916
73,2024-06-24,FR,FR,intercept,1.5194208103121747e6,1.402527502569883e6,1.6333336337843963e6
73,2024-06-24,FR,FR,holiday,0.0,0.0,0.0
73,2024-06-24,FR,FR,seasonality,-389056.2664838095,-489951.2777799925,-287108.1308334683
73,2024-06-24,DE,DE,intercept,1.5173194963665123e6,1.402559917227149e6,1.6318840448004808e6
73,2024-06-24,DE,DE,holiday,0.0,0.0,0.0
73,2024-06-24,DE,DE,seasonality,-399490.22513318306,-505080.0577585958,-296761.9952918003
74,2024-07-01,UK,UK,intercept,1.4851759079997e6,1.3548164698294883e6,1.5964220799195594e6
74,2024-07-01,UK,UK,holiday,0.0,0.0,0.0
74,2024-07-01,UK,UK,seasonality,-426088.61457906046,-518864.23405191174,-322641.9209340838
74,2024-07-01,FR,FR,intercept,1.5194208103121747e6,1.402527502569883e6,1.6333336337843963e6
74,2024-07-01,FR,FR,holiday,0.0,0.0,0.0
74,2024-07-01,FR,FR,seasonality,-433487.25049038517,-534811.5437294014,-331884.8704487111
74,2024-07-01,DE,DE,intercept,1.5173194963665123e6,1.402559917227149e6,1.6318840448004808e6
74,2024-07-01,DE,DE,holiday,0.0,0.0,0.0
74,2024-07-01,DE,DE,seasonality,-443388.67149865837,-553161.9745903651,-342360.01652608905
75,2024-07-08,UK,UK,intercept,1.4851759079997e6,1.3548164698294883e6,1.5964220799195594e6
75,2024-07-08,UK,UK,holiday,-87542.85156523508,-142230.36235198812,-31152.85374005116
75,2024-07-08,UK,UK,seasonality,-464585.66962356126,-557918.1498603199,-355511.6332440124
75,2024-07-08,FR,FR,intercept,1.5194208103121747e6,1.402527502569883e6,1.6333336337843963e6
75,2024-07-08,FR,FR,holiday,-88420.94539555056,-143656.99629675687,-31465.33075190032
75,2024-07-08,FR,FR,seasonality,-475995.69988963724,-575826.206255639,-368969.76149050274
75,2024-07-08,DE,DE,intercept,1.5173194963665123e6,1.402559917227149e6,1.6318840448004808e6
75,2024-07-08,DE,DE,holiday,0.0,0.0,0.0
75,2024-07-08,DE,DE,seasonality,-485042.25310685945,-592526.0402775772,-380533.5183009676
76,2024-07-15,UK,UK,intercept,1.4851759079997e6,1.3548164698294883e6,1.5964220799195594e6
76,2024-07-15,UK,UK,holiday,0.0,0.0,0.0
76,2024-07-15,UK,UK,seasonality,-501122.76027392497,-597680.3812286451,-390705.1985396492
76,2024-07-15,FR,FR,intercept,1.5194208103121747e6,1.402527502569883e6,1.6333336337843963e6
76,2024-07-15,FR,FR,holiday,0.0,0.0,0.0
76,2024-07-15,FR,FR,seasonality,-516154.04154206783,-613723.0081352246,-406452.4106422271
76,2024-07-15,DE,DE,intercept,1.5173194963665123e6,1.402559917227149e6,1.6318840448004808e6
76,2024-07-15,DE,DE,holiday,0.0,0.0,0.0
76,2024-07-15,DE,DE,seasonality,-524099.796993809,-625368.0599874955,-418329.8610557379
77,2024-07-22,UK,UK,intercept,1.4851759079997e6,1.3548164698294883e6,1.5964220799195594e6
77,2024-07-22,UK,UK,holiday,0.0,0.0,0.0
77,2024-07-22,UK,UK,seasonality,-535225.1368035496,-631296.0864226185,-425201.35446849954
77,2024-07-22,FR,FR,intercept,1.5194208103121747e6,1.402527502569883e6,1.6333336337843963e6
77,2024-07-22,FR,FR,holiday,0.0,0.0,0.0
77,2024-07-22,FR,FR,seasonality,-553306.4757005791,-648759.1243043378,-444145.7126628147
77,2024-07-22,DE,DE,intercept,1.5173194963665123e6,1.402559917227149e6,1.6318840448004808e6
77,2024-07-22,DE,DE,holiday,0.0,0.0,0.0
77,2024-07-22,DE,DE,seasonality,-559992.0981340861,-668367.9023979683,-457666.4869187539
78,2024-07-29,UK,UK,intercept,1.4851759079997e6,1.3548164698294883e6,1.5964220799195594e6
78,2024-07-29,UK,UK,holiday,0.0,0.0,0.0
78,2024-07-29,UK,UK,seasonality,-566174.9265605217,-662194.3431065248,-454218.2338741261
78,2024-07-29,FR,FR,intercept,1.5194208103121747e6,1.402527502569883e6,1.6333336337843963e6
78,2024-07-29,FR,FR,holiday,0.0,0.0,0.0
78,2024-07-29,FR,FR,seasonality,-586582.756533715,-680883.6757733711,-475726.11188411224
78,2024-07-29,DE,DE,intercept,1.5173194963665123e6,1.402559917227149e6,1.6318840448004808e6
78,2024-07-29,DE,DE,holiday,0.0,0.0,0.0
78,2024-07-29,DE,DE,seasonality,-591940.3677095431,-697468.4668797083,-493695.2796422196
79,2024-08-05,UK,UK,intercept,1.4851759079997e6,1.3548164698294883e6,1.5964220799195594e6
79,2024-08-05,UK,UK,holiday,-87542.85156523508,-142230.36235198812,-31152.85374005116
79,2024-08-05,UK,UK,seasonality,-593034.4589450519,-690853.8568536638,-483164.31409645773
79,2024-08-05,FR,FR,intercept,1.5194208103121747e6,1.402527502569883e6,1.6333336337843963e6
79,2024-08-05,FR,FR,holiday,0.0,0.0,0.0
79,2024-08-05,FR,FR,seasonality,-614929.969315628,-709270.7708945726,-505137.5944616637
79,2024-08-05,DE,DE,intercept,1.5173194963665123e6,1.402559917227149e6,1.6318840448004808e6
79,2024-08-05,DE,DE,holiday,0.0,0.0,0.0
79,2024-08-05,DE,DE,seasonality,-618982.4601662272,-723314.148662055,-518496.61133840866
80,2024-08-12,UK,UK,intercept,1.4851759079997e6,1.3548164698294883e6,1.5964220799195594e6
80,2024-08-12,UK,UK,holiday,0.0,0.0,0.0
80,2024-08-12,UK,UK,seasonality,-614688.0960972138,-713539.6952094638,-502111.55110341957
80,2024-08-12,FR,FR,intercept,1.5194208103121747e6,1.402527502569883e6,1.6333336337843963e6
80,2024-08-12,FR,FR,holiday,-88420.94539555056,-143656.99629675687,-31465.33075190032
80,2024-08-12,FR,FR,seasonality,-637160.7373363546,-733617.1545439756,-532048.2212279966
80,2024-08-12,DE,DE,intercept,1.5173194963665123e6,1.402559917227149e6,1.6318840448004808e6
80,2024-08-12,DE,DE,holiday,0.0,0.0,0.0
80,2024-08-12,DE,DE,seasonality,-640015.6363999771,-744017.5060035195,-534873.3091520099
81,2024-08-19,UK,UK,intercept,1.4851759079997e6,1.3548164698294883e6,1.5964220799195594e6
81,2024-08-19,UK,UK,holiday,0.0,0.0,0.0
81,2024-08-19,UK,UK,seasonality,-629900.332811108,-730458.631691781,-521256.237960253
81,2024-08-19,FR,FR,intercept,1.5194208103121747e6,1.402527502569883e6,1.6333336337843963e6
81,2024-08-19,FR,FR,holiday,0.0,0.0,0.0
81,2024-08-19,FR,FR,seasonality,-652015.257999821,-753863.8009723205,-548668.7968878614
81,2024-08-19,DE,DE,intercept,1.5173194963665123e6,1.402559917227149e6,1.6318840448004808e6
81,2024-08-19,DE,DE,holiday,0.0,0.0,0.0
81,2024-08-19,DE,DE,seasonality,-653853.5797169171,-762180.4938554253,-551437.2905109441
82,2024-08-26,UK,UK,intercept,1.4851759079997e6,1.3548164698294883e6,1.5964220799195594e6
82,2024-08-26,UK,UK,holiday,-87542.85156523508,-142230.36235198812,-31152.85374005116
82,2024-08-26,UK,UK,seasonality,-637386.9032633244,-736966.7477285855,-528828.8707004844
82,2024-08-26,FR,FR,intercept,1.5194208103121747e6,1.402527502569883e6,1.6333336337843963e6
82,2024-08-26,FR,FR,holiday,0.0,0.0,0.0
82,2024-08-26,FR,FR,seasonality,-658233.6814604143,-762833.8409542154,-556227.0289191058
82,2024-08-26,DE,DE,intercept,1.5173194963665123e6,1.402559917227149e6,1.6318840448004808e6
82,2024-08-26,DE,DE,holiday,0.0,0.0,0.0
82,2024-08-26,DE,DE,seasonality,-659294.4696395677,-764956.9227197208,-558124.8938667993
83,2024-09-02,UK,UK,intercept,1.4851759079997e6,1.3548164698294883e6,1.5964220799195594e6
83,2024-09-02,UK,UK,holiday,0.0,0.0,0.0
83,2024-09-02,UK,UK,seasonality,-635894.7932050216,-736435.6925049656,-533372.380815367
83,2024-09-02,FR,FR,intercept,1.5194208103121747e6,1.402527502569883e6,1.6333336337843963e6
83,2024-09-02,FR,FR,holiday,0.0,0.0,0.0
83,2024-09-02,FR,FR,seasonality,-654634.6589223497,-758728.6295719603,-553409.3235849052
83,2024-09-02,DE,DE,intercept,1.5173194963665123e6,1.402559917227149e6,1.6318840448004808e6
83,2024-09-02,DE,DE,holiday,0.0,0.0,0.0
83,2024-09-02,DE,DE,seasonality,-655196.1900771107,-760030.9113999238,-555672.3294838574
84,2024-09-09,UK,UK,intercept,1.4851759079997e6,1.3548164698294883e6,1.5964220799195594e6
84,2024-09-09,UK,UK,holiday,0.0,0.0,0.0
84,2024-09-09,UK,UK,seasonality,-624286.45401955,-729260.9997411941,-525087.4941672803
84,2024-09-09,FR,FR,intercept,1.5194208103121747e6,1.402527502569883e6,1.6333336337843963e6
84,2024-09-09,FR,FR,holiday,0.0,0.0,0.0
84,2024-09-09,FR,FR,seasonality,-640195.4422917499,-738626.3648278377,-539842.2640489292
84,2024-09-09,DE,DE,intercept,1.5173194963665123e6,1.402559917227149e6,1.6318840448004808e6
84,2024-09-09,DE,DE,holiday,0.0,0.0,0.0
84,2024-09-09,DE,DE,seasonality,-640554.2462098681,-747665.313215771,-539770.4730611517
85,2024-09-16,UK,UK,intercept,1.4851759079997e6,1.3548164698294883e6,1.5964220799195594e6
85,2024-09-16,UK,UK,holiday,0.0,0.0,0.0
85,2024-09-16,UK,UK,seasonality,-601623.1855313216,-704045.6896719171,-502805.75574069127
85,2024-09-16,FR,FR,intercept,1.5194208103121747e6,1.402527502569883e6,1.6333336337843963e6
85,2024-09-16,FR,FR,holiday,0.0,0.0,0.0
85,2024-09-16,FR,FR,seasonality,-614128.7392338475,-711970.6857978795,-514007.2597700653
85,2024-09-16,DE,DE,intercept,1.5173194963665123e6,1.402559917227149e6,1.6318840448004808e6
85,2024-09-16,DE,DE,holiday,0.0,0.0,0.0
85,2024-09-16,DE,DE,seasonality,-614577.7189477772,-719624.9865771004,-516535.82645562006
86,2024-09-23,UK,UK,intercept,1.4851759079997e6,1.3548164698294883e6,1.5964220799195594e6
86,2024-09-23,UK,UK,holiday,0.0,0.0,0.0
86,2024-09-23,UK,UK,seasonality,-567242.6179463399,-667631.5009663373,-474777.92113917466
86,2024-09-23,FR,FR,intercept,1.5194208103121747e6,1.402527502569883e6,1.6333336337843963e6
86,2024-09-23,FR,FR,holiday,0.0,0.0,0.0
86,2024-09-23,FR,FR,seasonality,-575951.6293762507,-668823.329401513,-476411.42814560677
86,2024-09-23,DE,DE,intercept,1.5173194963665123e6,1.402559917227149e6,1.6318840448004808e6
86,2024-09-23,DE,DE,holiday,0.0,0.0,0.0
86,2024-09-23,DE,DE,seasonality,-576758.612471543,-678555.1324859923,-479832.89573816693
87,2024-09-30,UK,UK,intercept,1.4851759079997e6,1.3548164698294883e6,1.5964220799195594e6
87,2024-09-30,UK,UK,holiday,0.0,0.0,0.0
87,2024-09-30,UK,UK,seasonality,-520825.48314116715,-622866.2787494216,-429455.2675463979
87,2024-09-30,FR,FR,intercept,1.5194208103121747e6,1.402527502569883e6,1.6333336337843963e6
87,2024-09-30,FR,FR,holiday,0.0,0.0,0.0
87,2024-09-30,FR,FR,seasonality,-525542.2237838462,-618966.3196124947,-427171.33209654497
87,2024-09-30,DE,DE,intercept,1.5173194963665123e6,1.402559917227149e6,1.6318840448004808e6
87,2024-09-30,DE,DE,holiday,-89298.20137947115,-145082.26899735534,-31777.509609123146
87,2024-09-30,DE,DE,seasonality,-526930.2488695846,-623549.6478657227,-433433.2151982574
88,2024-10-07,UK,UK,intercept,1.4851759079997e6,1.3548164698294883e6,1.5964220799195594e6
88,2024-10-07,UK,UK,holiday,0.0,0.0,0.0
88,2024-10-07,UK,UK,seasonality,-462447.40786680277,-565177.1430337606,-368701.87439013034
88,2024-10-07,FR,FR,intercept,1.5194208103121747e6,1.402527502569883e6,1.6333336337843963e6
88,2024-10-07,FR,FR,holiday,0.0,0.0,0.0
88,2024-10-07,FR,FR,seasonality,-463180.38037175743,-553754.6195199143,-368428.79373451625
88,2024-10-07,DE,DE,intercept,1.5173194963665123e6,1.402559917227149e6,1.6318840448004808e6
88,2024-10-07,DE,DE,holiday,0.0,0.0,0.0
88,2024-10-07,DE,DE,seasonality,-465310.91821377433,-562592.3130028449,-369953.53337064316
89,2024-10-14,UK,UK,intercept,1.4851759079997e6,1.3548164698294883e6,1.5964220799195594e6
89,2024-10-14,UK,UK,holiday,0.0,0.0,0.0
89,2024-10-14,UK,UK,seasonality,-392612.2560909002,-492597.896923099,-298701.1170379571
89,2024-10-14,FR,FR,intercept,1.5194208103121747e6,1.402527502569883e6,1.6333336337843963e6
89,2024-10-14,FR,FR,holiday,0.0,0.0,0.0
89,2024-10-14,FR,FR,seasonality,-389569.63733846287,-482767.3705887486,-296752.6565702244
89,2024-10-14,DE,DE,intercept,1.5173194963665123e6,1.402559917227149e6,1.6318840448004808e6
89,2024-10-14,DE,DE,holiday,0.0,0.0,0.0
89,2024-10-14,DE,DE,seasonality,-392529.77170375775,-487264.4513261969,-296597.58267340594
90,2024-10-21,UK,UK,intercept,1.4851759079997e6,1.3548164698294883e6,1.5964220799195594e6
90,2024-10-21,UK,UK,holiday,0.0,0.0,0.0
90,2024-10-21,UK,UK,seasonality,-312264.5498097083,-405532.71564773744,-219131.68742672846
90,2024-10-21,FR,FR,intercept,1.5194208103121747e6,1.402527502569883e6,1.6333336337843963e6
90,2024-10-21,FR,FR,holiday,0.0,0.0,0.0
90,2024-10-21,FR,FR,seasonality,-305838.54698918515,-396471.3889736882,-224283.43482120856
90,2024-10-21,DE,DE,intercept,1.5173194963665123e6,1.402559917227149e6,1.6318840448004808e6
90,2024-10-21,DE,DE,holiday,0.0,0.0,0.0
90,2024-10-21,DE,DE,seasonality,-309632.9058115854,-402375.9283325858,-213909.78387679474
91,2024-10-28,UK,UK,intercept,1.4851759079997e6,1.3548164698294883e6,1.5964220799195594e6
91,2024-10-28,UK,UK,holiday,0.0,0.0,0.0
91,2024-10-28,UK,UK,seasonality,-222779.650288114,-314357.3579355125,-127517.4827187454
91,2024-10-28,FR,FR,intercept,1.5194208103121747e6,1.402527502569883e6,1.6333336337843963e6
91,2024-10-28,FR,FR,holiday,-88420.94539555056,-143656.99629675687,-31465.33075190032
91,2024-10-28,FR,FR,seasonality,-213520.72551214526,-302267.0309938051,-130015.57648251683
91,2024-10-28,DE,DE,intercept,1.5173194963665123e6,1.402559917227149e6,1.6318840448004808e6
91,2024-10-28,DE,DE,holiday,0.0,0.0,0.0
91,2024-10-28,DE,DE,seasonality,-218068.67218205548,-307890.1780304501,-118759.0192948604
92,2024-11-04,UK,UK,intercept,1.4851759079997e6,1.3548164698294883e6,1.5964220799195594e6
92,2024-11-04,UK,UK,holiday,0.0,0.0,0.0
92,2024-11-04,UK,UK,seasonality,-125931.61909765654,-213872.2565494416,-38657.548450524526
92,2024-11-04,FR,FR,intercept,1.5194208103121747e6,1.402527502569883e6,1.6333336337843963e6
92,2024-11-04,FR,FR,holiday,0.0,0.0,0.0
92,2024-11-04,FR,FR,seasonality,-114514.11576684247,-204440.32763773762,-23685.11889152473
92,2024-11-04,DE,DE,intercept,1.5173194963665123e6,1.402559917227149e6,1.6318840448004808e6
92,2024-11-04,DE,DE,holiday,0.0,0.0,0.0
92,2024-11-04,DE,DE,seasonality,-119652.39947618789,-211203.71945268044,-23049.15177060474
93,2024-11-11,UK,UK,intercept,1.4851759079997e6,1.3548164698294883e6,1.5964220799195594e6
93,2024-11-11,UK,UK,holiday,0.0,0.0,0.0
93,2024-11-11,UK,UK,seasonality,-23839.929763748445,-110309.10758013683,61043.953778615534
93,2024-11-11,FR,FR,intercept,1.5194208103121747e6,1.402527502569883e6,1.6333336337843963e6
93,2024-11-11,FR,FR,holiday,-88420.94539555056,-143656.99629675687,-31465.33075190032
93,2024-11-11,FR,FR,seasonality,-11021.1224280288,-98596.53785251355,79812.40099911092
93,2024-11-11,DE,DE,intercept,1.5173194963665123e6,1.402559917227149e6,1.6318840448004808e6
93,2024-11-11,DE,DE,holiday,0.0,0.0,0.0
93,2024-11-11,DE,DE,seasonality,-16511.863614130696,-107977.21789102272,76772.38472476235
94,2024-11-18,UK,UK,intercept,1.4851759079997e6,1.3548164698294883e6,1.5964220799195594e6
94,2024-11-18,UK,UK,holiday,0.0,0.0,0.0
94,2024-11-18,UK,UK,seasonality,81102.60539553163,-5622.323102820899,159558.11778835687
94,2024-11-18,FR,FR,intercept,1.5194208103121747e6,1.402527502569883e6,1.6333336337843963e6
94,2024-11-18,FR,FR,holiday,0.0,0.0,0.0
94,2024-11-18,FR,FR,seasonality,94527.64464283323,4846.9119174527805,185929.68191645027
94,2024-11-18,DE,DE,intercept,1.5173194963665123e6,1.402559917227149e6,1.6318840448004808e6
94,2024-11-18,DE,DE,holiday,0.0,0.0,0.0
94,2024-11-18,DE,DE,seasonality,88984.07386354163,-3616.0125092352787,186075.0707974002
95,2024-11-25,UK,UK,intercept,1.4851759079997e6,1.3548164698294883e6,1.5964220799195594e6
95,2024-11-25,UK,UK,holiday,-87542.85156523508,-142230.36235198812,-31152.85374005116
95,2024-11-25,UK,UK,seasonality,186317.26107073855,95724.70780579437,271081.6554671854
95,2024-11-25,FR,FR,intercept,1.5194208103121747e6,1.402527502569883e6,1.6333336337843963e6
95,2024-11-25,FR,FR,holiday,0.0,0.0,0.0
95,2024-11-25,FR,FR,seasonality,199562.35389473557,110544.4267302776,294066.59451705345
95,2024-11-25,DE,DE,intercept,1.5173194963665123e6,1.402559917227149e6,1.6318840448004808e6
95,2024-11-25,DE,DE,holiday,0.0,0.0,0.0
95,2024-11-25,DE,DE,seasonality,194310.28546298546,95818.14442215933,291880.69608438894
96,2024-12-02,UK,UK,intercept,1.4851759079997e6,1.3548164698294883e6,1.5964220799195594e6
96,2024-12-02,UK,UK,holiday,0.0,0.0,0.0
96,2024-12-02,UK,UK,seasonality,289137.8652138094,194675.28554078427,375585.493625248
96,2024-12-02,FR,FR,intercept,1.5194208103121747e6,1.402527502569883e6,1.6333336337843963e6
96,2024-12-02,FR,FR,holiday,0.0,0.0,0.0
96,2024-12-02,FR,FR,seasonality,301471.2693897809,210009.80383727525,397642.79782194895
96,2024-12-02,DE,DE,intercept,1.5173194963665123e6,1.402559917227149e6,1.6318840448004808e6
96,2024-12-02,DE,DE,holiday,0.0,0.0,0.0
96,2024-12-02,DE,DE,seasonality,296879.51139524346,195990.25261366536,397612.45285415114
97,2024-12-09,UK,UK,intercept,1.4851759079997e6,1.3548164698294883e6,1.5964220799195594e6
97,2024-12-09,UK,UK,holiday,0.0,0.0,0.0
97,2024-12-09,UK,UK,seasonality,386915.351805714,289117.8746222524,482550.0799941538
97,2024-12-09,FR,FR,intercept,1.5194208103121747e6,1.402527502569883e6,1.6333336337843963e6
97,2024-12-09,FR,FR,holiday,0.0,0.0,0.0
97,2024-12-09,FR,FR,seasonality,397701.5234986469,306180.7366667592,494402.8615772266
97,2024-12-09,DE,DE,intercept,1.5173194963665123e6,1.402559917227149e6,1.6318840448004808e6
97,2024-12-09,DE,DE,holiday,0.0,0.0,0.0
97,2024-12-09,DE,DE,seasonality,394141.12131348747,291425.5928512113,491160.6581557157
98,2024-12-16,UK,UK,intercept,1.4851759079997e6,1.3548164698294883e6,1.5964220799195594e6
98,2024-12-16,UK,UK,holiday,0.0,0.0,0.0
98,2024-12-16,UK,UK,seasonality,477123.07983428624,375203.16070829605,579438.9424918606
98,2024-12-16,FR,FR,intercept,1.5194208103121747e6,1.402527502569883e6,1.6333336337843963e6
98,2024-12-16,FR,FR,holiday,0.0,0.0,0.0
98,2024-12-16,FR,FR,seasonality,485858.25211371516,387043.75252896233,583935.7566961189
98,2024-12-16,DE,DE,intercept,1.5173194963665123e6,1.402559917227149e6,1.6318840448004808e6
98,2024-12-16,DE,DE,holiday,0.0,0.0,0.0
98,2024-12-16,DE,DE,seasonality,483679.53599216964,378023.5802308474,583537.024646127
99,2024-12-23,UK,UK,intercept,1.4851759079997e6,1.3548164698294883e6,1.5964220799195594e6
99,2024-12-23,UK,UK,holiday,-175085.70313047015,-284460.72470397624,-62305.70748010232
99,2024-12-23,UK,UK,seasonality,557457.5285541394,451328.53044821235,665248.5774997432
99,2024-12-23,FR,FR,intercept,1.5194208103121747e6,1.402527502569883e6,1.6333336337843963e6
99,2024-12-23,FR,FR,holiday,-88420.94539555056,-143656.99629675687,-31465.33075190032
99,2024-12-23,FR,FR,seasonality,563797.0685257352,454874.0044045961,660700.1023929567
99,2024-12-23,DE,DE,intercept,1.5173194963665123e6,1.402559917227149e6,1.6318840448004808e6
99,2024-12-23,DE,DE,holiday,-178596.4027589423,-290164.53799471067,-63555.01921824629
99,2024-12-23,DE,DE,seasonality,563307.33474362,450739.1387608273,664992.5322457477
100,2024-12-30,UK,UK,intercept,1.4851759079997e6,1.3548164698294883e6,1.5964220799195594e6
100,2024-12-30,UK,UK,holiday,-175085.70313047015,-284460.72470397624,-62305.70748010232
100,2024-12-30,UK,UK,seasonality,625929.210608677,514024.679988215,730218.5979585409
100,2024-12-30,FR,FR,intercept,1.5194208103121747e6,1.402527502569883e6,1.6333336337843963e6
100,2024-12-30,FR,FR,holiday,-88420.94539555056,-143656.99629675687,-31465.33075190032
100,2024-12-30,FR,FR,seasonality,629705.2009998162,513769.3982806129,729869.8409263152
100,2024-12-30,DE,DE,intercept,1.5173194963665123e6,1.402559917227149e6,1.6318840448004808e6
100,2024-12-30,DE,DE,holiday,-89298.20137947115,-145082.26899735534,-31777.509609123146
100,2024-12-30,DE,DE,seasonality,631148.3451808381,522907.68466051365,739558.2929566428
101,2025-01-06,UK,UK,intercept,1.4851759079997e6,1.3548164698294883e6,1.5964220799195594e6
101,2025-01-06,UK,UK,holiday,0.0,0.0,0.0
101,2025-01-06,UK,UK,seasonality,675727.8158819991,559327.6589906819,782485.761782674
101,2025-01-06,FR,FR,intercept,1.5194208103121747e6,1.402527502569883e6,1.6333336337843963e6
101,2025-01-06,FR,FR,holiday,0.0,0.0,0.0
101,2025-01-06,FR,FR,seasonality,677222.6255718023,560938.4718242502,781538.6540745043
101,2025-01-06,DE,DE,intercept,1.5173194963665123e6,1.402559917227149e6,1.6318840448004808e6
101,2025-01-06,DE,DE,holiday,0.0,0.0,0.0
101,2025-01-06,DE,DE,seasonality,680532.2806404626,569947.0270593683,795667.0060187578
102,2025-01-13,UK,UK,intercept,1.4851759079997e6,1.3548164698294883e6,1.5964220799195594e6
102,2025-01-13,UK,UK,holiday,0.0,0.0,0.0
102,2025-01-13,UK,UK,seasonality,717731.9402354878,599475.0267928365,826503.3269912418
102,2025-01-13,FR,FR,intercept,1.5194208103121747e6,1.402527502569883e6,1.6333336337843963e6
102,2025-01-13,FR,FR,holiday,0.0,0.0,0.0
102,2025-01-13,FR,FR,seasonality,716844.6168912812,601206.8885432708,827776.1300941695
102,2025-01-13,DE,DE,intercept,1.5173194963665123e6,1.402559917227149e6,1.6318840448004808e6
102,2025-01-13,DE,DE,holiday,0.0,0.0,0.0
102,2025-01-13,DE,DE,seasonality,722317.4354231312,602501.5389822822,842141.6244465775
103,2025-01-20,UK,UK,intercept,1.4851759079997e6,1.3548164698294883e6,1.5964220799195594e6
103,2025-01-20,UK,UK,holiday,0.0,0.0,0.0
103,2025-01-20,UK,UK,seasonality,744507.0172210124,626876.4090448447,851374.5689392888
103,2025-01-20,FR,FR,intercept,1.5194208103121747e6,1.402527502569883e6,1.6333336337843963e6
103,2025-01-20,FR,FR,holiday,0.0,0.0,0.0
103,2025-01-20,FR,FR,seasonality,741580.0403961511,623539.9129462151,855176.5993414328
103,2025-01-20,DE,DE,intercept,1.5173194963665123e6,1.402559917227149e6,1.6318840448004808e6
103,2025-01-20,DE,DE,holiday,0.0,0.0,0.0
103,2025-01-20,DE,DE,seasonality,749195.2317069813,634447.346682195,867809.9754331463
104,2025-01-27,UK,UK,intercept,1.4851759079997e6,1.3548164698294883e6,1.5964220799195594e6
104,2025-01-27,UK,UK,holiday,0.0,0.0,0.0
104,2025-01-27,UK,UK,seasonality,755835.0843964526,640345.9576635204,869023.8441319922
104,2025-01-27,FR,FR,intercept,1.5194208103121747e6,1.402527502569883e6,1.6333336337843963e6
104,2025-01-27,FR,FR,holiday,0.0,0.0,0.0
104,2025-01-27,FR,FR,seasonality,751353.2169973804,633009.282539661,866612.3700570577
104,2025-01-27,DE,DE,intercept,1.5173194963665123e6,1.402559917227149e6,1.6318840448004808e6
104,2025-01-27,DE,DE,holiday,0.0,0.0,0.0
104,2025-01-27,DE,DE,seasonality,760985.9256588134,640496.5365994268,878557.7980132884
