observation,date,panel,geo,mean,lower_5,upper_95,draw_sd
1,2023-02-06,UK,UK,2.6617071625074074e6,2.154309705370846e6,3.107114843715775e6,279862.00529799325
2,2023-02-13,UK,UK,2.620921287430228e6,2.199707455414353e6,3.082958461482557e6,271765.5966024721
3,2023-02-20,UK,UK,2.510097938392038e6,2.0604213132843375e6,3.0235275958078816e6,284736.501052776
4,2023-02-27,UK,UK,2.896136206763851e6,2.4206063462270764e6,3.3498014667990827e6,278183.65179851104
5,2023-03-06,UK,UK,2.424953395525402e6,1.988044071985126e6,2.9010536552332337e6,284978.1897242753
6,2023-03-13,UK,UK,2.651421470516396e6,2.1768100070936494e6,3.093113518836578e6,283942.0503962796
7,2023-03-20,UK,UK,2.3389521474942877e6,1.894446814088731e6,2.774148436915346e6,268576.0935079508
8,2023-03-27,UK,UK,2.3597700725289634e6,1.9185123338687038e6,2.8373257840635264e6,279810.5098644575
9,2023-04-03,UK,UK,1.9808147569476378e6,1.5236056891393103e6,2.4217577359778e6,281601.41576196684
10,2023-04-10,UK,UK,1.9062439347422335e6,1.4727740643907993e6,2.3252902685021195e6,264622.7422914897
11,2023-04-17,UK,UK,1.8782710411964708e6,1.4018693780904468e6,2.3635957535586734e6,281759.9056950848
12,2023-04-24,UK,UK,1.8038300349542017e6,1.3497227072025647e6,2.2471701299123312e6,276835.605874102
13,2023-05-01,UK,UK,1.8907062726633048e6,1.3828205007767268e6,2.3417785946429074e6,291988.5943100185
14,2023-05-08,UK,UK,1.5396386638977092e6,1.0969377075446893e6,1.9964009420946632e6,279761.1272701345
15,2023-05-15,UK,UK,1.8135449229897992e6,1.3548190176280264e6,2.3080197407071535e6,279465.3519301179
16,2023-05-22,UK,UK,1.5574273266928466e6,1.115839297682014e6,1.9943888569522658e6,273072.4883986472
17,2023-05-29,UK,UK,1.4403711254824097e6,974479.0579615964,1.8794097422361195e6,279016.6330998765
18,2023-06-05,UK,UK,1.3308469782828102e6,828916.1958188256,1.7877371539204142e6,286106.7225326239
19,2023-06-12,UK,UK,1.561076019607681e6,1.0815632363045767e6,2.060128541719674e6,289306.25122398033
20,2023-06-19,UK,UK,1.2582077733200984e6,797308.5677687492,1.7039620095011997e6,275235.24651032605
21,2023-06-26,UK,UK,1.1802280440540498e6,700131.0983167357,1.6221999765476338e6,275261.92089540296
22,2023-07-03,UK,UK,1.293657166423296e6,833913.6972283025,1.7116147564580464e6,271145.5642998817
23,2023-07-10,UK,UK,998732.0213199168,582937.8488954435,1.4435673056918283e6,260418.57366965277
24,2023-07-17,UK,UK,1.10646381801894e6,654453.2938901365,1.5805244482585476e6,275419.33101529506
25,2023-07-24,UK,UK,1.0300748785969553e6,595507.591299401,1.4554258664664384e6,262895.2819611871
26,2023-07-31,UK,UK,1.0654975051745807e6,611461.6880897018,1.5255128696570538e6,278373.5398861731
27,2023-08-07,UK,UK,882077.4676607983,409244.4561499197,1.3217855578638394e6,279750.5349226926
28,2023-08-14,UK,UK,917084.2638319944,488017.54401127953,1.3330630437712222e6,270579.26611520693
29,2023-08-21,UK,UK,882405.2180488809,441984.4358443378,1.2938665003076075e6,263934.0030346257
30,2023-08-28,UK,UK,802646.4352097585,340582.14334730216,1.246277766725e6,276213.4210946779
31,2023-09-04,UK,UK,1.1997295128061702e6,773883.7664432696,1.623741738226435e6,260811.7198929265
32,2023-09-11,UK,UK,954871.890542416,527811.5802423601,1.395370093216938e6,266632.07453582686
33,2023-09-18,UK,UK,1.059588556839244e6,656860.7032539521,1.5073221745525757e6,256629.26684256954
34,2023-09-25,UK,UK,1.0021255801069565e6,595470.0129414743,1.4189772052757493e6,257351.4325957741
35,2023-10-02,UK,UK,1.267193225931686e6,813815.8774821784,1.7444927657403618e6,288561.8221809854
36,2023-10-09,UK,UK,1.1672503072265459e6,736598.8909684137,1.5961829482488297e6,264551.9251665587
37,2023-10-16,UK,UK,1.6164691397148261e6,1.1261269580815977e6,2.0873390078265504e6,287247.9914170707
38,2023-10-23,UK,UK,1.3657745929193213e6,915800.9754363766,1.7968042242941407e6,275389.13684513996
39,2023-10-30,UK,UK,1.5864956950373934e6,1.1458565238481057e6,2.0287433201123937e6,268755.6802208124
40,2023-11-06,UK,UK,1.5629472643700596e6,1.122023375430142e6,2.0237017062480152e6,269322.6860861026
41,2023-11-13,UK,UK,1.828688711720622e6,1.408763534590892e6,2.2483581588783776e6,263572.51076046063
42,2023-11-20,UK,UK,1.9242508542576828e6,1.4991326916868878e6,2.318260337741736e6,266498.3618799523
43,2023-11-27,UK,UK,1.8026348699906918e6,1.3572838822120882e6,2.259464949755154e6,281230.6001725287
44,2023-12-04,UK,UK,2.24180930125096e6,1.7780365794319243e6,2.7028678807807653e6,272787.89853474067
45,2023-12-11,UK,UK,2.0964211906907738e6,1.6509446122892492e6,2.5345202066270867e6,266606.3907195761
46,2023-12-18,UK,UK,2.80766596415181e6,2.31252800327418e6,3.267879178052078e6,304426.4209147392
47,2023-12-25,UK,UK,2.3787358472326198e6,1.9346019428992043e6,2.8504120544998944e6,279119.9720115512
48,2024-01-01,UK,UK,2.696816477986134e6,2.2297220370343183e6,3.134419719116917e6,280469.60604300816
49,2024-01-08,UK,UK,2.6964762421089713e6,2.2418646398102744e6,3.142523415075285e6,276075.94283820054
50,2024-01-15,UK,UK,3.0126980250225877e6,2.559198318864174e6,3.477743752086827e6,285931.4262517977
51,2024-01-22,UK,UK,2.8031976125124223e6,2.323311424247287e6,3.30695225714514e6,293859.2739709776
52,2024-01-29,UK,UK,2.814634461883252e6,2.313781068595283e6,3.264208227183839e6,286556.67887775257
53,2024-02-05,UK,UK,2.72632302396797e6,2.2934413992349138e6,3.155485516969275e6,273736.00953722495
54,2024-02-12,UK,UK,2.6415409226890816e6,2.1689102515090127e6,3.049798178121145e6,277736.02955255087
55,2024-02-19,UK,UK,2.6758739503662665e6,2.210797166387879e6,3.117102652349178e6,278399.41798621806
56,2024-02-26,UK,UK,2.4428812555223852e6,2.0152866952510544e6,2.869883667050241e6,270129.883323364
57,2024-03-04,UK,UK,2.418284855018973e6,1.9058555686843651e6,2.87832341924761e6,279668.45654189633
58,2024-03-11,UK,UK,2.7901104454043144e6,2.318170527583015e6,3.2257732975882865e6,283558.7271662897
59,2024-03-18,UK,UK,2.91789643324591e6,2.442459694898867e6,3.426630643089999e6,294754.7209876321
60,2024-03-25,UK,UK,2.3239736798276072e6,1.8362150462752075e6,2.832266252438607e6,295245.0545601136
61,2024-04-01,UK,UK,2.1645037615679684e6,1.713895731568685e6,2.649334424084908e6,275953.11626268213
62,2024-04-08,UK,UK,2.2385582045376855e6,1.7733229101719295e6,2.7057751406096527e6,274620.3635967566
63,2024-04-15,UK,UK,2.308326509756998e6,1.8779607397015793e6,2.7434283505911133e6,263830.2936751634
64,2024-04-22,UK,UK,1.7822513863780003e6,1.3225565853718016e6,2.2459653762481725e6,292131.0388564387
65,2024-04-29,UK,UK,1.8556107750768932e6,1.4078332157012415e6,2.3127719561609123e6,274428.7816695006
66,2024-05-06,UK,UK,1.5216049934402707e6,1.0172376929846032e6,1.9525851372436846e6,282397.8455960562
67,2024-05-13,UK,UK,1.8790538475797945e6,1.411602586977362e6,2.3241210422586943e6,286471.92980747484
68,2024-05-20,UK,UK,1.619838995028437e6,1.1809211206706772e6,2.0722693195782516e6,269685.5713047807
69,2024-05-27,UK,UK,1.4200097108670012e6,967019.4228525921,1.8719200836495664e6,273473.3756566406
70,2024-06-03,UK,UK,1.486532019982466e6,1.0222523227715571e6,1.9064085145541453e6,272613.65781728434
71,2024-06-10,UK,UK,1.426663840931925e6,997320.489534573,1.8908919236893181e6,269361.2340590147
72,2024-06-17,UK,UK,1.2519922686241819e6,818899.9692815628,1.7168909579782672e6,271174.9185152458
73,2024-06-24,UK,UK,1.3782384806555642e6,924092.6308535297,1.8535151577984053e6,287723.920160337
74,2024-07-01,UK,UK,1.2827800136707297e6,885047.02049754,1.7233480874033049e6,269911.41200331406
75,2024-07-08,UK,UK,1.1492461937361448e6,654702.3742347864,1.627926469467536e6,287745.37333916
76,2024-07-15,UK,UK,1.3640303882810145e6,938089.4621210143,1.8077595957776569e6,273334.4308687164
77,2024-07-22,UK,UK,1.17040752899185e6,711269.5981224847,1.6557475212711103e6,290342.32754883956
78,2024-07-29,UK,UK,997227.7031865455,573976.0960873929,1.460660737390494e6,273135.08621485
79,2024-08-05,UK,UK,984225.600743809,554524.6654767036,1.4366953978267119e6,277036.4516961226
80,2024-08-12,UK,UK,990115.9648773135,525900.8412606007,1.458659717812936e6,281950.8053130407
81,2024-08-19,UK,UK,1.1052829650602578e6,674175.8500381514,1.5295532885632103e6,265865.459861425
82,2024-08-26,UK,UK,852203.6158003015,380560.52539627935,1.2883904965028013e6,274416.1038018303
83,2024-09-02,UK,UK,1.1996757595415316e6,746954.919355892,1.6283720182395196e6,264454.68794687896
84,2024-09-09,UK,UK,1.0715705611175834e6,663939.748481518,1.5188224078427656e6,261518.4658683353
85,2024-09-16,UK,UK,1.3135564654689825e6,840720.4766446489,1.7725666177692832e6,279930.6228586682
86,2024-09-23,UK,UK,1.07322477178267e6,651974.0544034695,1.539233238912369e6,268045.69274686027
87,2024-09-30,UK,UK,1.377678008403927e6,932910.0815966552,1.8137445510384468e6,279601.25681169285
88,2024-10-07,UK,UK,1.1753367843702666e6,707570.2659304095,1.6313184927388038e6,276334.159781949
89,2024-10-14,UK,UK,1.3972565584355853e6,972631.1752760685,1.8332034087457084e6,253555.24527307868
90,2024-10-21,UK,UK,1.4661606219166676e6,1.052552962388346e6,1.8983059443118433e6,262930.13416998164
91,2024-10-28,UK,UK,1.563118255822091e6,1.1050090819929878e6,2.0218666421007907e6,277358.4674779146
92,2024-11-04,UK,UK,1.5523319133267668e6,1.0977652327028546e6,1.999490954504064e6,276373.8066477862
93,2024-11-11,UK,UK,2.1115947711920417e6,1.6770927459201443e6,2.548926688910896e6,278761.3914028244
94,2024-11-18,UK,UK,1.8332636018211478e6,1.407421878654889e6,2.262258737983011e6,258811.6758148377
95,2024-11-25,UK,UK,2.155973087621058e6,1.7123412833680168e6,2.586750093902616e6,270575.70257747575
96,2024-12-02,UK,UK,1.9878894635944555e6,1.4794414491200258e6,2.4374767373970347e6,289052.3329714835
97,2024-12-09,UK,UK,2.611741817400214e6,2.1503306994341123e6,3.068994654740477e6,273591.8201470947
98,2024-12-16,UK,UK,2.6434023825222207e6,2.1547476826680317e6,3.124900554405557e6,296575.9379647982
99,2024-12-23,UK,UK,2.8151198195658387e6,2.376188147817131e6,3.298108435264962e6,281441.4823419762
100,2024-12-30,UK,UK,2.4220363408682263e6,1.9451887155654528e6,2.9513915695422497e6,304240.7475140694
101,2025-01-06,UK,UK,2.8933561535699633e6,2.441774394259753e6,3.332233375089386e6,277066.6471711679
102,2025-01-13,UK,UK,2.739043163087088e6,2.2821805681057903e6,3.1971867822876154e6,276097.7869277608
103,2025-01-20,UK,UK,3.029388248701858e6,2.618363882157495e6,3.51723890844445e6,268045.87409682624
104,2025-01-27,UK,UK,2.691062648436172e6,2.224138364544109e6,3.135926313139259e6,280157.979363186
105,2023-02-06,FR,FR,2.7074336045254082e6,2.250288492139612e6,3.1720973297395683e6,285951.3838895851
106,2023-02-13,FR,FR,2.6001385020230743e6,2.1486903432523096e6,3.086621473592906e6,283534.1651576099
107,2023-02-20,FR,FR,2.5145481852760334e6,2.0316125730636783e6,2.9879544852436446e6,285945.62546061043
108,2023-02-27,FR,FR,2.9065161939947233e6,2.4305701731094224e6,3.3801882911915565e6,289586.12415204133
109,2023-03-06,FR,FR,2.4107444543267563e6,1.9421990810463931e6,2.8460594972480196e6,280129.2019653261
110,2023-03-13,FR,FR,2.7417321245876364e6,2.2464826131028645e6,3.1707452550120368e6,281640.5153714258
111,2023-03-20,FR,FR,2.3311735256049014e6,1.8509421808261354e6,2.770775541731316e6,269887.14824643556
112,2023-03-27,FR,FR,2.3978502172333025e6,1.916605763014843e6,2.8567806802164167e6,272281.12312985974
113,2023-04-03,FR,FR,2.072313730182353e6,1.617746192249028e6,2.4917120774997743e6,264751.42509510246
114,2023-04-10,FR,FR,1.9152065200423328e6,1.4685833344137555e6,2.3720133956421963e6,269719.38681208796
115,2023-04-17,FR,FR,1.91855900212754e6,1.4948177585215268e6,2.393012947730085e6,280406.6070875081
116,2023-04-24,FR,FR,1.8391722268786172e6,1.376124767982074e6,2.2786163032389153e6,266396.31402681937
117,2023-05-01,FR,FR,1.9399247416422374e6,1.4975707289657926e6,2.4494636463998393e6,277906.00398125633
118,2023-05-08,FR,FR,1.4865740636780846e6,1.010054843774025e6,1.9454928243419973e6,280787.1604206314
119,2023-05-15,FR,FR,1.7551315179182007e6,1.2910295284909753e6,2.2406118896726486e6,288065.68968539673
120,2023-05-22,FR,FR,1.5952923143350605e6,1.132121495491964e6,2.1009041176988636e6,285329.0691278065
121,2023-05-29,FR,FR,1.4697200054775795e6,1.0071740065272015e6,1.9824011714617473e6,299049.18277410953
122,2023-06-05,FR,FR,1.3456904254161175e6,881380.7339152056,1.8281601304878606e6,274218.45099742844
123,2023-06-12,FR,FR,1.5921627359502849e6,1.1185789821833824e6,2.1108453114694245e6,302700.5187570376
124,2023-06-19,FR,FR,1.2981079977678978e6,866256.6692263684,1.7380057442981773e6,262368.2434269904
125,2023-06-26,FR,FR,1.2218507012785557e6,734543.9361396135,1.665593524514052e6,290922.8971042339
126,2023-07-03,FR,FR,1.2997885272055068e6,892175.0785420407,1.7584185871201097e6,268993.3282675448
127,2023-07-10,FR,FR,1.0004250526555929e6,557362.3226829822,1.451829564001481e6,268910.1307620824
128,2023-07-17,FR,FR,1.1190923690046726e6,649881.4931743742,1.5922281777836466e6,291581.2901164209
129,2023-07-24,FR,FR,1.0154367078461462e6,563386.3872461459,1.5065151390037946e6,283285.9523426046
130,2023-07-31,FR,FR,1.0969723444460682e6,640536.1593120507,1.5978740763263123e6,289854.3387337018
131,2023-08-07,FR,FR,968134.8792870346,489749.04441671725,1.3948319371767435e6,272955.57233580726
132,2023-08-14,FR,FR,841152.2659036261,387371.9724540095,1.3022178645881782e6,290160.5397502853
133,2023-08-21,FR,FR,903902.5212664197,452596.7623861914,1.2955206113595865e6,255575.7954312137
134,2023-08-28,FR,FR,911643.4419502569,445103.7480535578,1.3965951790295595e6,293375.96801085817
135,2023-09-04,FR,FR,1.1531920904292876e6,729719.5659648695,1.6053584827742218e6,262611.91434726014
136,2023-09-11,FR,FR,939843.7877584366,509465.1194003654,1.3661005301963962e6,266052.0211278855
137,2023-09-18,FR,FR,1.097694342287895e6,626204.2786349289,1.511377383602842e6,268468.46897142276
138,2023-09-25,FR,FR,1.0157718112550225e6,549424.3500381032,1.4779203617646862e6,274317.44261478545
139,2023-10-02,FR,FR,1.2700637543302719e6,816715.1057811239,1.7062850359041614e6,278847.48787887854
140,2023-10-09,FR,FR,1.1684285383249053e6,682780.8926899233,1.6296303889503318e6,282697.7115761461
141,2023-10-16,FR,FR,1.6207437524552282e6,1.1532467988352776e6,2.0871213242384798e6,282048.54196881794
142,2023-10-23,FR,FR,1.352232703640279e6,924990.4166488887,1.8051105774212407e6,273505.5900889175
143,2023-10-30,FR,FR,1.5389928269440203e6,1.0974385543758597e6,2.0146234343122332e6,275561.5388480527
144,2023-11-06,FR,FR,1.50447227991695e6,982436.7868165165,1.9878686704083197e6,292780.4205326446
145,2023-11-13,FR,FR,1.8426677355913264e6,1.3897050608433995e6,2.268309588331366e6,279696.13742625504
146,2023-11-20,FR,FR,1.9340224286630235e6,1.4972185708157176e6,2.384088541174055e6,276220.4134114382
147,2023-11-27,FR,FR,1.9164388216922367e6,1.398133241831745e6,2.38210465296042e6,279066.1439303169
148,2023-12-04,FR,FR,2.2718862686797893e6,1.7888006611204958e6,2.7234246340438006e6,294126.5272048627
149,2023-12-11,FR,FR,2.101654493917237e6,1.63570504622321e6,2.5739264258379764e6,290915.840677416
150,2023-12-18,FR,FR,2.8199351139753372e6,2.326182399251208e6,3.2823143839878803e6,296231.518078487
151,2023-12-25,FR,FR,2.486759890675927e6,2.0223927157890138e6,2.974211612345564e6,288584.66377088526
152,2024-01-01,FR,FR,2.7870030813519415e6,2.3502084251804505e6,3.2323357446115916e6,269649.9066387965
153,2024-01-08,FR,FR,2.7053787338353083e6,2.217248475486237e6,3.1511203897755044e6,280920.0800314294
154,2024-01-15,FR,FR,3.0228741881732764e6,2.5611640369064515e6,3.468837312095494e6,281728.9349490952
155,2024-01-22,FR,FR,2.7979764102180963e6,2.293842698921729e6,3.2140369790886943e6,277273.4490609879
156,2024-01-29,FR,FR,2.855377296748161e6,2.427700547411165e6,3.3452670738473013e6,281885.0681550051
157,2024-02-05,FR,FR,2.723704646850996e6,2.31109315996643e6,3.1861779692685213e6,273787.316358284
158,2024-02-12,FR,FR,2.6600228444059812e6,2.2313479158653026e6,3.0744949861922218e6,265015.5458129513
159,2024-02-19,FR,FR,2.673120558012137e6,2.1601108553148955e6,3.1159041013246384e6,279315.4180249972
160,2024-02-26,FR,FR,2.4533869412567485e6,1.9818239581079804e6,2.9583351016904037e6,286417.6363423205
161,2024-03-04,FR,FR,2.4314630562467906e6,1.971655367020575e6,2.8919230325052454e6,280516.7673390007
162,2024-03-11,FR,FR,2.8873290335002965e6,2.4476723186940625e6,3.345801070046631e6,280826.3392158107
163,2024-03-18,FR,FR,2.9810726997038904e6,2.535124270577454e6,3.4309400481463945e6,287573.16923630144
164,2024-03-25,FR,FR,2.3891643941082596e6,1.9284449938706653e6,2.8334557890563514e6,268453.9319437235
165,2024-04-01,FR,FR,2.17807219759531e6,1.751252323756321e6,2.625883487537572e6,264935.13195623516
166,2024-04-08,FR,FR,2.2780779480126803e6,1.8065879402749257e6,2.7539531698470386e6,281707.87966637
167,2024-04-15,FR,FR,2.3426165289702383e6,1.9184383237104847e6,2.802112535855111e6,275796.79274685145
168,2024-04-22,FR,FR,1.8469433616595403e6,1.3794031984213793e6,2.2850341383580477e6,284200.20789570117
169,2024-04-29,FR,FR,1.8073754913749937e6,1.3189334531772756e6,2.2783952028526766e6,294851.67782042397
170,2024-05-06,FR,FR,1.4643060875153027e6,1.0095768600762408e6,1.8850702371885367e6,261430.65151833184
171,2024-05-13,FR,FR,1.8754651608128222e6,1.4148950979909885e6,2.359760852066655e6,299158.3772099116
172,2024-05-20,FR,FR,1.5609079890313454e6,1.1275002525641883e6,1.9895690019563348e6,275998.16579111555
173,2024-05-27,FR,FR,1.5519292634407387e6,1.1112767997160864e6,2.0502009139458349e6,283449.3070937381
174,2024-06-03,FR,FR,1.5071273818026765e6,1.0615295729480623e6,2.0047062766039132e6,277835.46897622116
175,2024-06-10,FR,FR,1.4238109197261436e6,971528.3619112653,1.908219348917789e6,283513.86687197565
176,2024-06-17,FR,FR,1.2819826107990027e6,809994.4615497887,1.740207449482832e6,278513.2853744023
177,2024-06-24,FR,FR,1.3651385857383497e6,860311.3097837747,1.847031030851108e6,299006.4320359729
178,2024-07-01,FR,FR,1.2942055758901492e6,832162.0210116494,1.7897361621902797e6,279021.620093858
179,2024-07-08,FR,FR,1.1123529981019413e6,671935.9610860442,1.5739972058186906e6,275324.052610352
180,2024-07-15,FR,FR,1.3786733380284228e6,912119.0246082575,1.8173290118814996e6,270104.9798397748
181,2024-07-22,FR,FR,1.1712763277663183e6,616214.6704124275,1.6238298537988353e6,291376.76614955126
182,2024-07-29,FR,FR,982835.96203599,529118.8409227199,1.424908650786799e6,274934.38796698727
183,2024-08-05,FR,FR,1.0776583972102941e6,619915.2526345882,1.5399223643827296e6,277395.1624924098
184,2024-08-12,FR,FR,887439.7070551591,440972.72124941525,1.329992148966081e6,270579.8212259248
185,2024-08-19,FR,FR,1.1285418267344504e6,715578.6243903473,1.5731374267372184e6,272512.16537297855
186,2024-08-26,FR,FR,951119.2684645662,493582.2052208853,1.4182877154780347e6,282541.2412843036
187,2024-09-02,FR,FR,1.209629080404315e6,753860.1939837087,1.6557003811765455e6,276548.37475243886
188,2024-09-09,FR,FR,1.0741034761364195e6,606845.2215467307,1.5150716313549597e6,276132.49499880575
189,2024-09-16,FR,FR,1.3202400655370874e6,890750.4524769596,1.7861007913491174e6,275824.8392409359
190,2024-09-23,FR,FR,1.1042070016100435e6,629237.9627000171,1.540342979290021e6,287347.23904261197
191,2024-09-30,FR,FR,1.3649101859890998e6,870953.9323035948,1.8652836333137006e6,297364.2336121704
192,2024-10-07,FR,FR,1.1988597542833893e6,758604.9182653221,1.6462075657847042e6,261551.6186138246
193,2024-10-14,FR,FR,1.3889346984102603e6,968824.2981072408,1.8757296229240985e6,272026.6946235459
194,2024-10-21,FR,FR,1.482654736718925e6,1.0122092250076367e6,1.9655893538121686e6,287887.93820763455
195,2024-10-28,FR,FR,1.5509138876941872e6,1.0631969312003732e6,2.0392032278206327e6,295203.18165040395
196,2024-11-04,FR,FR,1.5943663239814094e6,1.1498849115296365e6,2.0359889088853518e6,272820.8068865531
197,2024-11-11,FR,FR,2.0335532877239902e6,1.575853747344473e6,2.499799091692651e6,285270.50853484386
198,2024-11-18,FR,FR,1.8480759146659814e6,1.4194019000171493e6,2.324330465974488e6,281316.7183971506
199,2024-11-25,FR,FR,2.266131369510172e6,1.822914423883211e6,2.7498730770571996e6,275774.8592000285
200,2024-12-02,FR,FR,2.043940861569563e6,1.5799359489444334e6,2.499375583833017e6,276186.89801350486
201,2024-12-09,FR,FR,2.632234734394751e6,2.1756728276162073e6,3.086709501830906e6,287668.5796635132
202,2024-12-16,FR,FR,2.6611975376577643e6,2.217266793943118e6,3.1409353554327106e6,276407.62718060694
203,2024-12-23,FR,FR,2.8796386976908217e6,2.409419031500185e6,3.35254181403534e6,283959.3106748129
204,2024-12-30,FR,FR,2.510288807986422e6,2.0976008033543075e6,2.942734514416254e6,263766.2763085372
205,2025-01-06,FR,FR,2.8857782776420517e6,2.3994825169311007e6,3.3070070767589165e6,294631.71899483673
206,2025-01-13,FR,FR,2.7118647223446425e6,2.2721087863841504e6,3.1623481515474226e6,269476.65340798453
207,2025-01-20,FR,FR,3.002392271822198e6,2.556566857253744e6,3.4542272492295112e6,278684.69704823545
208,2025-01-27,FR,FR,2.6937665301873656e6,2.2013784722670624e6,3.187869815795737e6,301442.1218001117
209,2023-02-06,DE,DE,2.7142254628165364e6,2.198536512221886e6,3.222582907704244e6,309436.9684129447
210,2023-02-13,DE,DE,2.6681099117993168e6,2.1951113192949286e6,3.128036022484331e6,287351.34621422767
211,2023-02-20,DE,DE,2.523202642794504e6,2.0373019705050616e6,2.9920293078802098e6,290747.27977991366
212,2023-02-27,DE,DE,2.9294213745038086e6,2.4222587823435767e6,3.4374338254920673e6,299220.6632451759
213,2023-03-06,DE,DE,2.4722801273302455e6,2.0039096728300788e6,2.949484265599064e6,280214.96278144006
214,2023-03-13,DE,DE,2.7694488486269787e6,2.2921596262811455e6,3.2596134629128627e6,296415.7678643661
215,2023-03-20,DE,DE,2.419744374978323e6,1.927692931135413e6,2.920458255390914e6,292158.59115226025
216,2023-03-27,DE,DE,2.447287063200966e6,2.0274831138457707e6,2.9211649338146644e6,275146.70010362426
217,2023-04-03,DE,DE,2.0251998967414238e6,1.5891232886523171e6,2.4966810521394834e6,288816.9278003295
218,2023-04-10,DE,DE,1.9408965383161195e6,1.4957991243105042e6,2.385349703501988e6,280838.9259105431
219,2023-04-17,DE,DE,1.9531521607904544e6,1.5100922557428896e6,2.4463128860441274e6,285881.8590861491
220,2023-04-24,DE,DE,1.8554934426400065e6,1.3803338660901147e6,2.307258834086773e6,276068.18600145436
221,2023-05-01,DE,DE,1.9243841391444267e6,1.4425137752932264e6,2.4156975434918683e6,300566.1461506166
222,2023-05-08,DE,DE,1.5833074530787673e6,1.0807932206269293e6,2.0818967723072236e6,296086.5495918747
223,2023-05-15,DE,DE,1.757706283657954e6,1.261239197001207e6,2.2578446857769713e6,293698.06867007964
224,2023-05-22,DE,DE,1.6106977814373893e6,1.1505852650076665e6,2.0747202728664652e6,290113.7868943547
225,2023-05-29,DE,DE,1.4850322824089008e6,1.0281110877676726e6,1.8999540454915322e6,276307.7638800695
226,2023-06-05,DE,DE,1.3735885098619112e6,902092.200037315,1.8356818939568878e6,280617.5886096412
227,2023-06-12,DE,DE,1.6231210960802557e6,1.1854268269919823e6,2.1275954808478155e6,286415.86252640636
228,2023-06-19,DE,DE,1.2771679587210678e6,841108.8532859556,1.764452960214248e6,276283.1912625551
229,2023-06-26,DE,DE,1.195019864130308e6,706900.2818782195,1.653882710144865e6,288814.8869179963
230,2023-07-03,DE,DE,1.285668009836208e6,825405.4992385936,1.7311627817853035e6,274982.3435130452
231,2023-07-10,DE,DE,1.10656392237904e6,616155.3411379086,1.5762845603413363e6,290910.04447494546
232,2023-07-17,DE,DE,1.118186174195654e6,659641.3723895473,1.5962657073816475e6,292597.09176160285
233,2023-07-24,DE,DE,1.0051406374990994e6,529557.8682852574,1.4836543151224696e6,283353.38506457827
234,2023-07-31,DE,DE,1.083332031862756e6,596021.2553678373,1.5528910589162435e6,303057.20426206465
235,2023-08-07,DE,DE,960038.9371895603,498151.9298301993,1.3892656892679234e6,268999.4233448686
236,2023-08-14,DE,DE,922815.7028810824,508339.4355317119,1.3671797642502275e6,272448.4441708719
237,2023-08-21,DE,DE,902165.932798576,458813.4982573576,1.3311545744800535e6,260108.37578530092
238,2023-08-28,DE,DE,906432.6798158108,459052.76878795435,1.374149285247807e6,272962.93502195383
239,2023-09-04,DE,DE,1.1966577988922163e6,719063.1521010948,1.616817072789401e6,269737.162741013
240,2023-09-11,DE,DE,974513.6070485427,438794.05184307025,1.444468750584692e6,293325.44071342715
241,2023-09-18,DE,DE,1.0743521896754145e6,618370.8733601156,1.4959081447526237e6,258638.56593148384
242,2023-09-25,DE,DE,1.0091055554665622e6,532572.420586419,1.4723569836691474e6,271087.9169102829
243,2023-10-02,DE,DE,1.227736794725825e6,743052.8419529425,1.661741550864683e6,274464.2710971973
244,2023-10-09,DE,DE,1.173668663605375e6,702375.7807962495,1.6182299158587176e6,273040.9971769841
245,2023-10-16,DE,DE,1.6353563492640916e6,1.1724359730519643e6,2.0949532525351483e6,287277.92276237113
246,2023-10-23,DE,DE,1.3624422751681188e6,870000.0097339735,1.825701373332171e6,295173.8845222059
247,2023-10-30,DE,DE,1.6062378450922784e6,1.1200361647296385e6,2.0604436394250935e6,273335.5434858374
248,2023-11-06,DE,DE,1.5815608529344047e6,1.150163107249483e6,2.0425167470370103e6,285339.1554562739
249,2023-11-13,DE,DE,1.8181480326120744e6,1.3739084973446578e6,2.2749826604268514e6,286173.6860913645
250,2023-11-20,DE,DE,1.9731224356587315e6,1.5357429778717363e6,2.421423220736364e6,285740.9249823472
251,2023-11-27,DE,DE,1.9282339715362748e6,1.4371270011119926e6,2.363453812591661e6,286541.3930687674
252,2023-12-04,DE,DE,2.306926281130856e6,1.7988254104233517e6,2.8422739009051016e6,320293.4153396112
253,2023-12-11,DE,DE,2.1100614552755714e6,1.6457701051396485e6,2.578891724095787e6,280938.19593589107
254,2023-12-18,DE,DE,2.8389586728055947e6,2.371063764338412e6,3.3223212267652485e6,293590.5428883105
255,2023-12-25,DE,DE,2.420290308369441e6,1.9517523098994577e6,2.8904764196410556e6,296645.82203344523
256,2024-01-01,DE,DE,2.8142892283816063e6,2.3413311948657725e6,3.287694023864632e6,279032.7844178589
257,2024-01-08,DE,DE,2.757786252561603e6,2.2521599514732356e6,3.2317483057929412e6,284684.3367031526
258,2024-01-15,DE,DE,3.0538273734064554e6,2.5799777286602613e6,3.479295692476385e6,268091.30091484037
259,2024-01-22,DE,DE,2.8549659915189953e6,2.4054833245458016e6,3.332935750211797e6,273855.25184360245
260,2024-01-29,DE,DE,2.877102744884692e6,2.414111403124147e6,3.335666097886673e6,285748.8851056454
261,2024-02-05,DE,DE,2.763634623764886e6,2.3130232342515104e6,3.261282087267372e6,285381.1635139083
262,2024-02-12,DE,DE,2.6792833752892613e6,2.2209154289560323e6,3.110953784167084e6,283325.150637479
263,2024-02-19,DE,DE,2.6906640803945437e6,2.2402082904417897e6,3.1561501615504627e6,277404.0503511083
264,2024-02-26,DE,DE,2.4921060058442894e6,2.0500675970843078e6,2.9320752177693145e6,279084.2679560999
265,2024-03-04,DE,DE,2.443046765377308e6,1.9864749297702466e6,2.877360179405749e6,276411.401911133
266,2024-03-11,DE,DE,2.929139350445283e6,2.401377350407548e6,3.4667528082806524e6,316784.5400808921
267,2024-03-18,DE,DE,3.0226063156267023e6,2.549777756667406e6,3.5225643302268717e6,307124.68888568
268,2024-03-25,DE,DE,2.3769330707845874e6,1.9492705833160435e6,2.911657884060839e6,297307.90582115983
269,2024-04-01,DE,DE,2.239869414760716e6,1.7387975263590226e6,2.7087689935965324e6,294965.26441117283
270,2024-04-08,DE,DE,2.288066558930281e6,1.8466709295693545e6,2.766571448718594e6,281403.9630755547
271,2024-04-15,DE,DE,2.3790413466433943e6,1.9052639310489008e6,2.877551244147024e6,293539.4414344163
272,2024-04-22,DE,DE,1.8560278871808369e6,1.398156698094183e6,2.2956146890157876e6,280781.4625612935
273,2024-04-29,DE,DE,1.8303750628664617e6,1.402158645561144e6,2.3175491813421506e6,289274.0366659408
274,2024-05-06,DE,DE,1.5551731735428923e6,1.1010088998648769e6,1.9964776246791782e6,274145.54631758673
275,2024-05-13,DE,DE,1.9046614310991731e6,1.4265170629594096e6,2.4235989299908234e6,307857.1020288248
276,2024-05-20,DE,DE,1.552774545576938e6,1.1038581624437226e6,2.0415632197625479e6,286162.83299839724
277,2024-05-27,DE,DE,1.5253496444796345e6,1.0731506257815466e6,2.0099198877907859e6,279131.2314845396
278,2024-06-03,DE,DE,1.5057091913497408e6,1.0331300087274403e6,1.9591269327890016e6,281213.5938248901
279,2024-06-10,DE,DE,1.4716277890228815e6,1.0544544798559377e6,1.9436538800542033e6,278184.73227214295
280,2024-06-17,DE,DE,1.2900361696958728e6,863453.3907585129,1.761090473001969e6,273844.86496105604
281,2024-06-24,DE,DE,1.3703686507729578e6,933301.1295527885,1.836225972959537e6,279884.22183812474
282,2024-07-01,DE,DE,1.2850633504873964e6,840860.5557280369,1.756555182341436e6,289162.53474314534
283,2024-07-08,DE,DE,1.2601630603068916e6,809424.8358139376,1.6847907081946372e6,279807.2162418136
284,2024-07-15,DE,DE,1.3590133893710843e6,871356.0116069639,1.830712172150182e6,291891.44477758923
285,2024-07-22,DE,DE,1.1758431822767218e6,716227.354397888,1.6161884026269855e6,273384.073349403
286,2024-07-29,DE,DE,1.0048155372074427e6,538718.0785987966,1.471619482375405e6,285434.2000183536
287,2024-08-05,DE,DE,1.083448787967335e6,603879.4193416083,1.5874678632136325e6,287229.49615985405
288,2024-08-12,DE,DE,1.0006710767874309e6,548302.4301947356,1.4409596997678354e6,276346.90697148966
289,2024-08-19,DE,DE,1.1040839357627234e6,676570.5488294692,1.5732749170867216e6,277134.97917733574
290,2024-08-26,DE,DE,945863.1375202278,448441.44173393137,1.417475949914744e6,296259.08731583715
291,2024-09-02,DE,DE,1.205220376179216e6,706601.4546475239,1.635848504649321e6,277400.45907747565
292,2024-09-09,DE,DE,1.0896001469066606e6,638171.6740726922,1.5037308932690439e6,271946.66816509643
293,2024-09-16,DE,DE,1.3549279360785112e6,872378.0138370863,1.8556909869495647e6,295087.46626846056
294,2024-09-23,DE,DE,1.091349468020732e6,584287.2480883299,1.5544639950265745e6,285132.8761861046
295,2024-09-30,DE,DE,1.2857604528874063e6,793535.8358855883,1.7576788446824425e6,286195.0255714023
296,2024-10-07,DE,DE,1.2063960238246487e6,720274.3509407692,1.6743734052500916e6,295164.95602983446
297,2024-10-14,DE,DE,1.407975310280148e6,943288.1563821451,1.8959557366463463e6,276009.9054832526
298,2024-10-21,DE,DE,1.4789377991671988e6,982128.0553792224,1.9813019605527301e6,297515.48660585465
299,2024-10-28,DE,DE,1.625104811623455e6,1.1695197874542233e6,2.0697886060404528e6,272497.9787534256
300,2024-11-04,DE,DE,1.593094783024518e6,1.149461554682335e6,2.0176420040113642e6,273513.8442981159
301,2024-11-11,DE,DE,2.1473409568831366e6,1.7132719818644896e6,2.5869733150714873e6,275226.4635888916
302,2024-11-18,DE,DE,1.8573894601838384e6,1.3683022063294621e6,2.3346634301304175e6,291424.814096384
303,2024-11-25,DE,DE,2.2764333546585315e6,1.7994183537898439e6,2.765399949062973e6,286039.89127704664
304,2024-12-02,DE,DE,2.0350187465000618e6,1.5599870051597427e6,2.4898318042628686e6,281095.1110057409
305,2024-12-09,DE,DE,2.6390347659852942e6,2.2091589847784773e6,3.1449846072848956e6,288494.0210883087
306,2024-12-16,DE,DE,2.678786041563941e6,2.2050778934349883e6,3.1664504479469373e6,293874.6646280696
307,2024-12-23,DE,DE,2.8325375236924826e6,2.3409618759580147e6,3.375450619089415e6,308670.6778894841
308,2024-12-30,DE,DE,2.541504852274406e6,2.0773023664350489e6,3.015892054551167e6,285360.0949346688
309,2025-01-06,DE,DE,2.932317667379748e6,2.483576857338703e6,3.4079860699162907e6,278385.69410392834
310,2025-01-13,DE,DE,2.7744128166730576e6,2.313793601056435e6,3.2470112139895554e6,284338.69920466095
311,2025-01-20,DE,DE,3.067286897376555e6,2.577565780662596e6,3.5465951901292335e6,295281.92876671965
312,2025-01-27,DE,DE,2.707325259972276e6,2.2475081804456427e6,3.145136248352002e6,273245.2512205649
